{
"type": "FeatureCollection",
"name": "isochrone_padel_bintaro",
"crs": { "type": "name", "properties": { "name": "urn:ogc:def:crs:OGC:1.3:CRS84" } },
"features": [
{ "type": "Feature", "properties": { "name": "Backspin Padel" }, "geometry": { "type": "Polygon", "coordinates": [ [ [ 106.465549, -6.20766 ], [ 106.465553, -6.207661 ], [ 106.466482, -6.207816 ], [ 106.467482, -6.207915 ], [ 106.468459, -6.207979 ], [ 106.469584, -6.207993 ], [ 106.470508, -6.207955 ], [ 106.471359, -6.207873 ], [ 106.472052, -6.207779 ], [ 106.472947, -6.207617 ], [ 106.474336, -6.207324 ], [ 106.475059, -6.207133 ], [ 106.483613, -6.206381 ], [ 106.484496, -6.206315 ], [ 106.485122, -6.206158 ], [ 106.486554, -6.205726 ], [ 106.487325, -6.205368 ], [ 106.487717, -6.205114 ], [ 106.488189, -6.204651 ], [ 106.494053, -6.202291 ], [ 106.49715, -6.202986 ], [ 106.502601, -6.207516 ], [ 106.502315, -6.210587 ], [ 106.502265, -6.210851 ], [ 106.503596, -6.212654 ], [ 106.503668, -6.212671 ], [ 106.50817, -6.220402 ], [ 106.507167, -6.221018 ], [ 106.504935, -6.222384 ], [ 106.502792, -6.222979 ], [ 106.502249, -6.223206 ], [ 106.502081, -6.223594 ], [ 106.502177, -6.224698 ], [ 106.502336, -6.224887 ], [ 106.502624, -6.225186 ], [ 106.509924, -6.229354 ], [ 106.511304, -6.231192 ], [ 106.516029, -6.236394 ], [ 106.522263, -6.241528 ], [ 106.523068, -6.242407 ], [ 106.523114, -6.242433 ], [ 106.523833, -6.242652 ], [ 106.524686, -6.242538 ], [ 106.525843, -6.241904 ], [ 106.533611, -6.242398 ], [ 106.536895, -6.250566 ], [ 106.536845, -6.252007 ], [ 106.536932, -6.252135 ], [ 106.540098, -6.256349 ], [ 106.540237, -6.256449 ], [ 106.541458, -6.256543 ], [ 106.542644, -6.256464 ], [ 106.550444, -6.25945 ], [ 106.551427, -6.261273 ], [ 106.555081, -6.268794 ], [ 106.555391, -6.269944 ], [ 106.556534, -6.270841 ], [ 106.556668, -6.270856 ], [ 106.556952, -6.270783 ], [ 106.558579, -6.269645 ], [ 106.558616, -6.269493 ], [ 106.566051, -6.264444 ], [ 106.566095, -6.264452 ], [ 106.566098, -6.264453 ], [ 106.566141, -6.264461 ], [ 106.568125, -6.262057 ], [ 106.574725, -6.259666 ], [ 106.578138, -6.261142 ], [ 106.583085, -6.263478 ], [ 106.586058, -6.269247 ], [ 106.586758, -6.272669 ], [ 106.586759, -6.272699 ], [ 106.586911, -6.279693 ], [ 106.583581, -6.281678 ], [ 106.580369, -6.281484 ], [ 106.578252, -6.284044 ], [ 106.5783, -6.285033 ], [ 106.580539, -6.285755 ], [ 106.58524, -6.289992 ], [ 106.582249, -6.295201 ], [ 106.581998, -6.295475 ], [ 106.581992, -6.295502 ], [ 106.582781, -6.300199 ], [ 106.582806, -6.300313 ], [ 106.584009, -6.303599 ], [ 106.586099, -6.304078 ], [ 106.588276, -6.305041 ], [ 106.590632, -6.306677 ], [ 106.593838, -6.312977 ], [ 106.594054, -6.315225 ], [ 106.593163, -6.322349 ], [ 106.593023, -6.322856 ], [ 106.593, -6.323284 ], [ 106.593081, -6.3238 ], [ 106.593285, -6.324293 ], [ 106.593537, -6.324659 ], [ 106.593969, -6.325073 ], [ 106.594291, -6.325279 ], [ 106.594746, -6.325476 ], [ 106.595239, -6.325586 ], [ 106.595788, -6.325601 ], [ 106.596357, -6.325493 ], [ 106.601999, -6.323997 ], [ 106.603623, -6.323755 ], [ 106.605739, -6.323372 ], [ 106.60604, -6.323304 ], [ 106.60899, -6.322608 ], [ 106.611283, -6.322068 ], [ 106.612243, -6.32188 ], [ 106.613569, -6.321697 ], [ 106.615644, -6.321614 ], [ 106.617804, -6.321526 ], [ 106.623466, -6.327839 ], [ 106.625106, -6.330172 ], [ 106.625414, -6.33033 ], [ 106.632227, -6.335595 ], [ 106.632263, -6.342037 ], [ 106.632175, -6.342356 ], [ 106.633175, -6.347575 ], [ 106.633196, -6.347714 ], [ 106.633764, -6.351258 ], [ 106.634728, -6.358993 ], [ 106.634492, -6.36251 ], [ 106.635953, -6.364393 ], [ 106.636259, -6.364457 ], [ 106.637972, -6.363433 ], [ 106.638598, -6.361752 ], [ 106.640869, -6.356765 ], [ 106.649248, -6.357258 ], [ 106.651155, -6.358586 ], [ 106.651233, -6.358654 ], [ 106.651497, -6.358566 ], [ 106.652475, -6.357723 ], [ 106.652847, -6.357339 ], [ 106.652856, -6.356902 ], [ 106.653247, -6.354208 ], [ 106.656517, -6.349949 ], [ 106.657088, -6.349544 ], [ 106.661309, -6.347584 ], [ 106.665182, -6.346623 ], [ 106.668572, -6.347749 ], [ 106.670076, -6.348355 ], [ 106.670644, -6.348653 ], [ 106.671722, -6.349135 ], [ 106.67313, -6.349798 ], [ 106.670999, -6.358196 ], [ 106.669706, -6.358159 ], [ 106.668328, -6.358204 ], [ 106.6665, -6.358345 ], [ 106.665465, -6.359209 ], [ 106.665214, -6.360006 ], [ 106.665131, -6.361142 ], [ 106.665106, -6.361656 ], [ 106.664932, -6.364929 ], [ 106.664968, -6.365063 ], [ 106.665373, -6.3659 ], [ 106.665517, -6.366135 ], [ 106.666898, -6.367899 ], [ 106.667604, -6.369245 ], [ 106.670369, -6.372087 ], [ 106.66539, -6.379301 ], [ 106.662659, -6.379497 ], [ 106.66243, -6.379523 ], [ 106.655357, -6.379269 ], [ 106.655205, -6.379225 ], [ 106.652557, -6.379554 ], [ 106.652416, -6.379581 ], [ 106.650795, -6.380745 ], [ 106.651051, -6.383207 ], [ 106.652201, -6.384059 ], [ 106.656956, -6.385666 ], [ 106.65919, -6.386072 ], [ 106.666315, -6.389314 ], [ 106.669422, -6.393166 ], [ 106.67176, -6.394593 ], [ 106.672311, -6.394824 ], [ 106.674057, -6.393771 ], [ 106.681893, -6.39674 ], [ 106.682184, -6.397706 ], [ 106.683288, -6.398778 ], [ 106.686778, -6.406517 ], [ 106.686718, -6.407263 ], [ 106.688134, -6.408426 ], [ 106.690756, -6.413777 ], [ 106.688813, -6.417572 ], [ 106.688021, -6.418301 ], [ 106.685982, -6.421069 ], [ 106.680788, -6.424016 ], [ 106.679994, -6.425039 ], [ 106.679072, -6.426597 ], [ 106.679094, -6.426812 ], [ 106.679819, -6.427899 ], [ 106.676641, -6.43564 ], [ 106.670381, -6.433318 ], [ 106.669148, -6.432478 ], [ 106.668392, -6.432512 ], [ 106.666978, -6.433932 ], [ 106.666818, -6.435223 ], [ 106.668698, -6.441344 ], [ 106.668863, -6.44178 ], [ 106.668998, -6.442038 ], [ 106.672318, -6.449433 ], [ 106.669317, -6.454354 ], [ 106.66848, -6.455007 ], [ 106.668164, -6.455329 ], [ 106.667893, -6.455679 ], [ 106.667587, -6.456066 ], [ 106.667006, -6.456984 ], [ 106.666242, -6.458158 ], [ 106.667242, -6.4593 ], [ 106.66918, -6.460239 ], [ 106.671351, -6.458495 ], [ 106.67595, -6.45511 ], [ 106.682753, -6.457142 ], [ 106.682976, -6.45724 ], [ 106.683065, -6.457249 ], [ 106.68733, -6.457621 ], [ 106.692568, -6.463899 ], [ 106.693304, -6.465459 ], [ 106.69512, -6.467073 ], [ 106.696941, -6.467447 ], [ 106.700378, -6.467125 ], [ 106.707358, -6.471744 ], [ 106.707494, -6.471946 ], [ 106.707912, -6.47239 ], [ 106.71033, -6.474694 ], [ 106.713177, -6.477879 ], [ 106.713805, -6.478057 ], [ 106.719088, -6.481548 ], [ 106.721096, -6.485853 ], [ 106.721206, -6.486284 ], [ 106.721219, -6.486317 ], [ 106.721941, -6.487799 ], [ 106.722922, -6.490046 ], [ 106.726008, -6.492606 ], [ 106.727786, -6.50022 ], [ 106.72775, -6.500448 ], [ 106.728793, -6.502231 ], [ 106.73032, -6.50309 ], [ 106.731178, -6.503591 ], [ 106.731305, -6.50359 ], [ 106.734936, -6.503278 ], [ 106.739195, -6.502659 ], [ 106.741172, -6.502349 ], [ 106.743566, -6.501435 ], [ 106.745218, -6.50121 ], [ 106.752804, -6.50389 ], [ 106.752387, -6.510742 ], [ 106.752386, -6.510804 ], [ 106.75248, -6.518275 ], [ 106.752439, -6.518516 ], [ 106.754557, -6.521215 ], [ 106.755943, -6.522285 ], [ 106.758098, -6.52499 ], [ 106.759316, -6.531645 ], [ 106.759295, -6.531983 ], [ 106.760785, -6.533546 ], [ 106.767809, -6.537187 ], [ 106.770215, -6.537322 ], [ 106.770229, -6.537311 ], [ 106.770768, -6.535137 ], [ 106.769356, -6.530053 ], [ 106.769334, -6.529979 ], [ 106.767541, -6.527703 ], [ 106.765469, -6.522767 ], [ 106.765294, -6.521993 ], [ 106.763943, -6.520268 ], [ 106.761642, -6.518249 ], [ 106.763017, -6.510427 ], [ 106.763665, -6.509902 ], [ 106.763913, -6.509694 ], [ 106.763936, -6.50945 ], [ 106.763951, -6.509315 ], [ 106.764173, -6.507539 ], [ 106.772271, -6.505201 ], [ 106.772951, -6.50539 ], [ 106.774346, -6.506022 ], [ 106.774402, -6.506006 ], [ 106.774875, -6.505771 ], [ 106.775224, -6.505426 ], [ 106.775252, -6.505387 ], [ 106.775822, -6.503003 ], [ 106.775816, -6.502949 ], [ 106.775606, -6.500399 ], [ 106.775597, -6.500347 ], [ 106.775597, -6.500343 ], [ 106.775588, -6.500291 ], [ 106.775868, -6.494614 ], [ 106.774905, -6.492535 ], [ 106.774846, -6.492253 ], [ 106.778527, -6.485421 ], [ 106.782368, -6.485965 ], [ 106.782425, -6.48598 ], [ 106.790057, -6.4876 ], [ 106.790157, -6.487611 ], [ 106.792025, -6.486259 ], [ 106.792745, -6.484939 ], [ 106.792777, -6.484758 ], [ 106.796545, -6.478008 ], [ 106.798442, -6.47693 ], [ 106.80149, -6.475785 ], [ 106.801509, -6.475721 ], [ 106.801523, -6.475606 ], [ 106.801517, -6.475546 ], [ 106.800937, -6.475085 ], [ 106.799291, -6.473033 ], [ 106.797438, -6.467181 ], [ 106.802818, -6.464431 ], [ 106.802862, -6.464431 ], [ 106.804696, -6.463059 ], [ 106.804667, -6.462531 ], [ 106.804663, -6.454584 ], [ 106.806863, -6.451469 ], [ 106.80826, -6.449637 ], [ 106.80826, -6.449622 ], [ 106.809051, -6.443531 ], [ 106.809945, -6.439834 ], [ 106.809972, -6.439759 ], [ 106.809993, -6.439698 ], [ 106.813149, -6.432484 ], [ 106.813156, -6.432464 ], [ 106.814835, -6.427117 ], [ 106.818255, -6.42239 ], [ 106.823333, -6.420382 ], [ 106.824678, -6.420072 ], [ 106.828528, -6.418657 ], [ 106.836842, -6.421258 ], [ 106.838022, -6.423382 ], [ 106.838037, -6.423394 ], [ 106.838191, -6.42342 ], [ 106.838642, -6.423443 ], [ 106.844463, -6.426993 ], [ 106.839977, -6.432753 ], [ 106.837206, -6.433271 ], [ 106.836977, -6.433644 ], [ 106.836929, -6.433744 ], [ 106.83697, -6.434733 ], [ 106.837166, -6.43503 ], [ 106.840734, -6.44114 ], [ 106.842623, -6.444669 ], [ 106.843527, -6.446609 ], [ 106.844165, -6.447689 ], [ 106.848089, -6.45176 ], [ 106.849382, -6.453604 ], [ 106.851212, -6.455576 ], [ 106.852336, -6.457419 ], [ 106.850527, -6.464688 ], [ 106.848097, -6.470468 ], [ 106.85074, -6.472912 ], [ 106.8593, -6.471011 ], [ 106.861411, -6.470343 ], [ 106.86142, -6.470327 ], [ 106.861301, -6.468018 ], [ 106.860376, -6.463468 ], [ 106.859626, -6.461396 ], [ 106.858855, -6.45419 ], [ 106.864895, -6.448446 ], [ 106.866218, -6.447627 ], [ 106.866467, -6.44736 ], [ 106.866598, -6.447087 ], [ 106.866001, -6.44502 ], [ 106.865243, -6.441762 ], [ 106.864657, -6.440507 ], [ 106.864139, -6.439532 ], [ 106.869497, -6.432915 ], [ 106.872097, -6.432916 ], [ 106.872158, -6.432845 ], [ 106.873338, -6.430542 ], [ 106.875528, -6.427684 ], [ 106.875933, -6.427248 ], [ 106.875972, -6.427199 ], [ 106.875801, -6.424842 ], [ 106.878008, -6.419015 ], [ 106.885331, -6.421471 ], [ 106.886684, -6.423105 ], [ 106.887533, -6.42431 ], [ 106.88811, -6.424923 ], [ 106.892775, -6.432618 ], [ 106.892622, -6.433368 ], [ 106.892136, -6.4362 ], [ 106.891649, -6.439033 ], [ 106.891163, -6.441865 ], [ 106.890683, -6.444664 ], [ 106.889807, -6.447658 ], [ 106.888665, -6.449938 ], [ 106.891883, -6.451551 ], [ 106.893026, -6.449272 ], [ 106.893254, -6.448773 ], [ 106.893453, -6.448268 ], [ 106.893682, -6.447599 ], [ 106.893875, -6.446933 ], [ 106.894025, -6.446334 ], [ 106.894218, -6.445341 ], [ 106.894711, -6.442475 ], [ 106.895197, -6.439642 ], [ 106.895684, -6.436809 ], [ 106.897292, -6.430109 ], [ 106.898053, -6.427758 ], [ 106.898342, -6.426663 ], [ 106.898653, -6.425164 ], [ 106.900169, -6.419744 ], [ 106.900214, -6.419109 ], [ 106.900011, -6.411636 ], [ 106.900352, -6.40814 ], [ 106.900378, -6.407421 ], [ 106.900369, -6.406507 ], [ 106.900261, -6.404342 ], [ 106.900168, -6.40349 ], [ 106.899992, -6.402449 ], [ 106.899316, -6.399544 ], [ 106.898661, -6.396742 ], [ 106.903925, -6.390684 ], [ 106.906319, -6.391231 ], [ 106.907484, -6.391403 ], [ 106.908014, -6.39146 ], [ 106.908636, -6.391492 ], [ 106.909317, -6.391474 ], [ 106.909908, -6.391421 ], [ 106.910545, -6.391307 ], [ 106.911069, -6.391185 ], [ 106.911609, -6.391032 ], [ 106.912201, -6.390825 ], [ 106.912847, -6.390539 ], [ 106.913485, -6.390205 ], [ 106.914201, -6.389753 ], [ 106.915147, -6.388966 ], [ 106.915913, -6.388152 ], [ 106.917098, -6.386696 ], [ 106.925584, -6.384208 ], [ 106.925874, -6.384208 ], [ 106.933698, -6.385555 ], [ 106.936422, -6.386216 ], [ 106.937227, -6.38645 ], [ 106.937925, -6.386601 ], [ 106.938694, -6.386724 ], [ 106.946009, -6.388847 ], [ 106.948211, -6.388915 ], [ 106.94927, -6.388122 ], [ 106.957173, -6.386329 ], [ 106.958613, -6.386759 ], [ 106.959516, -6.386941 ], [ 106.960401, -6.387055 ], [ 106.961101, -6.387083 ], [ 106.961779, -6.387063 ], [ 106.962417, -6.38699 ], [ 106.963114, -6.386851 ], [ 106.963896, -6.386629 ], [ 106.964535, -6.386388 ], [ 106.965231, -6.386054 ], [ 106.965829, -6.385705 ], [ 106.966445, -6.385288 ], [ 106.966994, -6.384838 ], [ 106.974158, -6.379991 ], [ 106.972876, -6.376627 ], [ 106.972022, -6.37689 ], [ 106.971389, -6.377201 ], [ 106.970697, -6.37752 ], [ 106.97004, -6.377854 ], [ 106.969017, -6.378477 ], [ 106.967928, -6.379262 ], [ 106.967353, -6.379732 ], [ 106.96673, -6.380278 ], [ 106.95822, -6.382885 ], [ 106.954866, -6.382247 ], [ 106.954327, -6.382252 ], [ 106.949198, -6.381385 ], [ 106.948523, -6.381258 ], [ 106.947905, -6.381273 ], [ 106.946347, -6.381758 ], [ 106.944826, -6.38208 ], [ 106.943774, -6.382434 ], [ 106.943079, -6.382651 ], [ 106.939035, -6.38314 ], [ 106.938514, -6.383049 ], [ 106.932361, -6.37674 ], [ 106.932115, -6.376552 ], [ 106.929962, -6.376925 ], [ 106.923843, -6.374694 ], [ 106.925756, -6.366669 ], [ 106.92877, -6.365241 ], [ 106.930965, -6.364199 ], [ 106.93256, -6.363856 ], [ 106.933851, -6.362992 ], [ 106.939845, -6.361048 ], [ 106.942717, -6.358835 ], [ 106.943697, -6.357837 ], [ 106.944236, -6.357233 ], [ 106.945855, -6.35272 ], [ 106.945881, -6.352591 ], [ 106.945404, -6.344317 ], [ 106.941967, -6.343246 ], [ 106.939382, -6.338711 ], [ 106.945018, -6.33269 ], [ 106.947153, -6.331549 ], [ 106.947745, -6.331047 ], [ 106.950066, -6.328476 ], [ 106.952, -6.326684 ], [ 106.958973, -6.325609 ], [ 106.959227, -6.325666 ], [ 106.966346, -6.328308 ], [ 106.967583, -6.33021 ], [ 106.967621, -6.330221 ], [ 106.968183, -6.330118 ], [ 106.969868, -6.329055 ], [ 106.972529, -6.323879 ], [ 106.973682, -6.320468 ], [ 106.974414, -6.312918 ], [ 106.974399, -6.311935 ], [ 106.974417, -6.310491 ], [ 106.978075, -6.304526 ], [ 106.983331, -6.303942 ], [ 106.983379, -6.303946 ], [ 106.9852, -6.302858 ], [ 106.986744, -6.30085 ], [ 106.987914, -6.299461 ], [ 106.991089, -6.296617 ], [ 106.991535, -6.296298 ], [ 106.991834, -6.294828 ], [ 106.994806, -6.289336 ], [ 107.001842, -6.291087 ], [ 107.002981, -6.292977 ], [ 107.003026, -6.292996 ], [ 107.00306, -6.29301 ], [ 107.003151, -6.293045 ], [ 107.005006, -6.292805 ], [ 107.01355, -6.294707 ], [ 107.015036, -6.29657 ], [ 107.015051, -6.296573 ], [ 107.017074, -6.295444 ], [ 107.021846, -6.289364 ], [ 107.02415, -6.288626 ], [ 107.026619, -6.284791 ], [ 107.030223, -6.281303 ], [ 107.030364, -6.280813 ], [ 107.030532, -6.275641 ], [ 107.039167, -6.277272 ], [ 107.039485, -6.279772 ], [ 107.039494, -6.279779 ], [ 107.045552, -6.282766 ], [ 107.045899, -6.282869 ], [ 107.047726, -6.283188 ], [ 107.050996, -6.283541 ], [ 107.056747, -6.286793 ], [ 107.056761, -6.286804 ], [ 107.058935, -6.286983 ], [ 107.059281, -6.286571 ], [ 107.065999, -6.282347 ], [ 107.06897, -6.283256 ], [ 107.069045, -6.283284 ], [ 107.070814, -6.283809 ], [ 107.072086, -6.28422 ], [ 107.072642, -6.284356 ], [ 107.074971, -6.285117 ], [ 107.076687, -6.285611 ], [ 107.077856, -6.286013 ], [ 107.080742, -6.28691 ], [ 107.083618, -6.287803 ], [ 107.086177, -6.288614 ], [ 107.088693, -6.28941 ], [ 107.092473, -6.2908 ], [ 107.097258, -6.292785 ], [ 107.102593, -6.295432 ], [ 107.104998, -6.29677 ], [ 107.108745, -6.298926 ], [ 107.112492, -6.301082 ], [ 107.114288, -6.297962 ], [ 107.110541, -6.295806 ], [ 107.106794, -6.29365 ], [ 107.104344, -6.292286 ], [ 107.101235, -6.29066 ], [ 107.100437, -6.290233 ], [ 107.098756, -6.289471 ], [ 107.097075, -6.288709 ], [ 107.095943, -6.288215 ], [ 107.095145, -6.287895 ], [ 107.093329, -6.287201 ], [ 107.086452, -6.283256 ], [ 107.083637, -6.281013 ], [ 107.076924, -6.281731 ], [ 107.075713, -6.28154 ], [ 107.073708, -6.280918 ], [ 107.072259, -6.280335 ], [ 107.071226, -6.28006 ], [ 107.070004, -6.279808 ], [ 107.067058, -6.278906 ], [ 107.063381, -6.275272 ], [ 107.060162, -6.270627 ], [ 107.067307, -6.265721 ], [ 107.067504, -6.265757 ], [ 107.068841, -6.265281 ], [ 107.068858, -6.265265 ], [ 107.06934, -6.264508 ], [ 107.069393, -6.264346 ], [ 107.068148, -6.262215 ], [ 107.062326, -6.258496 ], [ 107.060223, -6.254435 ], [ 107.05663, -6.254213 ], [ 107.048586, -6.250834 ], [ 107.044257, -6.245356 ], [ 107.04383, -6.242228 ], [ 107.04276, -6.241089 ], [ 107.041971, -6.240534 ], [ 107.038009, -6.238774 ], [ 107.037861, -6.238695 ], [ 107.032779, -6.233902 ], [ 107.031934, -6.227598 ], [ 107.031748, -6.227095 ], [ 107.031049, -6.225104 ], [ 107.030938, -6.225065 ], [ 107.030803, -6.225023 ], [ 107.030689, -6.224992 ], [ 107.023258, -6.222414 ], [ 107.019836, -6.221935 ], [ 107.019705, -6.221934 ], [ 107.019063, -6.222047 ], [ 107.011083, -6.221151 ], [ 107.00556, -6.214114 ], [ 107.005597, -6.213847 ], [ 107.004449, -6.212663 ], [ 107.004188, -6.212541 ], [ 107.003929, -6.212456 ], [ 107.002032, -6.213347 ], [ 107.001947, -6.213615 ], [ 106.999088, -6.218947 ], [ 106.999036, -6.218993 ], [ 106.995589, -6.220675 ], [ 106.988438, -6.215589 ], [ 106.987955, -6.213637 ], [ 106.987069, -6.210115 ], [ 106.986723, -6.208151 ], [ 106.988089, -6.201936 ], [ 106.995546, -6.200997 ], [ 106.998222, -6.202576 ], [ 106.998297, -6.202622 ], [ 107.000689, -6.201988 ], [ 107.000701, -6.201967 ], [ 107.00017, -6.199548 ], [ 106.998936, -6.196469 ], [ 106.998729, -6.196324 ], [ 106.996301, -6.197128 ], [ 106.992369, -6.189126 ], [ 106.992289, -6.188475 ], [ 106.992238, -6.188174 ], [ 106.986003, -6.183303 ], [ 106.984454, -6.181481 ], [ 106.982648, -6.180866 ], [ 106.981355, -6.180384 ], [ 106.976384, -6.175215 ], [ 106.976227, -6.172314 ], [ 106.976304, -6.170596 ], [ 106.973259, -6.164821 ], [ 106.969047, -6.162787 ], [ 106.968469, -6.163162 ], [ 106.968172, -6.163382 ], [ 106.967865, -6.163671 ], [ 106.964215, -6.166137 ], [ 106.959086, -6.159117 ], [ 106.960836, -6.157345 ], [ 106.960836, -6.157342 ], [ 106.957208, -6.153134 ], [ 106.955382, -6.151951 ], [ 106.950079, -6.145615 ], [ 106.949739, -6.145605 ], [ 106.94236, -6.1423 ], [ 106.940573, -6.136777 ], [ 106.940585, -6.136381 ], [ 106.94058, -6.135989 ], [ 106.940579, -6.13578 ], [ 106.940575, -6.135491 ], [ 106.940577, -6.1353 ], [ 106.945543, -6.127861 ], [ 106.946016, -6.127684 ], [ 106.946477, -6.127461 ], [ 106.946936, -6.127175 ], [ 106.947342, -6.126851 ], [ 106.956243, -6.126373 ], [ 106.956819, -6.126672 ], [ 106.95724, -6.126709 ], [ 106.958633, -6.125989 ], [ 106.965408, -6.121065 ], [ 106.96751, -6.120548 ], [ 106.969613, -6.120031 ], [ 106.971976, -6.119451 ], [ 106.97435, -6.118868 ], [ 106.977704, -6.118016 ], [ 106.978313, -6.117825 ], [ 106.98006, -6.117239 ], [ 106.9817, -6.116616 ], [ 106.983818, -6.115755 ], [ 106.985894, -6.114911 ], [ 106.989096, -6.113817 ], [ 106.993595, -6.112807 ], [ 106.994673, -6.112647 ], [ 106.994144, -6.109086 ], [ 106.993066, -6.109246 ], [ 106.990738, -6.109542 ], [ 106.989776, -6.109895 ], [ 106.988124, -6.110351 ], [ 106.986113, -6.110983 ], [ 106.984622, -6.111544 ], [ 106.982463, -6.11242 ], [ 106.980345, -6.11328 ], [ 106.978781, -6.113874 ], [ 106.977172, -6.114411 ], [ 106.970887, -6.109328 ], [ 106.972431, -6.105824 ], [ 106.972729, -6.104731 ], [ 106.972867, -6.104125 ], [ 106.972859, -6.104094 ], [ 106.97045, -6.102819 ], [ 106.962394, -6.100931 ], [ 106.954459, -6.097549 ], [ 106.953973, -6.097553 ], [ 106.950564, -6.097582 ], [ 106.947382, -6.097609 ], [ 106.944808, -6.097631 ], [ 106.938716, -6.094322 ], [ 106.938163, -6.094325 ], [ 106.935856, -6.094322 ], [ 106.935012, -6.094398 ], [ 106.934331, -6.094475 ], [ 106.933722, -6.094569 ], [ 106.93101, -6.09508 ], [ 106.925061, -6.090752 ], [ 106.921461, -6.090764 ], [ 106.919064, -6.094091 ], [ 106.918431, -6.094727 ], [ 106.911263, -6.098693 ], [ 106.902568, -6.096426 ], [ 106.900139, -6.095995 ], [ 106.897754, -6.0959 ], [ 106.890023, -6.097388 ], [ 106.885785, -6.094588 ], [ 106.885195, -6.094423 ], [ 106.882216, -6.094112 ], [ 106.881609, -6.094108 ], [ 106.878925, -6.097146 ], [ 106.878498, -6.097742 ], [ 106.87496, -6.102017 ], [ 106.869903, -6.105125 ], [ 106.865242, -6.108405 ], [ 106.864713, -6.108792 ], [ 106.864313, -6.10936 ], [ 106.86241, -6.112374 ], [ 106.856204, -6.115378 ], [ 106.855805, -6.115438 ], [ 106.849724, -6.118323 ], [ 106.847334, -6.118981 ], [ 106.845192, -6.11938 ], [ 106.84489, -6.119445 ], [ 106.844335, -6.119641 ], [ 106.840373, -6.121521 ], [ 106.83543, -6.121605 ], [ 106.829144, -6.118714 ], [ 106.820578, -6.116935 ], [ 106.818102, -6.115742 ], [ 106.817245, -6.115619 ], [ 106.809042, -6.116164 ], [ 106.80683, -6.110771 ], [ 106.806645, -6.109863 ], [ 106.80542, -6.10608 ], [ 106.805221, -6.105018 ], [ 106.804891, -6.101888 ], [ 106.804849, -6.101587 ], [ 106.804806, -6.101347 ], [ 106.804672, -6.100592 ], [ 106.804557, -6.099947 ], [ 106.804411, -6.099125 ], [ 106.804263, -6.098289 ], [ 106.804117, -6.097472 ], [ 106.803887, -6.096174 ], [ 106.803785, -6.095601 ], [ 106.803705, -6.095151 ], [ 106.803136, -6.094689 ], [ 106.800015, -6.096884 ], [ 106.799234, -6.098191 ], [ 106.799361, -6.098947 ], [ 106.799612, -6.100534 ], [ 106.799841, -6.101801 ], [ 106.796855, -6.109 ], [ 106.79193, -6.109899 ], [ 106.790052, -6.109798 ], [ 106.789919, -6.109792 ], [ 106.782896, -6.111219 ], [ 106.780881, -6.108071 ], [ 106.776497, -6.103987 ], [ 106.775848, -6.103423 ], [ 106.775635, -6.10334 ], [ 106.769319, -6.102662 ], [ 106.761145, -6.1047 ], [ 106.753176, -6.106158 ], [ 106.750393, -6.102516 ], [ 106.751148, -6.096044 ], [ 106.751315, -6.095522 ], [ 106.751433, -6.09508 ], [ 106.754244, -6.09068 ], [ 106.754784, -6.089825 ], [ 106.754876, -6.08903 ], [ 106.755035, -6.085547 ], [ 106.756496, -6.080789 ], [ 106.756608, -6.080427 ], [ 106.756131, -6.078551 ], [ 106.75309, -6.079623 ], [ 106.752365, -6.080261 ], [ 106.750973, -6.081463 ], [ 106.75048, -6.082031 ], [ 106.749135, -6.085 ], [ 106.740901, -6.086433 ], [ 106.739734, -6.085436 ], [ 106.73943, -6.085152 ], [ 106.737378, -6.083489 ], [ 106.736225, -6.082636 ], [ 106.735274, -6.081839 ], [ 106.734144, -6.081363 ], [ 106.727286, -6.083886 ], [ 106.725094, -6.083083 ], [ 106.722907, -6.08128 ], [ 106.721596, -6.080016 ], [ 106.720029, -6.077617 ], [ 106.717619, -6.074462 ], [ 106.717141, -6.073651 ], [ 106.715513, -6.071279 ], [ 106.715067, -6.070514 ], [ 106.712007, -6.062581 ], [ 106.711853, -6.061763 ], [ 106.711699, -6.060946 ], [ 106.711546, -6.060135 ], [ 106.711394, -6.059323 ], [ 106.708425, -6.051558 ], [ 106.705387, -6.049626 ], [ 106.704784, -6.049355 ], [ 106.703122, -6.048695 ], [ 106.702599, -6.048488 ], [ 106.702295, -6.048378 ], [ 106.701311, -6.048113 ], [ 106.70033, -6.047919 ], [ 106.697546, -6.047582 ], [ 106.697117, -6.047595 ], [ 106.695007, -6.048177 ], [ 106.694199, -6.050389 ], [ 106.68752, -6.055934 ], [ 106.685645, -6.057307 ], [ 106.678736, -6.060384 ], [ 106.677575, -6.062585 ], [ 106.677302, -6.063201 ], [ 106.672756, -6.069943 ], [ 106.668339, -6.072387 ], [ 106.661853, -6.072438 ], [ 106.658474, -6.069995 ], [ 106.657497, -6.069778 ], [ 106.652945, -6.069944 ], [ 106.652669, -6.069942 ], [ 106.650853, -6.071234 ], [ 106.650834, -6.071319 ], [ 106.65152, -6.073353 ], [ 106.653895, -6.076939 ], [ 106.6539, -6.076946 ], [ 106.656926, -6.078199 ], [ 106.65708, -6.078218 ], [ 106.661895, -6.079284 ], [ 106.665319, -6.08706 ], [ 106.664053, -6.088429 ], [ 106.663793, -6.089573 ], [ 106.663813, -6.089676 ], [ 106.660902, -6.097036 ], [ 106.658317, -6.09724 ], [ 106.658159, -6.09728 ], [ 106.654858, -6.099488 ], [ 106.649924, -6.102904 ], [ 106.641033, -6.104234 ], [ 106.638916, -6.103383 ], [ 106.63831, -6.103358 ], [ 106.636281, -6.103947 ], [ 106.636093, -6.104507 ], [ 106.635283, -6.106664 ], [ 106.631358, -6.113358 ], [ 106.627069, -6.11945 ], [ 106.622353, -6.12197 ], [ 106.622285, -6.121996 ], [ 106.615663, -6.126238 ], [ 106.614356, -6.127228 ], [ 106.613977, -6.127578 ], [ 106.612142, -6.132874 ], [ 106.612404, -6.135208 ], [ 106.61282, -6.136167 ], [ 106.61467, -6.144181 ], [ 106.61433, -6.145119 ], [ 106.614175, -6.145616 ], [ 106.614083, -6.146059 ], [ 106.613997, -6.146759 ], [ 106.613521, -6.149013 ], [ 106.605623, -6.151312 ], [ 106.601041, -6.14748 ], [ 106.599878, -6.146192 ], [ 106.598274, -6.144397 ], [ 106.598083, -6.144363 ], [ 106.592289, -6.145362 ], [ 106.59117, -6.145457 ], [ 106.58976, -6.145675 ], [ 106.588105, -6.146692 ], [ 106.587251, -6.14736 ], [ 106.587088, -6.147554 ], [ 106.585067, -6.153597 ], [ 106.585133, -6.154045 ], [ 106.586638, -6.160701 ], [ 106.584393, -6.16689 ], [ 106.581204, -6.168027 ], [ 106.577121, -6.167858 ], [ 106.576619, -6.168247 ], [ 106.576355, -6.168482 ], [ 106.576027, -6.168867 ], [ 106.575225, -6.169696 ], [ 106.568976, -6.172052 ], [ 106.565647, -6.170684 ], [ 106.565471, -6.170659 ], [ 106.563877, -6.170505 ], [ 106.562009, -6.171644 ], [ 106.561935, -6.171799 ], [ 106.562499, -6.173831 ], [ 106.56394, -6.17766 ], [ 106.564694, -6.179835 ], [ 106.564928, -6.181483 ], [ 106.565521, -6.183588 ], [ 106.559739, -6.189136 ], [ 106.558744, -6.189126 ], [ 106.552364, -6.191999 ], [ 106.549146, -6.192646 ], [ 106.545256, -6.196187 ], [ 106.545071, -6.196585 ], [ 106.544074, -6.198378 ], [ 106.537912, -6.204852 ], [ 106.533562, -6.204092 ], [ 106.531381, -6.203817 ], [ 106.529079, -6.203679 ], [ 106.523452, -6.197487 ], [ 106.523306, -6.197305 ], [ 106.522942, -6.197218 ], [ 106.522536, -6.19728 ], [ 106.516361, -6.198533 ], [ 106.512026, -6.196951 ], [ 106.511875, -6.196977 ], [ 106.510591, -6.197915 ], [ 106.504317, -6.200899 ], [ 106.501126, -6.200186 ], [ 106.497936, -6.199473 ], [ 106.494651, -6.198741 ], [ 106.492835, -6.198439 ], [ 106.491442, -6.1983 ], [ 106.490722, -6.198261 ], [ 106.489525, -6.198256 ], [ 106.488777, -6.198291 ], [ 106.487838, -6.198376 ], [ 106.486395, -6.198595 ], [ 106.485796, -6.198718 ], [ 106.484633, -6.199013 ], [ 106.483424, -6.199398 ], [ 106.482524, -6.199745 ], [ 106.481916, -6.200004 ], [ 106.480602, -6.2006 ], [ 106.480011, -6.200888 ], [ 106.4768, -6.202612 ], [ 106.475703, -6.20308 ], [ 106.472299, -6.204075 ], [ 106.466279, -6.204135 ], [ 106.465549, -6.20766 ] ] ] } },
{ "type": "Feature", "properties": { "name": "Bay Padel" }, "geometry": { "type": "Polygon", "coordinates": [ [ [ 106.443899, -6.201717 ], [ 106.446027, -6.201924 ], [ 106.448533, -6.202167 ], [ 106.456935, -6.205247 ], [ 106.457691, -6.205805 ], [ 106.458327, -6.206022 ], [ 106.46353, -6.207155 ], [ 106.465297, -6.207606 ], [ 106.466482, -6.207816 ], [ 106.467482, -6.207915 ], [ 106.468459, -6.207979 ], [ 106.469584, -6.207993 ], [ 106.470508, -6.207955 ], [ 106.471359, -6.207873 ], [ 106.472052, -6.207779 ], [ 106.4796, -6.211828 ], [ 106.480795, -6.212977 ], [ 106.484636, -6.214398 ], [ 106.48481, -6.214396 ], [ 106.491602, -6.217518 ], [ 106.492576, -6.21935 ], [ 106.492854, -6.219438 ], [ 106.49298, -6.219473 ], [ 106.496196, -6.221191 ], [ 106.498177, -6.222968 ], [ 106.497499, -6.230146 ], [ 106.499181, -6.233328 ], [ 106.502937, -6.233555 ], [ 106.50302, -6.233558 ], [ 106.509592, -6.233168 ], [ 106.512744, -6.238941 ], [ 106.513128, -6.240771 ], [ 106.514534, -6.242613 ], [ 106.517965, -6.250833 ], [ 106.518576, -6.25272 ], [ 106.51962, -6.253407 ], [ 106.520662, -6.253942 ], [ 106.520715, -6.253932 ], [ 106.525596, -6.251016 ], [ 106.533479, -6.253025 ], [ 106.534505, -6.260618 ], [ 106.535415, -6.262455 ], [ 106.536061, -6.262816 ], [ 106.536904, -6.263249 ], [ 106.537124, -6.263318 ], [ 106.543361, -6.262486 ], [ 106.548198, -6.269754 ], [ 106.548082, -6.270336 ], [ 106.5523, -6.27715 ], [ 106.552297, -6.282342 ], [ 106.553618, -6.283873 ], [ 106.555821, -6.283079 ], [ 106.556616, -6.281879 ], [ 106.558394, -6.278508 ], [ 106.566905, -6.279521 ], [ 106.568391, -6.280155 ], [ 106.568793, -6.280339 ], [ 106.572429, -6.282703 ], [ 106.572704, -6.282878 ], [ 106.57383, -6.283524 ], [ 106.574102, -6.283676 ], [ 106.574785, -6.2839 ], [ 106.579843, -6.290955 ], [ 106.574367, -6.298042 ], [ 106.574076, -6.298077 ], [ 106.573671, -6.29827 ], [ 106.573335, -6.298777 ], [ 106.573023, -6.300108 ], [ 106.57302, -6.300253 ], [ 106.574674, -6.301945 ], [ 106.574856, -6.30196 ], [ 106.577592, -6.301429 ], [ 106.583421, -6.30642 ], [ 106.58296, -6.308753 ], [ 106.582959, -6.308987 ], [ 106.582833, -6.31106 ], [ 106.582795, -6.311319 ], [ 106.58157, -6.314469 ], [ 106.581469, -6.314662 ], [ 106.582044, -6.316596 ], [ 106.582328, -6.316897 ], [ 106.582377, -6.316921 ], [ 106.584659, -6.316329 ], [ 106.591091, -6.31818 ], [ 106.593, -6.323284 ], [ 106.593081, -6.3238 ], [ 106.593285, -6.324293 ], [ 106.593537, -6.324659 ], [ 106.593969, -6.325073 ], [ 106.594088, -6.325156 ], [ 106.599989, -6.324192 ], [ 106.601999, -6.323997 ], [ 106.603623, -6.323755 ], [ 106.605739, -6.323372 ], [ 106.60604, -6.323304 ], [ 106.60899, -6.322608 ], [ 106.611283, -6.322068 ], [ 106.612243, -6.32188 ], [ 106.615644, -6.321614 ], [ 106.617804, -6.321526 ], [ 106.619529, -6.321338 ], [ 106.621176, -6.321004 ], [ 106.623331, -6.320524 ], [ 106.630541, -6.320834 ], [ 106.631026, -6.321049 ], [ 106.632601, -6.321509 ], [ 106.637572, -6.328907 ], [ 106.637538, -6.329678 ], [ 106.635657, -6.33514 ], [ 106.634503, -6.336808 ], [ 106.634455, -6.336938 ], [ 106.634257, -6.338847 ], [ 106.634255, -6.338865 ], [ 106.634953, -6.343371 ], [ 106.636319, -6.34857 ], [ 106.636476, -6.349566 ], [ 106.638086, -6.35009 ], [ 106.638292, -6.350091 ], [ 106.640032, -6.349006 ], [ 106.647794, -6.348775 ], [ 106.64983, -6.351022 ], [ 106.650615, -6.352973 ], [ 106.651144, -6.353832 ], [ 106.652682, -6.355921 ], [ 106.652952, -6.355731 ], [ 106.654641, -6.354686 ], [ 106.654676, -6.354542 ], [ 106.657088, -6.349544 ], [ 106.661309, -6.347584 ], [ 106.665182, -6.346623 ], [ 106.668572, -6.347749 ], [ 106.670076, -6.348355 ], [ 106.670644, -6.348653 ], [ 106.671722, -6.349135 ], [ 106.67313, -6.349798 ], [ 106.670999, -6.358196 ], [ 106.669706, -6.358159 ], [ 106.669309, -6.358326 ], [ 106.668093, -6.358965 ], [ 106.667777, -6.359297 ], [ 106.666966, -6.360787 ], [ 106.666842, -6.362045 ], [ 106.666841, -6.362054 ], [ 106.668419, -6.36374 ], [ 106.671122, -6.368916 ], [ 106.671181, -6.369173 ], [ 106.672901, -6.37119 ], [ 106.673907, -6.372702 ], [ 106.672313, -6.380262 ], [ 106.665454, -6.381411 ], [ 106.664849, -6.381208 ], [ 106.664103, -6.381192 ], [ 106.663612, -6.381331 ], [ 106.663352, -6.381453 ], [ 106.66279, -6.38176 ], [ 106.663702, -6.384255 ], [ 106.66389, -6.384654 ], [ 106.664258, -6.3849 ], [ 106.66664, -6.3863 ], [ 106.672143, -6.390857 ], [ 106.673012, -6.391401 ], [ 106.673496, -6.391466 ], [ 106.679913, -6.392768 ], [ 106.684712, -6.397614 ], [ 106.686307, -6.399603 ], [ 106.687308, -6.400496 ], [ 106.693532, -6.406842 ], [ 106.694052, -6.410161 ], [ 106.690417, -6.416572 ], [ 106.690051, -6.416923 ], [ 106.68597, -6.423292 ], [ 106.686552, -6.425402 ], [ 106.686579, -6.425477 ], [ 106.687345, -6.426619 ], [ 106.689235, -6.431787 ], [ 106.685763, -6.438557 ], [ 106.678832, -6.438945 ], [ 106.677864, -6.438443 ], [ 106.677244, -6.438136 ], [ 106.677207, -6.438135 ], [ 106.674603, -6.439316 ], [ 106.674339, -6.43941 ], [ 106.674203, -6.441078 ], [ 106.674244, -6.441279 ], [ 106.674887, -6.450243 ], [ 106.674688, -6.450959 ], [ 106.674656, -6.451491 ], [ 106.674777, -6.452081 ], [ 106.675417, -6.453798 ], [ 106.675919, -6.453929 ], [ 106.676388, -6.453989 ], [ 106.677358, -6.453776 ], [ 106.680984, -6.451892 ], [ 106.689325, -6.450582 ], [ 106.691729, -6.455964 ], [ 106.691742, -6.456208 ], [ 106.693039, -6.457873 ], [ 106.693447, -6.458235 ], [ 106.696843, -6.461386 ], [ 106.701012, -6.46482 ], [ 106.703833, -6.465957 ], [ 106.710554, -6.471773 ], [ 106.710854, -6.472421 ], [ 106.711425, -6.47365 ], [ 106.712988, -6.475276 ], [ 106.714194, -6.476061 ], [ 106.714383, -6.476082 ], [ 106.72088, -6.479389 ], [ 106.72215, -6.482024 ], [ 106.722578, -6.482299 ], [ 106.727267, -6.489173 ], [ 106.727288, -6.490254 ], [ 106.727989, -6.491717 ], [ 106.73225, -6.498738 ], [ 106.732919, -6.499519 ], [ 106.734088, -6.500285 ], [ 106.734838, -6.500459 ], [ 106.734954, -6.500478 ], [ 106.742316, -6.498884 ], [ 106.744025, -6.499445 ], [ 106.744853, -6.498992 ], [ 106.751725, -6.499023 ], [ 106.755088, -6.502639 ], [ 106.75577, -6.507168 ], [ 106.756091, -6.510584 ], [ 106.75646, -6.514165 ], [ 106.756083, -6.51836 ], [ 106.757401, -6.520935 ], [ 106.757869, -6.521553 ], [ 106.760285, -6.520916 ], [ 106.760348, -6.52083 ], [ 106.760739, -6.519379 ], [ 106.7589, -6.51514 ], [ 106.760923, -6.508123 ], [ 106.761718, -6.506416 ], [ 106.761845, -6.50606 ], [ 106.761948, -6.505316 ], [ 106.761763, -6.504516 ], [ 106.760845, -6.498524 ], [ 106.766655, -6.495305 ], [ 106.768845, -6.494518 ], [ 106.768872, -6.494474 ], [ 106.768434, -6.492176 ], [ 106.766077, -6.489401 ], [ 106.764596, -6.486676 ], [ 106.770013, -6.480012 ], [ 106.771367, -6.479802 ], [ 106.772448, -6.479748 ], [ 106.77322, -6.479777 ], [ 106.78048, -6.480283 ], [ 106.781866, -6.480121 ], [ 106.78209, -6.480045 ], [ 106.789212, -6.477748 ], [ 106.790551, -6.477463 ], [ 106.790777, -6.476908 ], [ 106.790912, -6.476307 ], [ 106.791145, -6.475124 ], [ 106.791145, -6.47512 ], [ 106.790577, -6.473863 ], [ 106.789392, -6.473248 ], [ 106.78885, -6.472942 ], [ 106.788793, -6.472932 ], [ 106.780244, -6.47074 ], [ 106.778844, -6.468992 ], [ 106.77707, -6.467287 ], [ 106.776861, -6.467254 ], [ 106.775389, -6.467981 ], [ 106.775334, -6.468004 ], [ 106.767089, -6.467649 ], [ 106.766273, -6.466501 ], [ 106.766279, -6.460543 ], [ 106.768082, -6.458558 ], [ 106.768015, -6.458089 ], [ 106.767958, -6.457689 ], [ 106.767939, -6.457576 ], [ 106.767721, -6.455213 ], [ 106.768219, -6.45173 ], [ 106.773801, -6.447281 ], [ 106.780239, -6.44656 ], [ 106.780297, -6.446505 ], [ 106.788313, -6.442607 ], [ 106.790353, -6.444117 ], [ 106.790704, -6.44452 ], [ 106.795649, -6.450278 ], [ 106.795694, -6.457028 ], [ 106.796567, -6.458971 ], [ 106.796612, -6.458996 ], [ 106.79699, -6.458879 ], [ 106.799033, -6.458374 ], [ 106.803547, -6.452283 ], [ 106.80505, -6.448541 ], [ 106.805054, -6.448518 ], [ 106.805512, -6.445837 ], [ 106.804762, -6.44419 ], [ 106.802236, -6.439587 ], [ 106.802497, -6.435064 ], [ 106.802469, -6.434771 ], [ 106.802216, -6.432446 ], [ 106.804055, -6.42729 ], [ 106.811684, -6.426219 ], [ 106.81173, -6.426232 ], [ 106.813826, -6.425359 ], [ 106.817138, -6.419743 ], [ 106.820943, -6.416777 ], [ 106.822286, -6.415731 ], [ 106.822494, -6.415465 ], [ 106.823548, -6.412124 ], [ 106.823661, -6.411912 ], [ 106.832146, -6.409153 ], [ 106.833489, -6.409984 ], [ 106.840211, -6.413519 ], [ 106.841155, -6.414761 ], [ 106.84613, -6.421434 ], [ 106.846032, -6.429535 ], [ 106.843312, -6.436324 ], [ 106.843299, -6.436411 ], [ 106.844748, -6.438465 ], [ 106.846048, -6.439178 ], [ 106.848389, -6.446773 ], [ 106.848238, -6.447142 ], [ 106.848262, -6.447341 ], [ 106.848852, -6.448626 ], [ 106.852261, -6.453708 ], [ 106.854387, -6.458736 ], [ 106.855809, -6.459289 ], [ 106.856498, -6.459386 ], [ 106.856564, -6.459371 ], [ 106.857987, -6.458734 ], [ 106.857987, -6.45831 ], [ 106.857961, -6.457966 ], [ 106.857843, -6.457408 ], [ 106.857532, -6.4566 ], [ 106.856766, -6.454037 ], [ 106.858768, -6.446815 ], [ 106.85894, -6.446578 ], [ 106.859005, -6.446473 ], [ 106.859322, -6.444579 ], [ 106.858195, -6.438086 ], [ 106.863488, -6.431268 ], [ 106.870431, -6.428194 ], [ 106.871272, -6.427321 ], [ 106.871529, -6.427032 ], [ 106.8721, -6.425196 ], [ 106.876356, -6.418501 ], [ 106.879635, -6.414516 ], [ 106.885583, -6.41962 ], [ 106.885547, -6.41995 ], [ 106.885551, -6.420406 ], [ 106.885632, -6.420916 ], [ 106.885793, -6.421446 ], [ 106.886552, -6.423627 ], [ 106.887018, -6.426306 ], [ 106.887962, -6.428373 ], [ 106.892136, -6.4362 ], [ 106.891649, -6.439033 ], [ 106.891163, -6.441865 ], [ 106.890683, -6.444664 ], [ 106.889807, -6.447658 ], [ 106.888433, -6.450393 ], [ 106.887619, -6.452023 ], [ 106.88658, -6.45413 ], [ 106.88653, -6.45423 ], [ 106.886497, -6.454319 ], [ 106.889732, -6.455874 ], [ 106.889783, -6.455775 ], [ 106.89084, -6.453632 ], [ 106.891653, -6.452002 ], [ 106.893026, -6.449272 ], [ 106.893254, -6.448773 ], [ 106.893453, -6.448268 ], [ 106.893682, -6.447599 ], [ 106.893875, -6.446933 ], [ 106.894025, -6.446334 ], [ 106.894218, -6.445341 ], [ 106.894711, -6.442475 ], [ 106.895197, -6.439642 ], [ 106.895684, -6.436809 ], [ 106.897292, -6.430109 ], [ 106.898053, -6.427758 ], [ 106.898342, -6.426663 ], [ 106.898653, -6.425164 ], [ 106.900169, -6.419744 ], [ 106.900214, -6.419109 ], [ 106.900011, -6.411636 ], [ 106.900352, -6.40814 ], [ 106.900378, -6.407421 ], [ 106.900369, -6.406507 ], [ 106.900261, -6.404342 ], [ 106.900168, -6.40349 ], [ 106.899992, -6.402449 ], [ 106.899316, -6.399544 ], [ 106.898661, -6.396742 ], [ 106.903925, -6.390684 ], [ 106.90637, -6.391094 ], [ 106.907668, -6.39129 ], [ 106.908224, -6.391331 ], [ 106.908781, -6.391341 ], [ 106.909395, -6.391321 ], [ 106.910026, -6.391263 ], [ 106.910586, -6.391163 ], [ 106.911127, -6.391031 ], [ 106.911655, -6.390873 ], [ 106.912276, -6.39065 ], [ 106.912921, -6.390353 ], [ 106.913582, -6.389984 ], [ 106.914275, -6.389502 ], [ 106.915205, -6.388703 ], [ 106.916305, -6.387674 ], [ 106.917098, -6.386696 ], [ 106.92509, -6.383624 ], [ 106.925625, -6.383748 ], [ 106.926181, -6.383826 ], [ 106.926659, -6.383855 ], [ 106.928135, -6.384049 ], [ 106.935123, -6.385693 ], [ 106.935826, -6.386 ], [ 106.936422, -6.386216 ], [ 106.937227, -6.38645 ], [ 106.937925, -6.386601 ], [ 106.938694, -6.386724 ], [ 106.939617, -6.386808 ], [ 106.940317, -6.386828 ], [ 106.943615, -6.386621 ], [ 106.946759, -6.386398 ], [ 106.94688, -6.386385 ], [ 106.950011, -6.386157 ], [ 106.958613, -6.386759 ], [ 106.959516, -6.386941 ], [ 106.960401, -6.387055 ], [ 106.960953, -6.38708 ], [ 106.961114, -6.383484 ], [ 106.95822, -6.382885 ], [ 106.954866, -6.382247 ], [ 106.954327, -6.382252 ], [ 106.948841, -6.381407 ], [ 106.948369, -6.381364 ], [ 106.947972, -6.381384 ], [ 106.947535, -6.381455 ], [ 106.946347, -6.381758 ], [ 106.943999, -6.382385 ], [ 106.936072, -6.382125 ], [ 106.934832, -6.381463 ], [ 106.934314, -6.381223 ], [ 106.933757, -6.381009 ], [ 106.933332, -6.380875 ], [ 106.932521, -6.380652 ], [ 106.931993, -6.380541 ], [ 106.931593, -6.380472 ], [ 106.930729, -6.380369 ], [ 106.925278, -6.378149 ], [ 106.923415, -6.376271 ], [ 106.92285, -6.375452 ], [ 106.922724, -6.368159 ], [ 106.924876, -6.366541 ], [ 106.924945, -6.366505 ], [ 106.925419, -6.366112 ], [ 106.92975, -6.36413 ], [ 106.934776, -6.359986 ], [ 106.9384, -6.359684 ], [ 106.938579, -6.359697 ], [ 106.940312, -6.359427 ], [ 106.941033, -6.358748 ], [ 106.941808, -6.358105 ], [ 106.944516, -6.352089 ], [ 106.9445, -6.351964 ], [ 106.944572, -6.347006 ], [ 106.943556, -6.344944 ], [ 106.943518, -6.344928 ], [ 106.938002, -6.339118 ], [ 106.944242, -6.334288 ], [ 106.946504, -6.335247 ], [ 106.946641, -6.335198 ], [ 106.94965, -6.331364 ], [ 106.9519, -6.328636 ], [ 106.957928, -6.327202 ], [ 106.95998, -6.326856 ], [ 106.965485, -6.332844 ], [ 106.966806, -6.334752 ], [ 106.966864, -6.334769 ], [ 106.968971, -6.333739 ], [ 106.969041, -6.333469 ], [ 106.969348, -6.331974 ], [ 106.970693, -6.328812 ], [ 106.975835, -6.324925 ], [ 106.977622, -6.323828 ], [ 106.977769, -6.323462 ], [ 106.977823, -6.32332 ], [ 106.976804, -6.321162 ], [ 106.974333, -6.314498 ], [ 106.974306, -6.313487 ], [ 106.974308, -6.313429 ], [ 106.974405, -6.312352 ], [ 106.974399, -6.311935 ], [ 106.97446, -6.310638 ], [ 106.976867, -6.30489 ], [ 106.981669, -6.304931 ], [ 106.983557, -6.306212 ], [ 106.983666, -6.306206 ], [ 106.985266, -6.304768 ], [ 106.990293, -6.300666 ], [ 106.990435, -6.300386 ], [ 106.99465, -6.295328 ], [ 107.000502, -6.296314 ], [ 107.000706, -6.296404 ], [ 107.001033, -6.296446 ], [ 107.003098, -6.295463 ], [ 107.007376, -6.293592 ], [ 107.013231, -6.298622 ], [ 107.013909, -6.300325 ], [ 107.013918, -6.30033 ], [ 107.016363, -6.299617 ], [ 107.017622, -6.29909 ], [ 107.018631, -6.297747 ], [ 107.023345, -6.292067 ], [ 107.02435, -6.29006 ], [ 107.026683, -6.285761 ], [ 107.030252, -6.28324 ], [ 107.039236, -6.28282 ], [ 107.045319, -6.28431 ], [ 107.049014, -6.284664 ], [ 107.054551, -6.287282 ], [ 107.057696, -6.289033 ], [ 107.058469, -6.287645 ], [ 107.059281, -6.286571 ], [ 107.065999, -6.282347 ], [ 107.06897, -6.283256 ], [ 107.069045, -6.283284 ], [ 107.070814, -6.283809 ], [ 107.072086, -6.28422 ], [ 107.072642, -6.284356 ], [ 107.074971, -6.285117 ], [ 107.076687, -6.285611 ], [ 107.077856, -6.286013 ], [ 107.083655, -6.288384 ], [ 107.090409, -6.29 ], [ 107.092473, -6.2908 ], [ 107.094469, -6.291572 ], [ 107.097258, -6.292785 ], [ 107.102593, -6.295432 ], [ 107.104998, -6.29677 ], [ 107.108761, -6.298935 ], [ 107.112511, -6.301093 ], [ 107.114891, -6.302489 ], [ 107.117905, -6.304212 ], [ 107.119691, -6.301086 ], [ 107.116678, -6.299364 ], [ 107.114332, -6.297987 ], [ 107.110557, -6.295815 ], [ 107.107023, -6.293686 ], [ 107.105431, -6.292794 ], [ 107.104191, -6.292119 ], [ 107.102915, -6.291452 ], [ 107.101556, -6.290756 ], [ 107.100884, -6.290438 ], [ 107.09882, -6.2895 ], [ 107.097075, -6.288709 ], [ 107.095943, -6.288215 ], [ 107.095145, -6.287895 ], [ 107.093329, -6.287201 ], [ 107.09154, -6.286518 ], [ 107.089881, -6.278573 ], [ 107.086918, -6.276529 ], [ 107.085678, -6.278326 ], [ 107.084438, -6.280123 ], [ 107.076924, -6.281731 ], [ 107.075713, -6.28154 ], [ 107.073708, -6.280918 ], [ 107.072259, -6.280335 ], [ 107.06748, -6.275913 ], [ 107.06938, -6.267257 ], [ 107.072786, -6.266994 ], [ 107.074713, -6.266224 ], [ 107.074846, -6.266027 ], [ 107.074878, -6.265922 ], [ 107.074816, -6.265188 ], [ 107.074413, -6.263783 ], [ 107.070309, -6.260793 ], [ 107.069979, -6.260727 ], [ 107.068916, -6.260485 ], [ 107.068543, -6.260403 ], [ 107.063393, -6.258807 ], [ 107.060931, -6.253848 ], [ 107.0612, -6.251191 ], [ 107.059759, -6.250302 ], [ 107.058991, -6.249995 ], [ 107.058617, -6.24992 ], [ 107.057857, -6.249854 ], [ 107.049776, -6.250692 ], [ 107.048547, -6.248792 ], [ 107.044816, -6.243795 ], [ 107.043949, -6.238156 ], [ 107.043873, -6.23796 ], [ 107.042153, -6.237011 ], [ 107.042145, -6.237012 ], [ 107.035823, -6.237629 ], [ 107.03297, -6.233678 ], [ 107.033187, -6.229078 ], [ 107.033213, -6.228692 ], [ 107.033211, -6.228508 ], [ 107.03367, -6.224924 ], [ 107.032762, -6.223038 ], [ 107.032507, -6.222932 ], [ 107.026101, -6.222329 ], [ 107.025032, -6.222379 ], [ 107.016247, -6.22054 ], [ 107.014043, -6.21956 ], [ 107.013996, -6.219579 ], [ 107.012875, -6.220093 ], [ 107.006378, -6.214082 ], [ 107.006347, -6.214004 ], [ 107.005483, -6.210131 ], [ 107.005481, -6.210063 ], [ 107.004167, -6.203631 ], [ 107.003624, -6.201476 ], [ 106.999996, -6.194936 ], [ 106.998578, -6.193494 ], [ 106.998501, -6.193474 ], [ 106.992289, -6.188475 ], [ 106.992388, -6.186865 ], [ 106.992438, -6.185686 ], [ 106.992436, -6.185366 ], [ 106.991058, -6.184246 ], [ 106.990627, -6.183897 ], [ 106.987126, -6.180879 ], [ 106.984443, -6.180171 ], [ 106.982729, -6.179417 ], [ 106.981985, -6.179229 ], [ 106.981892, -6.179216 ], [ 106.976384, -6.175215 ], [ 106.976504, -6.171451 ], [ 106.97705, -6.169993 ], [ 106.97693, -6.168133 ], [ 106.976929, -6.168127 ], [ 106.976377, -6.167093 ], [ 106.973237, -6.160224 ], [ 106.969642, -6.160417 ], [ 106.962234, -6.155916 ], [ 106.9617, -6.154109 ], [ 106.957906, -6.150888 ], [ 106.951915, -6.145663 ], [ 106.951695, -6.145664 ], [ 106.949739, -6.145605 ], [ 106.943294, -6.142895 ], [ 106.940585, -6.136381 ], [ 106.94058, -6.135989 ], [ 106.940579, -6.13578 ], [ 106.940575, -6.135491 ], [ 106.940577, -6.1353 ], [ 106.945543, -6.127861 ], [ 106.946016, -6.127684 ], [ 106.946477, -6.127461 ], [ 106.946936, -6.127175 ], [ 106.95483, -6.12778 ], [ 106.956234, -6.129379 ], [ 106.956385, -6.129404 ], [ 106.956589, -6.129381 ], [ 106.958379, -6.128383 ], [ 106.96001, -6.125466 ], [ 106.96751, -6.120548 ], [ 106.969613, -6.120031 ], [ 106.971976, -6.119451 ], [ 106.97435, -6.118868 ], [ 106.977704, -6.118016 ], [ 106.978313, -6.117825 ], [ 106.98006, -6.117239 ], [ 106.9817, -6.116616 ], [ 106.983818, -6.115755 ], [ 106.985894, -6.114911 ], [ 106.989096, -6.113817 ], [ 106.991317, -6.113229 ], [ 106.993595, -6.112807 ], [ 106.994775, -6.112632 ], [ 106.996406, -6.112415 ], [ 106.999847, -6.111993 ], [ 107.001796, -6.111781 ], [ 107.001405, -6.108202 ], [ 106.999456, -6.108415 ], [ 106.991965, -6.1063 ], [ 106.989569, -6.106374 ], [ 106.989554, -6.106388 ], [ 106.989551, -6.106391 ], [ 106.989477, -6.10646 ], [ 106.984622, -6.111544 ], [ 106.982463, -6.11242 ], [ 106.980345, -6.11328 ], [ 106.978781, -6.113874 ], [ 106.971688, -6.10902 ], [ 106.975584, -6.103845 ], [ 106.97578, -6.103747 ], [ 106.976582, -6.102189 ], [ 106.976573, -6.10208 ], [ 106.976519, -6.101772 ], [ 106.976509, -6.101737 ], [ 106.974171, -6.100527 ], [ 106.973975, -6.100625 ], [ 106.9676, -6.102016 ], [ 106.962154, -6.099306 ], [ 106.960877, -6.098098 ], [ 106.954043, -6.097353 ], [ 106.950564, -6.097582 ], [ 106.947382, -6.097609 ], [ 106.944808, -6.097631 ], [ 106.938174, -6.096125 ], [ 106.935856, -6.094322 ], [ 106.935012, -6.094398 ], [ 106.934331, -6.094475 ], [ 106.933722, -6.094569 ], [ 106.93101, -6.09508 ], [ 106.925058, -6.089678 ], [ 106.921458, -6.089656 ], [ 106.920128, -6.091188 ], [ 106.919576, -6.091913 ], [ 106.919062, -6.092697 ], [ 106.919062, -6.092808 ], [ 106.912641, -6.098976 ], [ 106.911263, -6.098693 ], [ 106.902568, -6.096426 ], [ 106.900139, -6.095995 ], [ 106.897754, -6.0959 ], [ 106.890023, -6.097388 ], [ 106.885785, -6.094588 ], [ 106.885195, -6.094423 ], [ 106.882216, -6.094111 ], [ 106.881609, -6.094108 ], [ 106.878925, -6.097146 ], [ 106.878498, -6.097742 ], [ 106.878444, -6.09793 ], [ 106.876469, -6.102176 ], [ 106.869903, -6.105125 ], [ 106.865242, -6.108405 ], [ 106.864713, -6.108792 ], [ 106.864313, -6.10936 ], [ 106.86241, -6.112374 ], [ 106.856204, -6.115378 ], [ 106.855805, -6.115438 ], [ 106.849724, -6.118323 ], [ 106.847334, -6.118981 ], [ 106.845192, -6.11938 ], [ 106.84489, -6.119445 ], [ 106.844335, -6.119641 ], [ 106.840373, -6.121521 ], [ 106.83543, -6.121605 ], [ 106.829144, -6.118714 ], [ 106.820578, -6.116935 ], [ 106.818102, -6.115742 ], [ 106.817245, -6.115619 ], [ 106.809042, -6.116164 ], [ 106.80683, -6.110771 ], [ 106.806645, -6.109863 ], [ 106.80542, -6.10608 ], [ 106.805221, -6.105018 ], [ 106.804891, -6.101888 ], [ 106.804849, -6.101587 ], [ 106.804806, -6.101347 ], [ 106.804672, -6.100592 ], [ 106.804557, -6.099947 ], [ 106.804411, -6.099125 ], [ 106.804263, -6.098289 ], [ 106.804117, -6.097472 ], [ 106.803887, -6.096174 ], [ 106.803785, -6.095601 ], [ 106.803705, -6.095151 ], [ 106.803136, -6.094689 ], [ 106.800015, -6.096884 ], [ 106.799234, -6.098191 ], [ 106.799361, -6.098947 ], [ 106.799612, -6.100534 ], [ 106.799841, -6.101801 ], [ 106.796855, -6.109 ], [ 106.79193, -6.109899 ], [ 106.790052, -6.109798 ], [ 106.789919, -6.109792 ], [ 106.782896, -6.111219 ], [ 106.780881, -6.108071 ], [ 106.776497, -6.103987 ], [ 106.775848, -6.103423 ], [ 106.775635, -6.10334 ], [ 106.769319, -6.102662 ], [ 106.761145, -6.1047 ], [ 106.753176, -6.106158 ], [ 106.750393, -6.102516 ], [ 106.751148, -6.096044 ], [ 106.751315, -6.095522 ], [ 106.751433, -6.09508 ], [ 106.754244, -6.09068 ], [ 106.754784, -6.089825 ], [ 106.754876, -6.08903 ], [ 106.755035, -6.085547 ], [ 106.756496, -6.080789 ], [ 106.756608, -6.080427 ], [ 106.756131, -6.078551 ], [ 106.75309, -6.079623 ], [ 106.752365, -6.080261 ], [ 106.750973, -6.081463 ], [ 106.75048, -6.082031 ], [ 106.749135, -6.085 ], [ 106.740901, -6.086433 ], [ 106.739734, -6.085436 ], [ 106.73943, -6.085152 ], [ 106.737378, -6.083489 ], [ 106.736225, -6.082636 ], [ 106.735274, -6.081839 ], [ 106.734144, -6.081363 ], [ 106.727286, -6.083886 ], [ 106.725094, -6.083083 ], [ 106.722907, -6.08128 ], [ 106.721596, -6.080016 ], [ 106.720029, -6.077617 ], [ 106.717619, -6.074462 ], [ 106.717141, -6.073651 ], [ 106.715513, -6.071279 ], [ 106.715067, -6.070514 ], [ 106.712007, -6.062581 ], [ 106.711853, -6.061763 ], [ 106.711699, -6.060946 ], [ 106.711546, -6.060135 ], [ 106.711394, -6.059323 ], [ 106.708629, -6.051238 ], [ 106.705591, -6.049306 ], [ 106.702289, -6.048168 ], [ 106.697001, -6.045843 ], [ 106.69341, -6.046104 ], [ 106.68742, -6.052439 ], [ 106.687178, -6.052791 ], [ 106.686611, -6.053736 ], [ 106.686196, -6.054663 ], [ 106.685904, -6.055559 ], [ 106.678926, -6.060025 ], [ 106.677575, -6.062585 ], [ 106.677302, -6.063201 ], [ 106.673005, -6.069209 ], [ 106.668339, -6.072387 ], [ 106.660242, -6.069208 ], [ 106.660139, -6.06913 ], [ 106.658561, -6.068796 ], [ 106.649712, -6.068469 ], [ 106.647412, -6.069102 ], [ 106.647305, -6.069323 ], [ 106.647717, -6.071465 ], [ 106.650949, -6.077416 ], [ 106.650984, -6.077485 ], [ 106.651313, -6.07784 ], [ 106.653062, -6.078581 ], [ 106.655208, -6.079562 ], [ 106.657032, -6.080436 ], [ 106.657716, -6.080396 ], [ 106.662889, -6.087527 ], [ 106.662887, -6.087554 ], [ 106.662891, -6.087765 ], [ 106.662891, -6.087774 ], [ 106.662911, -6.088918 ], [ 106.659087, -6.096558 ], [ 106.655528, -6.09828 ], [ 106.653947, -6.098998 ], [ 106.65323, -6.099603 ], [ 106.648982, -6.1031 ], [ 106.640543, -6.099977 ], [ 106.638739, -6.098356 ], [ 106.638736, -6.098356 ], [ 106.636958, -6.100303 ], [ 106.633249, -6.106169 ], [ 106.631525, -6.112289 ], [ 106.626431, -6.119646 ], [ 106.621238, -6.122553 ], [ 106.619904, -6.123102 ], [ 106.617138, -6.124127 ], [ 106.616385, -6.124363 ], [ 106.613609, -6.126181 ], [ 106.613051, -6.127357 ], [ 106.612956, -6.128138 ], [ 106.613029, -6.130789 ], [ 106.613003, -6.131259 ], [ 106.612635, -6.134766 ], [ 106.61282, -6.136167 ], [ 106.614914, -6.143199 ], [ 106.611668, -6.148108 ], [ 106.610032, -6.149281 ], [ 106.602516, -6.147844 ], [ 106.600759, -6.14472 ], [ 106.599392, -6.142824 ], [ 106.599065, -6.142692 ], [ 106.598124, -6.142267 ], [ 106.590374, -6.143153 ], [ 106.584014, -6.14636 ], [ 106.582132, -6.148105 ], [ 106.582131, -6.148119 ], [ 106.581693, -6.153137 ], [ 106.581678, -6.153254 ], [ 106.58317, -6.155188 ], [ 106.58324, -6.162455 ], [ 106.578301, -6.165878 ], [ 106.577762, -6.166392 ], [ 106.574142, -6.168931 ], [ 106.566989, -6.168212 ], [ 106.566914, -6.168171 ], [ 106.563147, -6.167877 ], [ 106.563077, -6.16787 ], [ 106.559278, -6.170009 ], [ 106.55773, -6.171449 ], [ 106.557562, -6.171726 ], [ 106.55756, -6.171771 ], [ 106.559174, -6.173607 ], [ 106.56295, -6.176836 ], [ 106.563116, -6.18185 ], [ 106.556313, -6.187543 ], [ 106.554917, -6.187933 ], [ 106.549138, -6.187779 ], [ 106.548745, -6.187736 ], [ 106.546491, -6.187433 ], [ 106.544661, -6.187344 ], [ 106.54389, -6.188062 ], [ 106.539389, -6.191459 ], [ 106.530452, -6.191423 ], [ 106.528991, -6.190806 ], [ 106.528666, -6.190786 ], [ 106.526857, -6.191237 ], [ 106.524228, -6.194485 ], [ 106.522787, -6.195935 ], [ 106.514033, -6.193851 ], [ 106.513311, -6.190603 ], [ 106.512977, -6.187813 ], [ 106.50938, -6.18766 ], [ 106.509322, -6.189012 ], [ 106.509145, -6.192483 ], [ 106.506768, -6.197957 ], [ 106.501126, -6.200186 ], [ 106.497936, -6.199473 ], [ 106.494651, -6.198741 ], [ 106.492835, -6.198439 ], [ 106.491442, -6.1983 ], [ 106.490722, -6.198261 ], [ 106.489525, -6.198256 ], [ 106.488777, -6.198291 ], [ 106.48198, -6.1947 ], [ 106.481216, -6.1932 ], [ 106.481152, -6.193151 ], [ 106.480579, -6.193071 ], [ 106.472009, -6.194529 ], [ 106.469724, -6.194969 ], [ 106.46971, -6.194985 ], [ 106.469587, -6.19569 ], [ 106.469606, -6.19721 ], [ 106.463778, -6.203453 ], [ 106.460763, -6.200723 ], [ 106.457247, -6.199948 ], [ 106.454867, -6.199538 ], [ 106.453279, -6.199126 ], [ 106.451387, -6.198827 ], [ 106.448881, -6.198584 ], [ 106.446374, -6.19834 ], [ 106.444247, -6.198134 ], [ 106.442119, -6.197928 ], [ 106.441771, -6.201511 ], [ 106.443899, -6.201717 ] ] ] } },
{ "type": "Feature", "properties": { "name": "Egg Padel" }, "geometry": { "type": "Polygon", "coordinates": [ [ [ 106.464167, -6.20732 ], [ 106.465297, -6.207606 ], [ 106.466482, -6.207816 ], [ 106.467482, -6.207915 ], [ 106.468459, -6.207979 ], [ 106.469584, -6.207993 ], [ 106.470508, -6.207955 ], [ 106.471359, -6.207873 ], [ 106.472052, -6.207779 ], [ 106.472947, -6.207617 ], [ 106.474336, -6.207324 ], [ 106.475059, -6.207133 ], [ 106.483613, -6.206381 ], [ 106.484496, -6.206315 ], [ 106.485122, -6.206158 ], [ 106.486554, -6.205726 ], [ 106.487325, -6.205368 ], [ 106.487717, -6.205114 ], [ 106.488189, -6.204651 ], [ 106.494053, -6.202291 ], [ 106.49715, -6.202986 ], [ 106.502524, -6.207405 ], [ 106.502215, -6.211176 ], [ 106.502196, -6.211431 ], [ 106.503479, -6.212626 ], [ 106.503891, -6.213138 ], [ 106.504492, -6.221883 ], [ 106.503146, -6.222124 ], [ 106.501509, -6.222444 ], [ 106.501451, -6.222589 ], [ 106.501808, -6.224282 ], [ 106.501837, -6.224315 ], [ 106.504194, -6.225545 ], [ 106.509886, -6.229341 ], [ 106.511452, -6.23125 ], [ 106.515978, -6.236372 ], [ 106.522222, -6.24199 ], [ 106.523652, -6.243475 ], [ 106.523814, -6.243512 ], [ 106.525808, -6.242304 ], [ 106.533537, -6.242308 ], [ 106.536965, -6.250427 ], [ 106.53679, -6.250814 ], [ 106.536743, -6.250953 ], [ 106.536779, -6.251909 ], [ 106.536932, -6.252135 ], [ 106.540371, -6.256928 ], [ 106.54056, -6.256988 ], [ 106.542644, -6.256464 ], [ 106.542825, -6.256387 ], [ 106.544238, -6.256023 ], [ 106.549719, -6.259442 ], [ 106.547914, -6.265369 ], [ 106.546237, -6.267296 ], [ 106.546256, -6.267576 ], [ 106.547776, -6.270786 ], [ 106.54806, -6.272061 ], [ 106.548377, -6.277437 ], [ 106.5458, -6.282102 ], [ 106.541022, -6.282831 ], [ 106.540698, -6.282886 ], [ 106.538254, -6.284608 ], [ 106.535272, -6.28772 ], [ 106.533789, -6.289274 ], [ 106.533173, -6.290644 ], [ 106.532377, -6.292417 ], [ 106.528074, -6.298306 ], [ 106.521988, -6.299234 ], [ 106.520127, -6.300595 ], [ 106.520112, -6.300662 ], [ 106.523082, -6.308219 ], [ 106.523406, -6.308646 ], [ 106.527601, -6.313629 ], [ 106.533222, -6.316604 ], [ 106.535065, -6.319621 ], [ 106.536998, -6.326729 ], [ 106.537001, -6.326899 ], [ 106.538686, -6.328499 ], [ 106.542168, -6.330607 ], [ 106.542438, -6.330647 ], [ 106.543159, -6.330608 ], [ 106.547931, -6.331518 ], [ 106.5483, -6.339566 ], [ 106.548316, -6.339647 ], [ 106.548431, -6.34001 ], [ 106.548809, -6.340683 ], [ 106.549502, -6.342753 ], [ 106.545299, -6.350249 ], [ 106.543006, -6.351312 ], [ 106.542674, -6.351462 ], [ 106.542293, -6.351675 ], [ 106.542105, -6.352677 ], [ 106.542084, -6.35326 ], [ 106.544047, -6.354818 ], [ 106.550107, -6.361395 ], [ 106.550472, -6.363888 ], [ 106.550697, -6.364016 ], [ 106.552561, -6.364265 ], [ 106.554793, -6.363166 ], [ 106.555982, -6.361725 ], [ 106.560877, -6.358069 ], [ 106.561294, -6.357723 ], [ 106.570147, -6.35724 ], [ 106.571871, -6.358984 ], [ 106.577329, -6.363222 ], [ 106.577615, -6.363296 ], [ 106.584046, -6.3687 ], [ 106.583059, -6.371191 ], [ 106.582734, -6.371855 ], [ 106.582666, -6.372286 ], [ 106.582668, -6.372869 ], [ 106.580509, -6.379486 ], [ 106.58249, -6.382492 ], [ 106.590261, -6.38697 ], [ 106.590909, -6.389359 ], [ 106.591325, -6.390787 ], [ 106.592206, -6.393424 ], [ 106.593073, -6.39504 ], [ 106.59374, -6.396283 ], [ 106.593813, -6.396417 ], [ 106.594017, -6.39672 ], [ 106.594304, -6.397028 ], [ 106.597539, -6.400082 ], [ 106.599941, -6.405778 ], [ 106.601083, -6.407602 ], [ 106.601889, -6.408653 ], [ 106.602925, -6.416979 ], [ 106.599784, -6.419096 ], [ 106.597265, -6.42036 ], [ 106.597154, -6.420551 ], [ 106.597245, -6.421223 ], [ 106.599973, -6.422691 ], [ 106.603331, -6.423679 ], [ 106.603545, -6.423447 ], [ 106.612331, -6.423382 ], [ 106.614017, -6.424218 ], [ 106.614445, -6.424311 ], [ 106.620486, -6.426848 ], [ 106.622226, -6.431151 ], [ 106.622999, -6.434413 ], [ 106.627276, -6.438963 ], [ 106.632895, -6.442079 ], [ 106.633528, -6.442243 ], [ 106.634332, -6.442184 ], [ 106.634977, -6.44187 ], [ 106.636264, -6.441038 ], [ 106.636847, -6.437485 ], [ 106.639174, -6.430857 ], [ 106.645803, -6.427772 ], [ 106.647203, -6.42732 ], [ 106.647737, -6.427071 ], [ 106.648015, -6.426904 ], [ 106.648204, -6.424654 ], [ 106.647955, -6.417885 ], [ 106.656206, -6.414956 ], [ 106.656473, -6.414911 ], [ 106.656884, -6.414842 ], [ 106.658034, -6.413149 ], [ 106.657915, -6.411207 ], [ 106.657363, -6.410531 ], [ 106.656673, -6.40956 ], [ 106.655652, -6.407803 ], [ 106.655461, -6.403719 ], [ 106.663856, -6.402848 ], [ 106.664024, -6.40297 ], [ 106.664984, -6.403303 ], [ 106.670313, -6.408379 ], [ 106.671037, -6.408677 ], [ 106.671887, -6.408993 ], [ 106.672017, -6.409048 ], [ 106.672464, -6.40918 ], [ 106.678965, -6.413006 ], [ 106.679031, -6.413098 ], [ 106.681917, -6.413753 ], [ 106.68101, -6.421945 ], [ 106.677736, -6.425367 ], [ 106.677695, -6.425708 ], [ 106.67768, -6.425974 ], [ 106.677754, -6.42655 ], [ 106.678934, -6.428224 ], [ 106.676721, -6.435717 ], [ 106.669998, -6.432852 ], [ 106.669785, -6.432741 ], [ 106.667891, -6.433164 ], [ 106.667791, -6.433281 ], [ 106.668114, -6.435929 ], [ 106.66893, -6.439831 ], [ 106.670255, -6.440785 ], [ 106.673627, -6.446307 ], [ 106.669787, -6.453634 ], [ 106.668785, -6.45419 ], [ 106.668594, -6.454296 ], [ 106.667006, -6.456984 ], [ 106.666676, -6.457531 ], [ 106.667425, -6.459382 ], [ 106.667811, -6.459555 ], [ 106.66976, -6.459389 ], [ 106.672872, -6.456275 ], [ 106.675927, -6.455106 ], [ 106.681959, -6.456322 ], [ 106.682107, -6.456369 ], [ 106.687872, -6.457671 ], [ 106.68862, -6.458031 ], [ 106.693215, -6.464976 ], [ 106.694678, -6.466487 ], [ 106.69972, -6.466797 ], [ 106.707568, -6.47099 ], [ 106.708355, -6.472669 ], [ 106.710421, -6.474702 ], [ 106.713219, -6.477882 ], [ 106.719121, -6.481156 ], [ 106.721153, -6.486256 ], [ 106.721161, -6.486298 ], [ 106.72303, -6.490059 ], [ 106.726454, -6.492582 ], [ 106.727774, -6.500325 ], [ 106.727773, -6.500334 ], [ 106.729184, -6.502241 ], [ 106.731178, -6.503591 ], [ 106.731463, -6.503605 ], [ 106.733834, -6.503073 ], [ 106.739191, -6.50242 ], [ 106.740655, -6.502244 ], [ 106.745218, -6.50121 ], [ 106.751059, -6.50209 ], [ 106.752793, -6.503837 ], [ 106.752377, -6.511019 ], [ 106.752377, -6.51102 ], [ 106.752262, -6.512701 ], [ 106.752439, -6.518516 ], [ 106.755943, -6.522285 ], [ 106.759443, -6.529803 ], [ 106.759363, -6.53095 ], [ 106.760855, -6.531691 ], [ 106.766958, -6.535921 ], [ 106.768446, -6.535327 ], [ 106.769977, -6.53396 ], [ 106.768244, -6.529456 ], [ 106.768051, -6.528946 ], [ 106.767559, -6.527738 ], [ 106.767541, -6.527703 ], [ 106.765289, -6.522387 ], [ 106.764057, -6.520377 ], [ 106.763727, -6.520123 ], [ 106.762725, -6.519262 ], [ 106.763043, -6.51037 ], [ 106.763956, -6.508878 ], [ 106.763949, -6.508584 ], [ 106.761878, -6.505331 ], [ 106.768166, -6.499857 ], [ 106.771952, -6.503542 ], [ 106.773256, -6.504803 ], [ 106.773342, -6.504826 ], [ 106.775543, -6.503291 ], [ 106.775518, -6.502939 ], [ 106.775, -6.50043 ], [ 106.77457, -6.494712 ], [ 106.7746, -6.49414 ], [ 106.773601, -6.492352 ], [ 106.771873, -6.491581 ], [ 106.772458, -6.482669 ], [ 106.776887, -6.483174 ], [ 106.778039, -6.484051 ], [ 106.778182, -6.484163 ], [ 106.778378, -6.484251 ], [ 106.778494, -6.484277 ], [ 106.782402, -6.485374 ], [ 106.782466, -6.485392 ], [ 106.790232, -6.486095 ], [ 106.790647, -6.486222 ], [ 106.790678, -6.486224 ], [ 106.792063, -6.485516 ], [ 106.792399, -6.484826 ], [ 106.792583, -6.484402 ], [ 106.792915, -6.482857 ], [ 106.800655, -6.479515 ], [ 106.803212, -6.482049 ], [ 106.804232, -6.481825 ], [ 106.806212, -6.480486 ], [ 106.806228, -6.480438 ], [ 106.806183, -6.477947 ], [ 106.806206, -6.477656 ], [ 106.808636, -6.470974 ], [ 106.808656, -6.470907 ], [ 106.808671, -6.470527 ], [ 106.809353, -6.463263 ], [ 106.809347, -6.46323 ], [ 106.80883, -6.456394 ], [ 106.810938, -6.452288 ], [ 106.812613, -6.450461 ], [ 106.812715, -6.450136 ], [ 106.812668, -6.448677 ], [ 106.81277, -6.44295 ], [ 106.813619, -6.438907 ], [ 106.821253, -6.439259 ], [ 106.821546, -6.439262 ], [ 106.822516, -6.439133 ], [ 106.822743, -6.438799 ], [ 106.823053, -6.438148 ], [ 106.830825, -6.436715 ], [ 106.831754, -6.440784 ], [ 106.830508, -6.443499 ], [ 106.830508, -6.443503 ], [ 106.832353, -6.445069 ], [ 106.83469, -6.446537 ], [ 106.839348, -6.449273 ], [ 106.841003, -6.454488 ], [ 106.841036, -6.454673 ], [ 106.841681, -6.455851 ], [ 106.83613, -6.462921 ], [ 106.836053, -6.46294 ], [ 106.83495, -6.464157 ], [ 106.834938, -6.464202 ], [ 106.83479, -6.465055 ], [ 106.834795, -6.465077 ], [ 106.838536, -6.472265 ], [ 106.84057, -6.474083 ], [ 106.839525, -6.481473 ], [ 106.833521, -6.481724 ], [ 106.832405, -6.481146 ], [ 106.830902, -6.482445 ], [ 106.830709, -6.482811 ], [ 106.830599, -6.483071 ], [ 106.83075, -6.484455 ], [ 106.832427, -6.489269 ], [ 106.833783, -6.490109 ], [ 106.833865, -6.49016 ], [ 106.835882, -6.490283 ], [ 106.84137, -6.491116 ], [ 106.842799, -6.496274 ], [ 106.842355, -6.498614 ], [ 106.841922, -6.501023 ], [ 106.84173, -6.502072 ], [ 106.843371, -6.503119 ], [ 106.843433, -6.503128 ], [ 106.845272, -6.50272 ], [ 106.846185, -6.499405 ], [ 106.8462, -6.499326 ], [ 106.8462, -6.499325 ], [ 106.84621, -6.499273 ], [ 106.846334, -6.496953 ], [ 106.846718, -6.494952 ], [ 106.84789, -6.491525 ], [ 106.848226, -6.490952 ], [ 106.848724, -6.490134 ], [ 106.855366, -6.485129 ], [ 106.85861, -6.48669 ], [ 106.858953, -6.486066 ], [ 106.860345, -6.484135 ], [ 106.868431, -6.483399 ], [ 106.870147, -6.484414 ], [ 106.87087, -6.484255 ], [ 106.870926, -6.48423 ], [ 106.871824, -6.482195 ], [ 106.87176, -6.482014 ], [ 106.87148, -6.481353 ], [ 106.871333, -6.481055 ], [ 106.871098, -6.480661 ], [ 106.876609, -6.473738 ], [ 106.879832, -6.475342 ], [ 106.880591, -6.473818 ], [ 106.881379, -6.472246 ], [ 106.882866, -6.469362 ], [ 106.884515, -6.466092 ], [ 106.89012, -6.463307 ], [ 106.891353, -6.460755 ], [ 106.891653, -6.452002 ], [ 106.893026, -6.449272 ], [ 106.893254, -6.448773 ], [ 106.893453, -6.448268 ], [ 106.893682, -6.447599 ], [ 106.893875, -6.446933 ], [ 106.894025, -6.446334 ], [ 106.894218, -6.445341 ], [ 106.894711, -6.442475 ], [ 106.895197, -6.439642 ], [ 106.895684, -6.436809 ], [ 106.897292, -6.430109 ], [ 106.898053, -6.427758 ], [ 106.898342, -6.426663 ], [ 106.898653, -6.425164 ], [ 106.89877, -6.424283 ], [ 106.902748, -6.416867 ], [ 106.908997, -6.411725 ], [ 106.911271, -6.410228 ], [ 106.911746, -6.409869 ], [ 106.912224, -6.409262 ], [ 106.913298, -6.407596 ], [ 106.910845, -6.399775 ], [ 106.909972, -6.397421 ], [ 106.915148, -6.391277 ], [ 106.921185, -6.388199 ], [ 106.923578, -6.387712 ], [ 106.929738, -6.386904 ], [ 106.938101, -6.3883 ], [ 106.940464, -6.390175 ], [ 106.940942, -6.390244 ], [ 106.948255, -6.391968 ], [ 106.948747, -6.392167 ], [ 106.952285, -6.393937 ], [ 106.957731, -6.40066 ], [ 106.958255, -6.402073 ], [ 106.958463, -6.402707 ], [ 106.958531, -6.402834 ], [ 106.959616, -6.403223 ], [ 106.959974, -6.403236 ], [ 106.961854, -6.402012 ], [ 106.961851, -6.40183 ], [ 106.961661, -6.399732 ], [ 106.961658, -6.399691 ], [ 106.961456, -6.394839 ], [ 106.96742, -6.391952 ], [ 106.968681, -6.392002 ], [ 106.969294, -6.392022 ], [ 106.969442, -6.392004 ], [ 106.970859, -6.390887 ], [ 106.971375, -6.385953 ], [ 106.977598, -6.379576 ], [ 106.9783, -6.379612 ], [ 106.980935, -6.379793 ], [ 106.983547, -6.379973 ], [ 106.986683, -6.38021 ], [ 106.988169, -6.380109 ], [ 106.989289, -6.379929 ], [ 106.990764, -6.379497 ], [ 106.992378, -6.378845 ], [ 106.998204, -6.375586 ], [ 106.999791, -6.37464 ], [ 107.001014, -6.373663 ], [ 107.002124, -6.372629 ], [ 107.002833, -6.371803 ], [ 107.004274, -6.369874 ], [ 107.008035, -6.364564 ], [ 107.005142, -6.362422 ], [ 107.004662, -6.36307 ], [ 107.002984, -6.365453 ], [ 107.00133, -6.367801 ], [ 106.994566, -6.373435 ], [ 106.992672, -6.374432 ], [ 106.986455, -6.376617 ], [ 106.98384, -6.376385 ], [ 106.981182, -6.376202 ], [ 106.974872, -6.37048 ], [ 106.973777, -6.368827 ], [ 106.973616, -6.368578 ], [ 106.973586, -6.368569 ], [ 106.971356, -6.369708 ], [ 106.971312, -6.369907 ], [ 106.966581, -6.375363 ], [ 106.959542, -6.373871 ], [ 106.956132, -6.375025 ], [ 106.954837, -6.379211 ], [ 106.949198, -6.381385 ], [ 106.94543, -6.377453 ], [ 106.945375, -6.374749 ], [ 106.945188, -6.374589 ], [ 106.940025, -6.371388 ], [ 106.93788, -6.368421 ], [ 106.936959, -6.362829 ], [ 106.935988, -6.360466 ], [ 106.935045, -6.357347 ], [ 106.935029, -6.357343 ], [ 106.934203, -6.357297 ], [ 106.934044, -6.357342 ], [ 106.93026, -6.358509 ], [ 106.924814, -6.351438 ], [ 106.924822, -6.351387 ], [ 106.925947, -6.347371 ], [ 106.926009, -6.347053 ], [ 106.926033, -6.34689 ], [ 106.926041, -6.346811 ], [ 106.924412, -6.344176 ], [ 106.922711, -6.342489 ], [ 106.922659, -6.342487 ], [ 106.920817, -6.343982 ], [ 106.920072, -6.345123 ], [ 106.92007, -6.345144 ], [ 106.919675, -6.349266 ], [ 106.916669, -6.353062 ], [ 106.91665, -6.353238 ], [ 106.915576, -6.357046 ], [ 106.907522, -6.354197 ], [ 106.907437, -6.354065 ], [ 106.906825, -6.348948 ], [ 106.906907, -6.348699 ], [ 106.906606, -6.342211 ], [ 106.90617, -6.339983 ], [ 106.907904, -6.331512 ], [ 106.908158, -6.330849 ], [ 106.908188, -6.330686 ], [ 106.909717, -6.325593 ], [ 106.910142, -6.324832 ], [ 106.91027, -6.324322 ], [ 106.910397, -6.323509 ], [ 106.917188, -6.31907 ], [ 106.919601, -6.32052 ], [ 106.92128, -6.3262 ], [ 106.92128, -6.326203 ], [ 106.922369, -6.330175 ], [ 106.922366, -6.330319 ], [ 106.923983, -6.332003 ], [ 106.923989, -6.332004 ], [ 106.925965, -6.330393 ], [ 106.927197, -6.324761 ], [ 106.927198, -6.324753 ], [ 106.927209, -6.324576 ], [ 106.932324, -6.317303 ], [ 106.936816, -6.311871 ], [ 106.938363, -6.31007 ], [ 106.944519, -6.305449 ], [ 106.946552, -6.30447 ], [ 106.948646, -6.30346 ], [ 106.950934, -6.302246 ], [ 106.952423, -6.301347 ], [ 106.953224, -6.300777 ], [ 106.954275, -6.299921 ], [ 106.954815, -6.299443 ], [ 106.95561, -6.29866 ], [ 106.95591, -6.298341 ], [ 106.956724, -6.297416 ], [ 106.957481, -6.296437 ], [ 106.958002, -6.29565 ], [ 106.95964, -6.292273 ], [ 106.960195, -6.290618 ], [ 106.960606, -6.288815 ], [ 106.960696, -6.288127 ], [ 106.960789, -6.287123 ], [ 106.960861, -6.285855 ], [ 106.960954, -6.283042 ], [ 106.961047, -6.280228 ], [ 106.957448, -6.280109 ], [ 106.957356, -6.282923 ], [ 106.957263, -6.285737 ], [ 106.957195, -6.286918 ], [ 106.953165, -6.294186 ], [ 106.952747, -6.294584 ], [ 106.952406, -6.295134 ], [ 106.946962, -6.300279 ], [ 106.94499, -6.301226 ], [ 106.937739, -6.302199 ], [ 106.936981, -6.302536 ], [ 106.934402, -6.303754 ], [ 106.927138, -6.298833 ], [ 106.92587, -6.297613 ], [ 106.923059, -6.29404 ], [ 106.922601, -6.293555 ], [ 106.918768, -6.290053 ], [ 106.915742, -6.283219 ], [ 106.915281, -6.279838 ], [ 106.915244, -6.279605 ], [ 106.913505, -6.278314 ], [ 106.913465, -6.278314 ], [ 106.908253, -6.279507 ], [ 106.903449, -6.278332 ], [ 106.903308, -6.278348 ], [ 106.900121, -6.282427 ], [ 106.897687, -6.287285 ], [ 106.892551, -6.289973 ], [ 106.892221, -6.290015 ], [ 106.891555, -6.290075 ], [ 106.884615, -6.285111 ], [ 106.884588, -6.285073 ], [ 106.881998, -6.280334 ], [ 106.880618, -6.27911 ], [ 106.880047, -6.278572 ], [ 106.879383, -6.270318 ], [ 106.883456, -6.268091 ], [ 106.885524, -6.26703 ], [ 106.887175, -6.26511 ], [ 106.887352, -6.264563 ], [ 106.888863, -6.26087 ], [ 106.888825, -6.26061 ], [ 106.886873, -6.257845 ], [ 106.884999, -6.255276 ], [ 106.8874, -6.248118 ], [ 106.888048, -6.247707 ], [ 106.889875, -6.246403 ], [ 106.897215, -6.248136 ], [ 106.897851, -6.249057 ], [ 106.89935, -6.251565 ], [ 106.900398, -6.25309 ], [ 106.901249, -6.254056 ], [ 106.90406, -6.256135 ], [ 106.904757, -6.256501 ], [ 106.905447, -6.256798 ], [ 106.907418, -6.25756 ], [ 106.909388, -6.258321 ], [ 106.911993, -6.259321 ], [ 106.912303, -6.259405 ], [ 106.91309, -6.259646 ], [ 106.913686, -6.259783 ], [ 106.914577, -6.25995 ], [ 106.915489, -6.260063 ], [ 106.916152, -6.260116 ], [ 106.917307, -6.260159 ], [ 106.918855, -6.260148 ], [ 106.922501, -6.259961 ], [ 106.92258, -6.259958 ], [ 106.922427, -6.256361 ], [ 106.920881, -6.249549 ], [ 106.920648, -6.245957 ], [ 106.918841, -6.246074 ], [ 106.91824, -6.246134 ], [ 106.9176, -6.246175 ], [ 106.916364, -6.246295 ], [ 106.908828, -6.243656 ], [ 106.904667, -6.240808 ], [ 106.902908, -6.239427 ], [ 106.901019, -6.237653 ], [ 106.895813, -6.234875 ], [ 106.893584, -6.23237 ], [ 106.893344, -6.232031 ], [ 106.891954, -6.230762 ], [ 106.887837, -6.228343 ], [ 106.886541, -6.227792 ], [ 106.885436, -6.227479 ], [ 106.880638, -6.224386 ], [ 106.879932, -6.219712 ], [ 106.884743, -6.216178 ], [ 106.886033, -6.216191 ], [ 106.887637, -6.216084 ], [ 106.888104, -6.215994 ], [ 106.888727, -6.215822 ], [ 106.88909, -6.215444 ], [ 106.889472, -6.215012 ], [ 106.889972, -6.214249 ], [ 106.887933, -6.21231 ], [ 106.886201, -6.211518 ], [ 106.880462, -6.20613 ], [ 106.882298, -6.198535 ], [ 106.883733, -6.197424 ], [ 106.883772, -6.197329 ], [ 106.885006, -6.193207 ], [ 106.885006, -6.1932 ], [ 106.883466, -6.191328 ], [ 106.878924, -6.187464 ], [ 106.877667, -6.181447 ], [ 106.877704, -6.180901 ], [ 106.8776, -6.179179 ], [ 106.877601, -6.178811 ], [ 106.873968, -6.178486 ], [ 106.87026, -6.183827 ], [ 106.8688, -6.185655 ], [ 106.866788, -6.190746 ], [ 106.865471, -6.193447 ], [ 106.865476, -6.193667 ], [ 106.865076, -6.201777 ], [ 106.863945, -6.203365 ], [ 106.863343, -6.206149 ], [ 106.863497, -6.207317 ], [ 106.854816, -6.209272 ], [ 106.854554, -6.209027 ], [ 106.852514, -6.203764 ], [ 106.852874, -6.202504 ], [ 106.852702, -6.201525 ], [ 106.852515, -6.200701 ], [ 106.85212, -6.195145 ], [ 106.852011, -6.194737 ], [ 106.851898, -6.194537 ], [ 106.850155, -6.192043 ], [ 106.850046, -6.191839 ], [ 106.848568, -6.192891 ], [ 106.846871, -6.193535 ], [ 106.841092, -6.192658 ], [ 106.838369, -6.186564 ], [ 106.838317, -6.186053 ], [ 106.837774, -6.183038 ], [ 106.838032, -6.180411 ], [ 106.837901, -6.180262 ], [ 106.832517, -6.175069 ], [ 106.832564, -6.168748 ], [ 106.832071, -6.166093 ], [ 106.832019, -6.165702 ], [ 106.831956, -6.165409 ], [ 106.827269, -6.16006 ], [ 106.827157, -6.16002 ], [ 106.820239, -6.156215 ], [ 106.819668, -6.154495 ], [ 106.819494, -6.153818 ], [ 106.819445, -6.153621 ], [ 106.818633, -6.150358 ], [ 106.8186, -6.150206 ], [ 106.815207, -6.146445 ], [ 106.816219, -6.139684 ], [ 106.823208, -6.134302 ], [ 106.823262, -6.134282 ], [ 106.828816, -6.132099 ], [ 106.829491, -6.131895 ], [ 106.830003, -6.130063 ], [ 106.829959, -6.129707 ], [ 106.828804, -6.128406 ], [ 106.828616, -6.128403 ], [ 106.821832, -6.127304 ], [ 106.821815, -6.127305 ], [ 106.821689, -6.127319 ], [ 106.82162, -6.127329 ], [ 106.81494, -6.126892 ], [ 106.811155, -6.124883 ], [ 106.807673, -6.120275 ], [ 106.806058, -6.112834 ], [ 106.806005, -6.112372 ], [ 106.805756, -6.110644 ], [ 106.804287, -6.108202 ], [ 106.803909, -6.107586 ], [ 106.802284, -6.106656 ], [ 106.802259, -6.106659 ], [ 106.801986, -6.106697 ], [ 106.80147, -6.106768 ], [ 106.794644, -6.110333 ], [ 106.792372, -6.110475 ], [ 106.788031, -6.11392 ], [ 106.7799, -6.114862 ], [ 106.779775, -6.114835 ], [ 106.778955, -6.116054 ], [ 106.775178, -6.120459 ], [ 106.767583, -6.120343 ], [ 106.767124, -6.120337 ], [ 106.765446, -6.120278 ], [ 106.762295, -6.120644 ], [ 106.761297, -6.12073 ], [ 106.760077, -6.120804 ], [ 106.757881, -6.120835 ], [ 106.75486, -6.120796 ], [ 106.753265, -6.120749 ], [ 106.750816, -6.120649 ], [ 106.745693, -6.114114 ], [ 106.744817, -6.110622 ], [ 106.742883, -6.103393 ], [ 106.742755, -6.100453 ], [ 106.739182, -6.10001 ], [ 106.735698, -6.104917 ], [ 106.727394, -6.105246 ], [ 106.727188, -6.105141 ], [ 106.723931, -6.102726 ], [ 106.723114, -6.101793 ], [ 106.721533, -6.100042 ], [ 106.719971, -6.098311 ], [ 106.719248, -6.097529 ], [ 106.718606, -6.09679 ], [ 106.716968, -6.095309 ], [ 106.716333, -6.094893 ], [ 106.715666, -6.094563 ], [ 106.714984, -6.094313 ], [ 106.71402, -6.09411 ], [ 106.713288, -6.094051 ], [ 106.712525, -6.094081 ], [ 106.71177, -6.094197 ], [ 106.711192, -6.094352 ], [ 106.710502, -6.09462 ], [ 106.70979, -6.095001 ], [ 106.701952, -6.095916 ], [ 106.700167, -6.095167 ], [ 106.700005, -6.095184 ], [ 106.6969, -6.096352 ], [ 106.696891, -6.096355 ], [ 106.688824, -6.097439 ], [ 106.686885, -6.096491 ], [ 106.686818, -6.096503 ], [ 106.67804, -6.097416 ], [ 106.677486, -6.097305 ], [ 106.67689, -6.097351 ], [ 106.67081, -6.098737 ], [ 106.670327, -6.100014 ], [ 106.671697, -6.103344 ], [ 106.676724, -6.110325 ], [ 106.67429, -6.116826 ], [ 106.669507, -6.118779 ], [ 106.668934, -6.11895 ], [ 106.663753, -6.1188 ], [ 106.660484, -6.119941 ], [ 106.660297, -6.120014 ], [ 106.656909, -6.123208 ], [ 106.65605, -6.123974 ], [ 106.65341, -6.126539 ], [ 106.65475, -6.12988 ], [ 106.657314, -6.130234 ], [ 106.659998, -6.138662 ], [ 106.654323, -6.141248 ], [ 106.651045, -6.142675 ], [ 106.649444, -6.14413 ], [ 106.649336, -6.144256 ], [ 106.648586, -6.145099 ], [ 106.640116, -6.146263 ], [ 106.634885, -6.140193 ], [ 106.635007, -6.138262 ], [ 106.635131, -6.136296 ], [ 106.635015, -6.13286 ], [ 106.635143, -6.130773 ], [ 106.634701, -6.129069 ], [ 106.635242, -6.12354 ], [ 106.635117, -6.122146 ], [ 106.634991, -6.12205 ], [ 106.632623, -6.12107 ], [ 106.632214, -6.121378 ], [ 106.632175, -6.121429 ], [ 106.630687, -6.124604 ], [ 106.630692, -6.125209 ], [ 106.62881, -6.132646 ], [ 106.628794, -6.133044 ], [ 106.628792, -6.13317 ], [ 106.628786, -6.133458 ], [ 106.627586, -6.139437 ], [ 106.619233, -6.138288 ], [ 106.618665, -6.137606 ], [ 106.617596, -6.137395 ], [ 106.615741, -6.137181 ], [ 106.613808, -6.137805 ], [ 106.613062, -6.143372 ], [ 106.612793, -6.144183 ], [ 106.612297, -6.145838 ], [ 106.605132, -6.150812 ], [ 106.598992, -6.154071 ], [ 106.59744, -6.155529 ], [ 106.596798, -6.157883 ], [ 106.594527, -6.163337 ], [ 106.5878, -6.168618 ], [ 106.58597, -6.170315 ], [ 106.585969, -6.170327 ], [ 106.585967, -6.170431 ], [ 106.585967, -6.170444 ], [ 106.587643, -6.172214 ], [ 106.582421, -6.179192 ], [ 106.580866, -6.179254 ], [ 106.576965, -6.177697 ], [ 106.576866, -6.177672 ], [ 106.576864, -6.177671 ], [ 106.576764, -6.177646 ], [ 106.568554, -6.178323 ], [ 106.568501, -6.178344 ], [ 106.568062, -6.179205 ], [ 106.567522, -6.18066 ], [ 106.566724, -6.183145 ], [ 106.559608, -6.188399 ], [ 106.552364, -6.191999 ], [ 106.548825, -6.192608 ], [ 106.545308, -6.19579 ], [ 106.54303, -6.198311 ], [ 106.543024, -6.198477 ], [ 106.537912, -6.204852 ], [ 106.533562, -6.204092 ], [ 106.531381, -6.203817 ], [ 106.525012, -6.199384 ], [ 106.523452, -6.197487 ], [ 106.523004, -6.197317 ], [ 106.522928, -6.19733 ], [ 106.52036, -6.198008 ], [ 106.512929, -6.196983 ], [ 106.512812, -6.196956 ], [ 106.511875, -6.196977 ], [ 106.510523, -6.197937 ], [ 106.504317, -6.200899 ], [ 106.501126, -6.200186 ], [ 106.497936, -6.199473 ], [ 106.494651, -6.198741 ], [ 106.492835, -6.198439 ], [ 106.491442, -6.1983 ], [ 106.490722, -6.198261 ], [ 106.489525, -6.198256 ], [ 106.488777, -6.198291 ], [ 106.487838, -6.198376 ], [ 106.486395, -6.198595 ], [ 106.485796, -6.198718 ], [ 106.484633, -6.199013 ], [ 106.483424, -6.199398 ], [ 106.482524, -6.199745 ], [ 106.481916, -6.200004 ], [ 106.480602, -6.2006 ], [ 106.480011, -6.200888 ], [ 106.4768, -6.202612 ], [ 106.475703, -6.20308 ], [ 106.472299, -6.204075 ], [ 106.465049, -6.20383 ], [ 106.464167, -6.20732 ] ] ] } },
{ "type": "Feature", "properties": { "name": "MU Padel Bintaro" }, "geometry": { "type": "Polygon", "coordinates": [ [ [ 106.497791, -6.203129 ], [ 106.500341, -6.203699 ], [ 106.503531, -6.204413 ], [ 106.506722, -6.205126 ], [ 106.509913, -6.205839 ], [ 106.513103, -6.206553 ], [ 106.517442, -6.210829 ], [ 106.519097, -6.212107 ], [ 106.519157, -6.21211 ], [ 106.521905, -6.210578 ], [ 106.522684, -6.209758 ], [ 106.524234, -6.208552 ], [ 106.528931, -6.207419 ], [ 106.531032, -6.207552 ], [ 106.532882, -6.216073 ], [ 106.530404, -6.216712 ], [ 106.527961, -6.218016 ], [ 106.527956, -6.218038 ], [ 106.526808, -6.22262 ], [ 106.526729, -6.222809 ], [ 106.527826, -6.225 ], [ 106.52786, -6.225013 ], [ 106.527997, -6.225027 ], [ 106.530047, -6.224204 ], [ 106.536193, -6.230291 ], [ 106.541946, -6.234222 ], [ 106.545142, -6.235147 ], [ 106.545496, -6.235259 ], [ 106.550817, -6.237946 ], [ 106.551726, -6.242549 ], [ 106.551365, -6.244729 ], [ 106.551357, -6.24478 ], [ 106.552881, -6.24677 ], [ 106.552889, -6.246771 ], [ 106.554919, -6.245301 ], [ 106.563335, -6.247679 ], [ 106.563738, -6.248114 ], [ 106.564003, -6.248327 ], [ 106.565708, -6.248499 ], [ 106.568195, -6.246145 ], [ 106.568967, -6.245357 ], [ 106.569243, -6.244846 ], [ 106.569262, -6.244793 ], [ 106.569251, -6.241323 ], [ 106.56925, -6.241217 ], [ 106.570127, -6.235567 ], [ 106.574638, -6.229533 ], [ 106.580123, -6.235678 ], [ 106.580121, -6.235865 ], [ 106.579767, -6.240364 ], [ 106.579427, -6.242971 ], [ 106.579506, -6.243067 ], [ 106.581125, -6.243698 ], [ 106.581316, -6.24362 ], [ 106.587868, -6.249544 ], [ 106.587643, -6.250056 ], [ 106.588588, -6.252433 ], [ 106.58998, -6.259947 ], [ 106.58781, -6.261463 ], [ 106.587817, -6.261754 ], [ 106.588494, -6.27016 ], [ 106.588206, -6.271389 ], [ 106.587443, -6.275077 ], [ 106.58335, -6.278862 ], [ 106.576545, -6.277174 ], [ 106.576279, -6.276949 ], [ 106.573305, -6.272076 ], [ 106.57256, -6.271141 ], [ 106.572005, -6.270232 ], [ 106.571738, -6.270155 ], [ 106.569746, -6.27153 ], [ 106.565419, -6.275993 ], [ 106.56364, -6.277359 ], [ 106.561658, -6.281021 ], [ 106.560762, -6.282308 ], [ 106.56238, -6.283753 ], [ 106.560035, -6.291458 ], [ 106.559337, -6.293045 ], [ 106.559072, -6.293809 ], [ 106.559066, -6.293849 ], [ 106.55935, -6.294992 ], [ 106.563912, -6.298855 ], [ 106.565176, -6.302266 ], [ 106.566488, -6.306476 ], [ 106.563377, -6.311754 ], [ 106.562885, -6.31204 ], [ 106.562056, -6.313127 ], [ 106.561911, -6.313497 ], [ 106.562818, -6.315352 ], [ 106.566002, -6.32108 ], [ 106.560928, -6.32482 ], [ 106.555701, -6.32441 ], [ 106.554586, -6.323733 ], [ 106.552926, -6.322081 ], [ 106.551318, -6.320752 ], [ 106.55087, -6.320764 ], [ 106.550746, -6.320814 ], [ 106.547734, -6.322196 ], [ 106.546825, -6.32387 ], [ 106.546856, -6.324304 ], [ 106.546955, -6.324679 ], [ 106.54854, -6.325705 ], [ 106.552478, -6.326856 ], [ 106.556709, -6.328541 ], [ 106.560032, -6.332094 ], [ 106.560346, -6.332367 ], [ 106.561319, -6.33309 ], [ 106.563701, -6.3416 ], [ 106.56459, -6.342788 ], [ 106.565933, -6.344424 ], [ 106.573364, -6.347461 ], [ 106.574868, -6.350579 ], [ 106.574924, -6.350726 ], [ 106.576775, -6.351728 ], [ 106.576815, -6.351723 ], [ 106.578291, -6.349451 ], [ 106.578235, -6.349305 ], [ 106.577506, -6.344811 ], [ 106.585074, -6.340772 ], [ 106.591343, -6.338839 ], [ 106.594778, -6.339292 ], [ 106.595394, -6.339342 ], [ 106.601597, -6.345304 ], [ 106.603441, -6.349973 ], [ 106.603517, -6.350305 ], [ 106.603753, -6.356753 ], [ 106.603663, -6.357277 ], [ 106.60358, -6.358645 ], [ 106.607118, -6.362038 ], [ 106.608832, -6.368719 ], [ 106.605864, -6.376093 ], [ 106.605782, -6.377384 ], [ 106.605764, -6.378313 ], [ 106.606075, -6.378558 ], [ 106.609964, -6.384067 ], [ 106.610239, -6.39055 ], [ 106.610303, -6.390722 ], [ 106.610529, -6.391154 ], [ 106.611834, -6.392039 ], [ 106.612066, -6.392031 ], [ 106.613879, -6.392232 ], [ 106.61657, -6.393661 ], [ 106.617403, -6.402148 ], [ 106.616591, -6.404206 ], [ 106.616827, -6.404599 ], [ 106.619105, -6.405321 ], [ 106.620461, -6.405226 ], [ 106.621435, -6.404593 ], [ 106.624783, -6.402213 ], [ 106.628146, -6.398899 ], [ 106.634095, -6.402407 ], [ 106.634269, -6.403516 ], [ 106.633879, -6.406323 ], [ 106.636524, -6.410138 ], [ 106.637397, -6.412411 ], [ 106.639796, -6.415991 ], [ 106.643133, -6.41464 ], [ 106.642815, -6.413854 ], [ 106.642128, -6.412401 ], [ 106.641287, -6.410432 ], [ 106.641117, -6.410129 ], [ 106.639073, -6.402678 ], [ 106.639361, -6.400744 ], [ 106.640344, -6.397281 ], [ 106.640008, -6.392671 ], [ 106.643955, -6.387025 ], [ 106.650803, -6.390667 ], [ 106.651081, -6.391524 ], [ 106.651407, -6.392041 ], [ 106.651802, -6.392407 ], [ 106.652411, -6.392888 ], [ 106.655273, -6.390703 ], [ 106.657163, -6.388422 ], [ 106.664865, -6.391597 ], [ 106.666748, -6.394976 ], [ 106.667987, -6.396196 ], [ 106.668206, -6.396364 ], [ 106.668621, -6.396667 ], [ 106.669193, -6.396886 ], [ 106.673846, -6.398078 ], [ 106.682548, -6.399914 ], [ 106.682719, -6.405075 ], [ 106.683393, -6.408612 ], [ 106.687337, -6.413075 ], [ 106.686081, -6.417991 ], [ 106.683251, -6.420425 ], [ 106.681162, -6.421492 ], [ 106.679473, -6.423304 ], [ 106.677832, -6.425773 ], [ 106.678182, -6.42638 ], [ 106.672102, -6.432759 ], [ 106.670813, -6.431766 ], [ 106.668809, -6.430887 ], [ 106.664376, -6.42983 ], [ 106.662674, -6.429141 ], [ 106.662166, -6.429 ], [ 106.661502, -6.428849 ], [ 106.661089, -6.428752 ], [ 106.660753, -6.428695 ], [ 106.660149, -6.432243 ], [ 106.662546, -6.433595 ], [ 106.663285, -6.433736 ], [ 106.665403, -6.434388 ], [ 106.667916, -6.441482 ], [ 106.668522, -6.443603 ], [ 106.667606, -6.451793 ], [ 106.664849, -6.45447 ], [ 106.663043, -6.455717 ], [ 106.663001, -6.456024 ], [ 106.663221, -6.45981 ], [ 106.663444, -6.462626 ], [ 106.663684, -6.468394 ], [ 106.664303, -6.468829 ], [ 106.665435, -6.468611 ], [ 106.666703, -6.468384 ], [ 106.669877, -6.465162 ], [ 106.670447, -6.463918 ], [ 106.670459, -6.463593 ], [ 106.673378, -6.457641 ], [ 106.676632, -6.45628 ], [ 106.682904, -6.458895 ], [ 106.686503, -6.463067 ], [ 106.687823, -6.464875 ], [ 106.69043, -6.465813 ], [ 106.696408, -6.469355 ], [ 106.696565, -6.469456 ], [ 106.70539, -6.47104 ], [ 106.710181, -6.47672 ], [ 106.710522, -6.47702 ], [ 106.711602, -6.477554 ], [ 106.712318, -6.477837 ], [ 106.717529, -6.481826 ], [ 106.716284, -6.488288 ], [ 106.716332, -6.488505 ], [ 106.716623, -6.488999 ], [ 106.71722, -6.489841 ], [ 106.717463, -6.489897 ], [ 106.721992, -6.491885 ], [ 106.723404, -6.493468 ], [ 106.723284, -6.501442 ], [ 106.723752, -6.503002 ], [ 106.72378, -6.503072 ], [ 106.724073, -6.503538 ], [ 106.725698, -6.504112 ], [ 106.733455, -6.506759 ], [ 106.734021, -6.506898 ], [ 106.734498, -6.506915 ], [ 106.735029, -6.50687 ], [ 106.735612, -6.506743 ], [ 106.736042, -6.506585 ], [ 106.739743, -6.503566 ], [ 106.746178, -6.504382 ], [ 106.751062, -6.509968 ], [ 106.750959, -6.518501 ], [ 106.749947, -6.521308 ], [ 106.749929, -6.521444 ], [ 106.750085, -6.521994 ], [ 106.751461, -6.52334 ], [ 106.751674, -6.523347 ], [ 106.756384, -6.525518 ], [ 106.75682, -6.531364 ], [ 106.75682, -6.531399 ], [ 106.758285, -6.537457 ], [ 106.758697, -6.541653 ], [ 106.759757, -6.543094 ], [ 106.760001, -6.543207 ], [ 106.761163, -6.543114 ], [ 106.76229, -6.541884 ], [ 106.770322, -6.54221 ], [ 106.772864, -6.548148 ], [ 106.773045, -6.548748 ], [ 106.773249, -6.549549 ], [ 106.773459, -6.55034 ], [ 106.775402, -6.550844 ], [ 106.775541, -6.550799 ], [ 106.776939, -6.549415 ], [ 106.776391, -6.54575 ], [ 106.775064, -6.5439 ], [ 106.777502, -6.53626 ], [ 106.778488, -6.535508 ], [ 106.778627, -6.535328 ], [ 106.778824, -6.534632 ], [ 106.777221, -6.532671 ], [ 106.771618, -6.529373 ], [ 106.769853, -6.527998 ], [ 106.766279, -6.521729 ], [ 106.764959, -6.518869 ], [ 106.764726, -6.518437 ], [ 106.765386, -6.510485 ], [ 106.771717, -6.507951 ], [ 106.774303, -6.509229 ], [ 106.774353, -6.509202 ], [ 106.781662, -6.50627 ], [ 106.782826, -6.506111 ], [ 106.78327, -6.506003 ], [ 106.784977, -6.50415 ], [ 106.785001, -6.503974 ], [ 106.78404, -6.502318 ], [ 106.783938, -6.502272 ], [ 106.780404, -6.502351 ], [ 106.776837, -6.500119 ], [ 106.776432, -6.493703 ], [ 106.781447, -6.490121 ], [ 106.789365, -6.493147 ], [ 106.790367, -6.495109 ], [ 106.790608, -6.495465 ], [ 106.790614, -6.495467 ], [ 106.792693, -6.494522 ], [ 106.792737, -6.494414 ], [ 106.793322, -6.492021 ], [ 106.795564, -6.485002 ], [ 106.799224, -6.478923 ], [ 106.802034, -6.475502 ], [ 106.804373, -6.471155 ], [ 106.805794, -6.469226 ], [ 106.805433, -6.465482 ], [ 106.805484, -6.46291 ], [ 106.806033, -6.45504 ], [ 106.809614, -6.449987 ], [ 106.809637, -6.449911 ], [ 106.80985, -6.444579 ], [ 106.812127, -6.437584 ], [ 106.813559, -6.435682 ], [ 106.813524, -6.435211 ], [ 106.813689, -6.433392 ], [ 106.814086, -6.43221 ], [ 106.822212, -6.4292 ], [ 106.822825, -6.429038 ], [ 106.824504, -6.428637 ], [ 106.824612, -6.428267 ], [ 106.824681, -6.427915 ], [ 106.824655, -6.427216 ], [ 106.824944, -6.425418 ], [ 106.824983, -6.425298 ], [ 106.829326, -6.421077 ], [ 106.834478, -6.426614 ], [ 106.834626, -6.42989 ], [ 106.833264, -6.433972 ], [ 106.832953, -6.43549 ], [ 106.832925, -6.435658 ], [ 106.834133, -6.437501 ], [ 106.838457, -6.443805 ], [ 106.839086, -6.446065 ], [ 106.840055, -6.447293 ], [ 106.843595, -6.450067 ], [ 106.845433, -6.451159 ], [ 106.847647, -6.459273 ], [ 106.847742, -6.463537 ], [ 106.847466, -6.467456 ], [ 106.843113, -6.471582 ], [ 106.841572, -6.473507 ], [ 106.841597, -6.47366 ], [ 106.841806, -6.474946 ], [ 106.841967, -6.482812 ], [ 106.841975, -6.484699 ], [ 106.845542, -6.485186 ], [ 106.845591, -6.484826 ], [ 106.845631, -6.484505 ], [ 106.847014, -6.480024 ], [ 106.849731, -6.476455 ], [ 106.855177, -6.473955 ], [ 106.861699, -6.478693 ], [ 106.863166, -6.480039 ], [ 106.863453, -6.480096 ], [ 106.865296, -6.47884 ], [ 106.866069, -6.476221 ], [ 106.866082, -6.474163 ], [ 106.866113, -6.473244 ], [ 106.86609, -6.473191 ], [ 106.864717, -6.470095 ], [ 106.864334, -6.468964 ], [ 106.864154, -6.468603 ], [ 106.863255, -6.466504 ], [ 106.862125, -6.457949 ], [ 106.863817, -6.455558 ], [ 106.865237, -6.453394 ], [ 106.871289, -6.447661 ], [ 106.872096, -6.446793 ], [ 106.87422, -6.445149 ], [ 106.87451, -6.444034 ], [ 106.874555, -6.443877 ], [ 106.874393, -6.442651 ], [ 106.87435, -6.442566 ], [ 106.873913, -6.43442 ], [ 106.873956, -6.434329 ], [ 106.874537, -6.433116 ], [ 106.877153, -6.430009 ], [ 106.886133, -6.430586 ], [ 106.887523, -6.43247 ], [ 106.891649, -6.439033 ], [ 106.891163, -6.441865 ], [ 106.890683, -6.444664 ], [ 106.890532, -6.445464 ], [ 106.890414, -6.445942 ], [ 106.890275, -6.446438 ], [ 106.890096, -6.446966 ], [ 106.889807, -6.447658 ], [ 106.888433, -6.450393 ], [ 106.887619, -6.452023 ], [ 106.88658, -6.45413 ], [ 106.886508, -6.45429 ], [ 106.886222, -6.455013 ], [ 106.885302, -6.456621 ], [ 106.888504, -6.458265 ], [ 106.88957, -6.456338 ], [ 106.891653, -6.452002 ], [ 106.893026, -6.449272 ], [ 106.893254, -6.448773 ], [ 106.893453, -6.448268 ], [ 106.893682, -6.447599 ], [ 106.893875, -6.446933 ], [ 106.894025, -6.446334 ], [ 106.894218, -6.445341 ], [ 106.894711, -6.442475 ], [ 106.895197, -6.439642 ], [ 106.895684, -6.436809 ], [ 106.897292, -6.430109 ], [ 106.898053, -6.427758 ], [ 106.898342, -6.426663 ], [ 106.898653, -6.425164 ], [ 106.900169, -6.419744 ], [ 106.900214, -6.419109 ], [ 106.900205, -6.415576 ], [ 106.904613, -6.407951 ], [ 106.904769, -6.407686 ], [ 106.904139, -6.405454 ], [ 106.90368, -6.405319 ], [ 106.899992, -6.402449 ], [ 106.899316, -6.399544 ], [ 106.898661, -6.396742 ], [ 106.906724, -6.394374 ], [ 106.908099, -6.396265 ], [ 106.908154, -6.396278 ], [ 106.908496, -6.396198 ], [ 106.910289, -6.394879 ], [ 106.915808, -6.388938 ], [ 106.923886, -6.386239 ], [ 106.926767, -6.385959 ], [ 106.935215, -6.38669 ], [ 106.938525, -6.388493 ], [ 106.938547, -6.388505 ], [ 106.947029, -6.391373 ], [ 106.95009, -6.392692 ], [ 106.951014, -6.391436 ], [ 106.951253, -6.391084 ], [ 106.954647, -6.387624 ], [ 106.959516, -6.386941 ], [ 106.960401, -6.387055 ], [ 106.961101, -6.387083 ], [ 106.961779, -6.387063 ], [ 106.962417, -6.38699 ], [ 106.963114, -6.386851 ], [ 106.963896, -6.386629 ], [ 106.964535, -6.386388 ], [ 106.965231, -6.386054 ], [ 106.965829, -6.385705 ], [ 106.966445, -6.385288 ], [ 106.966994, -6.384838 ], [ 106.969106, -6.382983 ], [ 106.969643, -6.38251 ], [ 106.970046, -6.382173 ], [ 106.9783, -6.379612 ], [ 106.980935, -6.379793 ], [ 106.983547, -6.379973 ], [ 106.986683, -6.38021 ], [ 106.988169, -6.380109 ], [ 106.989289, -6.379929 ], [ 106.990764, -6.379497 ], [ 106.99206, -6.379001 ], [ 106.990772, -6.375639 ], [ 106.98384, -6.376385 ], [ 106.981182, -6.376202 ], [ 106.978547, -6.37602 ], [ 106.977782, -6.375981 ], [ 106.977023, -6.375968 ], [ 106.976274, -6.376006 ], [ 106.97092, -6.37623 ], [ 106.968629, -6.37772 ], [ 106.967563, -6.378454 ], [ 106.964618, -6.382134 ], [ 106.957426, -6.382438 ], [ 106.954866, -6.382247 ], [ 106.949198, -6.381385 ], [ 106.948523, -6.381258 ], [ 106.947905, -6.381273 ], [ 106.946347, -6.381758 ], [ 106.944826, -6.38208 ], [ 106.937347, -6.379069 ], [ 106.935773, -6.374345 ], [ 106.934713, -6.37237 ], [ 106.934528, -6.372287 ], [ 106.932421, -6.373032 ], [ 106.924892, -6.373307 ], [ 106.925419, -6.366112 ], [ 106.926802, -6.365192 ], [ 106.927184, -6.364925 ], [ 106.926556, -6.36348 ], [ 106.925124, -6.361973 ], [ 106.922313, -6.356511 ], [ 106.920923, -6.354902 ], [ 106.920887, -6.354894 ], [ 106.920542, -6.354983 ], [ 106.918713, -6.356503 ], [ 106.918713, -6.356651 ], [ 106.917745, -6.360729 ], [ 106.915044, -6.363872 ], [ 106.914342, -6.365562 ], [ 106.914069, -6.367338 ], [ 106.909136, -6.373599 ], [ 106.90576, -6.373913 ], [ 106.905265, -6.373913 ], [ 106.898686, -6.3709 ], [ 106.89694, -6.367608 ], [ 106.896553, -6.364404 ], [ 106.896389, -6.363607 ], [ 106.896184, -6.362758 ], [ 106.896091, -6.362352 ], [ 106.895705, -6.36032 ], [ 106.895441, -6.35959 ], [ 106.89865, -6.353033 ], [ 106.902698, -6.354154 ], [ 106.90311, -6.354064 ], [ 106.90527, -6.353468 ], [ 106.905326, -6.353366 ], [ 106.905288, -6.352393 ], [ 106.90713, -6.348087 ], [ 106.913169, -6.34661 ], [ 106.913341, -6.346402 ], [ 106.920879, -6.343046 ], [ 106.922165, -6.344197 ], [ 106.922336, -6.344392 ], [ 106.922552, -6.344583 ], [ 106.922764, -6.344601 ], [ 106.924467, -6.343342 ], [ 106.929595, -6.340617 ], [ 106.929598, -6.340613 ], [ 106.929778, -6.338983 ], [ 106.929773, -6.338969 ], [ 106.928897, -6.33083 ], [ 106.928948, -6.33061 ], [ 106.929736, -6.325997 ], [ 106.937373, -6.322394 ], [ 106.937552, -6.322333 ], [ 106.942142, -6.316727 ], [ 106.947913, -6.311483 ], [ 106.949643, -6.310675 ], [ 106.949807, -6.31018 ], [ 106.949528, -6.309382 ], [ 106.952423, -6.301347 ], [ 106.953224, -6.300777 ], [ 106.958239, -6.298793 ], [ 106.958455, -6.298684 ], [ 106.960378, -6.297792 ], [ 106.965406, -6.296483 ], [ 106.966914, -6.294829 ], [ 106.966917, -6.294756 ], [ 106.966608, -6.294394 ], [ 106.965073, -6.292898 ], [ 106.962546, -6.286035 ], [ 106.962523, -6.283623 ], [ 106.962423, -6.282916 ], [ 106.961003, -6.274745 ], [ 106.960692, -6.27127 ], [ 106.960542, -6.269459 ], [ 106.960388, -6.267608 ], [ 106.960253, -6.266369 ], [ 106.959722, -6.259941 ], [ 106.956122, -6.25993 ], [ 106.955996, -6.261429 ], [ 106.956, -6.261726 ], [ 106.95603, -6.262045 ], [ 106.95609, -6.262639 ], [ 106.95613, -6.263279 ], [ 106.956193, -6.263858 ], [ 106.956304, -6.264609 ], [ 106.956704, -6.266971 ], [ 106.956808, -6.267988 ], [ 106.956955, -6.269757 ], [ 106.957105, -6.271568 ], [ 106.957418, -6.275066 ], [ 106.957511, -6.276884 ], [ 106.953253, -6.284638 ], [ 106.952844, -6.284699 ], [ 106.949579, -6.284966 ], [ 106.947324, -6.286246 ], [ 106.947305, -6.286345 ], [ 106.948333, -6.288344 ], [ 106.941225, -6.293763 ], [ 106.939747, -6.292085 ], [ 106.939518, -6.291966 ], [ 106.939393, -6.291958 ], [ 106.937659, -6.293267 ], [ 106.929967, -6.290647 ], [ 106.929759, -6.290279 ], [ 106.924988, -6.283897 ], [ 106.924963, -6.28387 ], [ 106.92031, -6.278704 ], [ 106.919726, -6.276325 ], [ 106.919042, -6.275605 ], [ 106.915429, -6.269252 ], [ 106.913757, -6.267391 ], [ 106.918855, -6.260148 ], [ 106.924012, -6.259897 ], [ 106.925872, -6.259797 ], [ 106.927726, -6.259698 ], [ 106.930817, -6.259548 ], [ 106.933741, -6.259406 ], [ 106.937194, -6.25924 ], [ 106.940972, -6.259062 ], [ 106.942273, -6.258994 ], [ 106.942084, -6.255399 ], [ 106.942625, -6.251424 ], [ 106.942962, -6.24784 ], [ 106.941563, -6.247708 ], [ 106.93805, -6.247498 ], [ 106.933708, -6.246893 ], [ 106.933227, -6.246839 ], [ 106.93052, -6.24655 ], [ 106.929646, -6.246438 ], [ 106.929293, -6.24641 ], [ 106.928959, -6.246392 ], [ 106.925857, -6.246248 ], [ 106.919793, -6.242941 ], [ 106.919774, -6.242941 ], [ 106.913323, -6.240874 ], [ 106.911697, -6.238823 ], [ 106.91001, -6.237369 ], [ 106.903954, -6.235285 ], [ 106.903696, -6.235276 ], [ 106.898256, -6.233664 ], [ 106.89618, -6.232392 ], [ 106.892107, -6.228555 ], [ 106.888146, -6.221031 ], [ 106.889105, -6.219346 ], [ 106.893985, -6.215878 ], [ 106.89404, -6.215856 ], [ 106.897183, -6.215199 ], [ 106.898077, -6.215252 ], [ 106.89829, -6.211659 ], [ 106.896848, -6.209673 ], [ 106.896818, -6.209651 ], [ 106.891895, -6.204298 ], [ 106.890901, -6.19842 ], [ 106.890815, -6.194822 ], [ 106.890285, -6.188388 ], [ 106.889149, -6.187218 ], [ 106.8864, -6.185176 ], [ 106.883515, -6.178075 ], [ 106.885383, -6.169527 ], [ 106.885392, -6.169511 ], [ 106.884196, -6.161285 ], [ 106.881119, -6.159417 ], [ 106.880435, -6.160394 ], [ 106.87627, -6.164788 ], [ 106.874156, -6.168765 ], [ 106.867828, -6.173503 ], [ 106.866608, -6.1744 ], [ 106.866174, -6.17495 ], [ 106.865725, -6.176155 ], [ 106.864325, -6.179876 ], [ 106.861648, -6.186989 ], [ 106.858331, -6.187943 ], [ 106.854999, -6.188878 ], [ 106.849035, -6.187049 ], [ 106.847041, -6.18597 ], [ 106.845815, -6.177679 ], [ 106.846107, -6.177279 ], [ 106.846173, -6.176907 ], [ 106.844872, -6.173889 ], [ 106.841729, -6.168816 ], [ 106.842127, -6.165283 ], [ 106.841707, -6.159669 ], [ 106.841973, -6.157688 ], [ 106.841695, -6.156569 ], [ 106.836523, -6.150318 ], [ 106.833287, -6.143454 ], [ 106.837123, -6.140646 ], [ 106.839173, -6.139842 ], [ 106.83924, -6.139715 ], [ 106.845175, -6.134077 ], [ 106.846921, -6.133612 ], [ 106.848719, -6.133442 ], [ 106.852125, -6.131668 ], [ 106.853808, -6.129935 ], [ 106.858521, -6.124745 ], [ 106.861899, -6.124082 ], [ 106.863022, -6.123559 ], [ 106.863616, -6.123284 ], [ 106.865059, -6.12262 ], [ 106.864337, -6.120091 ], [ 106.863554, -6.11935 ], [ 106.858762, -6.119087 ], [ 106.858516, -6.119202 ], [ 106.855476, -6.122168 ], [ 106.855054, -6.122388 ], [ 106.846286, -6.120487 ], [ 106.845606, -6.120066 ], [ 106.84508, -6.11985 ], [ 106.844244, -6.119676 ], [ 106.844087, -6.119737 ], [ 106.843953, -6.119866 ], [ 106.842442, -6.122073 ], [ 106.834933, -6.125709 ], [ 106.831849, -6.124845 ], [ 106.830557, -6.124506 ], [ 106.830376, -6.124529 ], [ 106.82829, -6.125615 ], [ 106.821574, -6.121576 ], [ 106.820978, -6.119883 ], [ 106.820304, -6.118976 ], [ 106.820055, -6.118597 ], [ 106.819678, -6.118274 ], [ 106.819386, -6.118234 ], [ 106.817122, -6.118166 ], [ 106.809042, -6.116164 ], [ 106.80683, -6.110771 ], [ 106.806645, -6.109863 ], [ 106.80542, -6.10608 ], [ 106.806329, -6.099632 ], [ 106.806321, -6.099585 ], [ 106.804134, -6.098198 ], [ 106.801904, -6.097272 ], [ 106.798353, -6.097862 ], [ 106.798458, -6.098494 ], [ 106.797022, -6.106609 ], [ 106.790146, -6.10796 ], [ 106.789783, -6.10793 ], [ 106.789633, -6.107932 ], [ 106.780796, -6.108085 ], [ 106.778512, -6.107192 ], [ 106.778315, -6.10712 ], [ 106.771958, -6.108082 ], [ 106.771845, -6.108396 ], [ 106.765144, -6.114398 ], [ 106.764238, -6.114429 ], [ 106.760077, -6.120804 ], [ 106.757881, -6.120835 ], [ 106.755152, -6.113257 ], [ 106.754258, -6.110452 ], [ 106.753561, -6.109524 ], [ 106.75181, -6.109699 ], [ 106.751781, -6.109703 ], [ 106.749986, -6.109947 ], [ 106.743262, -6.105043 ], [ 106.743037, -6.102191 ], [ 106.743342, -6.099915 ], [ 106.743534, -6.098912 ], [ 106.74368, -6.098022 ], [ 106.745414, -6.09399 ], [ 106.745534, -6.093797 ], [ 106.745711, -6.09276 ], [ 106.745766, -6.092368 ], [ 106.745777, -6.092112 ], [ 106.742471, -6.091905 ], [ 106.741905, -6.091914 ], [ 106.741708, -6.091976 ], [ 106.741602, -6.092179 ], [ 106.740389, -6.096115 ], [ 106.739463, -6.097746 ], [ 106.738387, -6.100985 ], [ 106.729709, -6.101686 ], [ 106.722155, -6.100731 ], [ 106.721218, -6.096592 ], [ 106.721666, -6.094384 ], [ 106.721486, -6.09401 ], [ 106.717931, -6.091992 ], [ 106.716931, -6.091732 ], [ 106.709257, -6.09413 ], [ 106.708544, -6.094394 ], [ 106.703213, -6.099249 ], [ 106.701453, -6.100385 ], [ 106.699748, -6.101485 ], [ 106.696406, -6.103398 ], [ 106.695524, -6.103878 ], [ 106.694908, -6.104263 ], [ 106.691398, -6.106604 ], [ 106.690832, -6.107022 ], [ 106.685751, -6.109081 ], [ 106.679159, -6.107319 ], [ 106.677965, -6.107866 ], [ 106.677595, -6.108091 ], [ 106.677203, -6.108474 ], [ 106.677038, -6.108705 ], [ 106.676828, -6.109137 ], [ 106.676697, -6.109717 ], [ 106.676724, -6.110325 ], [ 106.67429, -6.116826 ], [ 106.669507, -6.118779 ], [ 106.668934, -6.11895 ], [ 106.667259, -6.119613 ], [ 106.666975, -6.119724 ], [ 106.666645, -6.121292 ], [ 106.668859, -6.124131 ], [ 106.670745, -6.125315 ], [ 106.674601, -6.132609 ], [ 106.670089, -6.137314 ], [ 106.667902, -6.137851 ], [ 106.667205, -6.138054 ], [ 106.666662, -6.138253 ], [ 106.666109, -6.138493 ], [ 106.665493, -6.138787 ], [ 106.664928, -6.139088 ], [ 106.663957, -6.139709 ], [ 106.66322, -6.140278 ], [ 106.662582, -6.140858 ], [ 106.657136, -6.144336 ], [ 106.655277, -6.145322 ], [ 106.652609, -6.148072 ], [ 106.646259, -6.148088 ], [ 106.640659, -6.146823 ], [ 106.63453, -6.142375 ], [ 106.633144, -6.141359 ], [ 106.63295, -6.14131 ], [ 106.630932, -6.142241 ], [ 106.630903, -6.143037 ], [ 106.630774, -6.146297 ], [ 106.624998, -6.150236 ], [ 106.623444, -6.150314 ], [ 106.621229, -6.151067 ], [ 106.62118, -6.151149 ], [ 106.621058, -6.153009 ], [ 106.621317, -6.153883 ], [ 106.621342, -6.158625 ], [ 106.614977, -6.164062 ], [ 106.613571, -6.163748 ], [ 106.612046, -6.165307 ], [ 106.605369, -6.169587 ], [ 106.603991, -6.171505 ], [ 106.603995, -6.171565 ], [ 106.60536, -6.173187 ], [ 106.602822, -6.181079 ], [ 106.602562, -6.18142 ], [ 106.602352, -6.181765 ], [ 106.597019, -6.187281 ], [ 106.592762, -6.187265 ], [ 106.592225, -6.187208 ], [ 106.591601, -6.187233 ], [ 106.591516, -6.18725 ], [ 106.585446, -6.192537 ], [ 106.579914, -6.192434 ], [ 106.57885, -6.192043 ], [ 106.57879, -6.192039 ], [ 106.577711, -6.192156 ], [ 106.577628, -6.192166 ], [ 106.577105, -6.192309 ], [ 106.57115, -6.194275 ], [ 106.564084, -6.19668 ], [ 106.559135, -6.199354 ], [ 106.55627, -6.201249 ], [ 106.5564, -6.202049 ], [ 106.557474, -6.203231 ], [ 106.558553, -6.204172 ], [ 106.558572, -6.211395 ], [ 106.552403, -6.211976 ], [ 106.550815, -6.210568 ], [ 106.549108, -6.209064 ], [ 106.547904, -6.208172 ], [ 106.547059, -6.207644 ], [ 106.546086, -6.207113 ], [ 106.545118, -6.206665 ], [ 106.544341, -6.206354 ], [ 106.543119, -6.20597 ], [ 106.542236, -6.205743 ], [ 106.537903, -6.204983 ], [ 106.533463, -6.204208 ], [ 106.531256, -6.203959 ], [ 106.52253, -6.202144 ], [ 106.522416, -6.202122 ], [ 106.513889, -6.203039 ], [ 106.510698, -6.202326 ], [ 106.507507, -6.201613 ], [ 106.504317, -6.200899 ], [ 106.501126, -6.200186 ], [ 106.498576, -6.199616 ], [ 106.496026, -6.199046 ], [ 106.495241, -6.202559 ], [ 106.497791, -6.203129 ] ] ] } },
{ "type": "Feature", "properties": { "name": "GOOFY PADEL - Bintaro" }, "geometry": { "type": "Polygon", "coordinates": [ [ [ 106.503873, -6.204489 ], [ 106.506722, -6.205126 ], [ 106.509913, -6.205839 ], [ 106.513103, -6.206553 ], [ 106.519842, -6.209926 ], [ 106.520213, -6.209984 ], [ 106.521167, -6.209755 ], [ 106.523332, -6.208268 ], [ 106.525587, -6.207366 ], [ 106.528931, -6.207419 ], [ 106.531032, -6.207552 ], [ 106.533056, -6.207785 ], [ 106.534765, -6.216477 ], [ 106.533147, -6.217811 ], [ 106.531182, -6.218524 ], [ 106.529135, -6.218686 ], [ 106.52873, -6.219017 ], [ 106.528526, -6.219259 ], [ 106.528262, -6.219648 ], [ 106.528152, -6.219841 ], [ 106.528514, -6.220855 ], [ 106.528744, -6.221174 ], [ 106.528876, -6.221295 ], [ 106.531849, -6.222758 ], [ 106.537908, -6.229043 ], [ 106.539087, -6.230608 ], [ 106.543908, -6.234268 ], [ 106.545477, -6.23501 ], [ 106.54561, -6.235058 ], [ 106.550562, -6.237685 ], [ 106.55156, -6.242465 ], [ 106.551549, -6.242833 ], [ 106.55307, -6.244293 ], [ 106.553292, -6.244329 ], [ 106.554988, -6.243219 ], [ 106.563594, -6.244657 ], [ 106.564275, -6.246677 ], [ 106.564321, -6.24671 ], [ 106.565328, -6.246969 ], [ 106.565592, -6.246933 ], [ 106.566997, -6.246223 ], [ 106.567689, -6.244143 ], [ 106.56823, -6.241713 ], [ 106.568942, -6.234289 ], [ 106.570807, -6.232439 ], [ 106.574674, -6.229276 ], [ 106.580924, -6.235444 ], [ 106.58084, -6.237082 ], [ 106.580087, -6.239648 ], [ 106.58075, -6.242002 ], [ 106.58079, -6.242027 ], [ 106.581332, -6.241952 ], [ 106.583141, -6.241553 ], [ 106.583222, -6.241423 ], [ 106.586359, -6.238639 ], [ 106.592589, -6.239735 ], [ 106.593002, -6.240148 ], [ 106.594376, -6.240996 ], [ 106.593647, -6.249378 ], [ 106.590899, -6.249365 ], [ 106.590412, -6.249238 ], [ 106.589843, -6.249595 ], [ 106.58876, -6.250462 ], [ 106.588723, -6.250581 ], [ 106.582866, -6.256836 ], [ 106.580948, -6.258204 ], [ 106.57877, -6.259239 ], [ 106.578732, -6.259313 ], [ 106.579438, -6.261698 ], [ 106.571413, -6.264765 ], [ 106.571049, -6.264414 ], [ 106.570569, -6.264085 ], [ 106.569084, -6.262595 ], [ 106.568129, -6.262065 ], [ 106.565873, -6.26194 ], [ 106.56533, -6.262372 ], [ 106.565293, -6.262415 ], [ 106.564865, -6.263585 ], [ 106.565424, -6.265037 ], [ 106.567093, -6.270049 ], [ 106.56241, -6.27552 ], [ 106.555485, -6.276112 ], [ 106.555194, -6.276004 ], [ 106.555128, -6.276001 ], [ 106.553409, -6.277049 ], [ 106.552808, -6.279517 ], [ 106.551947, -6.284096 ], [ 106.551873, -6.28442 ], [ 106.551772, -6.287466 ], [ 106.551757, -6.287846 ], [ 106.553165, -6.296083 ], [ 106.553177, -6.2963 ], [ 106.553666, -6.299098 ], [ 106.553696, -6.299263 ], [ 106.555659, -6.300565 ], [ 106.555714, -6.300558 ], [ 106.564062, -6.302149 ], [ 106.564813, -6.305669 ], [ 106.561608, -6.310564 ], [ 106.561185, -6.310832 ], [ 106.557124, -6.312624 ], [ 106.556049, -6.313612 ], [ 106.547609, -6.31314 ], [ 106.54728, -6.313152 ], [ 106.540366, -6.312675 ], [ 106.538219, -6.315553 ], [ 106.53856, -6.316495 ], [ 106.538677, -6.316763 ], [ 106.541019, -6.321918 ], [ 106.542504, -6.325385 ], [ 106.544877, -6.327452 ], [ 106.546094, -6.328438 ], [ 106.546591, -6.328558 ], [ 106.546829, -6.328588 ], [ 106.553882, -6.331336 ], [ 106.55979, -6.336121 ], [ 106.558703, -6.343107 ], [ 106.557314, -6.344939 ], [ 106.556025, -6.350032 ], [ 106.556385, -6.351701 ], [ 106.556898, -6.353741 ], [ 106.557078, -6.35387 ], [ 106.558323, -6.354164 ], [ 106.558442, -6.354177 ], [ 106.55928, -6.353841 ], [ 106.559702, -6.353542 ], [ 106.559801, -6.353425 ], [ 106.563103, -6.349217 ], [ 106.563851, -6.348483 ], [ 106.563914, -6.348425 ], [ 106.565175, -6.347494 ], [ 106.573311, -6.351269 ], [ 106.57325, -6.353598 ], [ 106.573259, -6.35362 ], [ 106.576521, -6.357059 ], [ 106.578234, -6.358441 ], [ 106.579812, -6.359469 ], [ 106.583042, -6.36177 ], [ 106.58446, -6.361762 ], [ 106.584621, -6.361707 ], [ 106.584984, -6.361565 ], [ 106.586048, -6.359788 ], [ 106.585537, -6.359014 ], [ 106.584472, -6.357231 ], [ 106.582893, -6.353094 ], [ 106.582808, -6.349495 ], [ 106.586177, -6.343633 ], [ 106.591175, -6.341571 ], [ 106.598117, -6.345356 ], [ 106.597995, -6.353687 ], [ 106.597897, -6.354159 ], [ 106.597892, -6.355573 ], [ 106.599447, -6.357209 ], [ 106.601538, -6.359056 ], [ 106.603462, -6.36236 ], [ 106.598825, -6.36773 ], [ 106.598784, -6.368363 ], [ 106.598785, -6.369081 ], [ 106.597965, -6.37298 ], [ 106.598577, -6.376806 ], [ 106.600127, -6.384651 ], [ 106.601318, -6.385327 ], [ 106.603845, -6.38641 ], [ 106.608491, -6.391902 ], [ 106.609349, -6.391962 ], [ 106.611152, -6.40062 ], [ 106.609786, -6.40172 ], [ 106.60936, -6.401945 ], [ 106.609038, -6.402198 ], [ 106.608668, -6.402598 ], [ 106.608412, -6.402978 ], [ 106.608053, -6.403645 ], [ 106.60912, -6.406696 ], [ 106.614651, -6.411724 ], [ 106.616162, -6.413319 ], [ 106.616294, -6.413335 ], [ 106.619141, -6.412771 ], [ 106.620171, -6.411823 ], [ 106.620407, -6.411624 ], [ 106.624702, -6.40634 ], [ 106.628506, -6.403365 ], [ 106.634011, -6.408624 ], [ 106.633761, -6.412215 ], [ 106.636887, -6.420153 ], [ 106.636104, -6.424884 ], [ 106.637123, -6.427558 ], [ 106.637259, -6.427593 ], [ 106.638582, -6.427494 ], [ 106.641189, -6.426065 ], [ 106.644641, -6.424547 ], [ 106.644824, -6.422614 ], [ 106.644926, -6.422133 ], [ 106.644932, -6.421548 ], [ 106.644806, -6.420897 ], [ 106.644529, -6.420025 ], [ 106.644461, -6.41977 ], [ 106.644034, -6.41665 ], [ 106.644675, -6.413 ], [ 106.644688, -6.412783 ], [ 106.643936, -6.404781 ], [ 106.643922, -6.404656 ], [ 106.644382, -6.400646 ], [ 106.653042, -6.400675 ], [ 106.653325, -6.401043 ], [ 106.653755, -6.401441 ], [ 106.654484, -6.401785 ], [ 106.655192, -6.401833 ], [ 106.65539, -6.401818 ], [ 106.655856, -6.401721 ], [ 106.656524, -6.401373 ], [ 106.656942, -6.400912 ], [ 106.665042, -6.398327 ], [ 106.66641, -6.39932 ], [ 106.666506, -6.399402 ], [ 106.671467, -6.402096 ], [ 106.673422, -6.403974 ], [ 106.675318, -6.405659 ], [ 106.677895, -6.408033 ], [ 106.678746, -6.409088 ], [ 106.680042, -6.409877 ], [ 106.681887, -6.411867 ], [ 106.682182, -6.418505 ], [ 106.676766, -6.421104 ], [ 106.676555, -6.421079 ], [ 106.674813, -6.422422 ], [ 106.668931, -6.427413 ], [ 106.665599, -6.426629 ], [ 106.665392, -6.426624 ], [ 106.659053, -6.421644 ], [ 106.658972, -6.419629 ], [ 106.657993, -6.417556 ], [ 106.657945, -6.417533 ], [ 106.655874, -6.417933 ], [ 106.65575, -6.418118 ], [ 106.655483, -6.418741 ], [ 106.654334, -6.421781 ], [ 106.654134, -6.422342 ], [ 106.654138, -6.422399 ], [ 106.655191, -6.425533 ], [ 106.656218, -6.42987 ], [ 106.655594, -6.433177 ], [ 106.655564, -6.433272 ], [ 106.655908, -6.436121 ], [ 106.655936, -6.436311 ], [ 106.658485, -6.437826 ], [ 106.664122, -6.444611 ], [ 106.664066, -6.445015 ], [ 106.663556, -6.446839 ], [ 106.661766, -6.451225 ], [ 106.661385, -6.451732 ], [ 106.654937, -6.456158 ], [ 106.654025, -6.457679 ], [ 106.653669, -6.458434 ], [ 106.653604, -6.458904 ], [ 106.653707, -6.459659 ], [ 106.655542, -6.464241 ], [ 106.656422, -6.465536 ], [ 106.66168, -6.469487 ], [ 106.663224, -6.472714 ], [ 106.670913, -6.475851 ], [ 106.67434, -6.480206 ], [ 106.676117, -6.480071 ], [ 106.676462, -6.479989 ], [ 106.677819, -6.479279 ], [ 106.67744, -6.477856 ], [ 106.676826, -6.476276 ], [ 106.675811, -6.475258 ], [ 106.680757, -6.467789 ], [ 106.681337, -6.467963 ], [ 106.68664, -6.469185 ], [ 106.686988, -6.469199 ], [ 106.692711, -6.470325 ], [ 106.697769, -6.472256 ], [ 106.697861, -6.472271 ], [ 106.704077, -6.4726 ], [ 106.70638, -6.476068 ], [ 106.707139, -6.476686 ], [ 106.711038, -6.484631 ], [ 106.711078, -6.484965 ], [ 106.711289, -6.485666 ], [ 106.712093, -6.488566 ], [ 106.713221, -6.490312 ], [ 106.715014, -6.492074 ], [ 106.716537, -6.493019 ], [ 106.716199, -6.501679 ], [ 106.716206, -6.501863 ], [ 106.717712, -6.503587 ], [ 106.722292, -6.507101 ], [ 106.72245, -6.507135 ], [ 106.728977, -6.508931 ], [ 106.733301, -6.509616 ], [ 106.733894, -6.509807 ], [ 106.734367, -6.509975 ], [ 106.736372, -6.509352 ], [ 106.736421, -6.509256 ], [ 106.742301, -6.505774 ], [ 106.74414, -6.505975 ], [ 106.744912, -6.505978 ], [ 106.74692, -6.506378 ], [ 106.750935, -6.508679 ], [ 106.751955, -6.510067 ], [ 106.749557, -6.518462 ], [ 106.745505, -6.518084 ], [ 106.744568, -6.518144 ], [ 106.74382, -6.518588 ], [ 106.743416, -6.519145 ], [ 106.74337, -6.519244 ], [ 106.743452, -6.519603 ], [ 106.744503, -6.523772 ], [ 106.746407, -6.52545 ], [ 106.750503, -6.529804 ], [ 106.756333, -6.531146 ], [ 106.758563, -6.539045 ], [ 106.758348, -6.539918 ], [ 106.756138, -6.544588 ], [ 106.756115, -6.544841 ], [ 106.756189, -6.549292 ], [ 106.75962, -6.554271 ], [ 106.761433, -6.554817 ], [ 106.763164, -6.553636 ], [ 106.770319, -6.557252 ], [ 106.770446, -6.557745 ], [ 106.772361, -6.559187 ], [ 106.778828, -6.562083 ], [ 106.779701, -6.562115 ], [ 106.780175, -6.562108 ], [ 106.780409, -6.562054 ], [ 106.783737, -6.560191 ], [ 106.785465, -6.557033 ], [ 106.785175, -6.55674 ], [ 106.784699, -6.556478 ], [ 106.782867, -6.55516 ], [ 106.778656, -6.548609 ], [ 106.77688, -6.5465 ], [ 106.78274, -6.54024 ], [ 106.782958, -6.540205 ], [ 106.788763, -6.536484 ], [ 106.790997, -6.535303 ], [ 106.791136, -6.535162 ], [ 106.791292, -6.534606 ], [ 106.791302, -6.534571 ], [ 106.791293, -6.534476 ], [ 106.789818, -6.531811 ], [ 106.788539, -6.530403 ], [ 106.786831, -6.528968 ], [ 106.786746, -6.528963 ], [ 106.78665, -6.528968 ], [ 106.7789, -6.5291 ], [ 106.775253, -6.52507 ], [ 106.775211, -6.525017 ], [ 106.774606, -6.524405 ], [ 106.774432, -6.52434 ], [ 106.774106, -6.524249 ], [ 106.768939, -6.519759 ], [ 106.775675, -6.514022 ], [ 106.782016, -6.513487 ], [ 106.782148, -6.513545 ], [ 106.784429, -6.512504 ], [ 106.785037, -6.511841 ], [ 106.785038, -6.511837 ], [ 106.784931, -6.509183 ], [ 106.78499, -6.508312 ], [ 106.787223, -6.503894 ], [ 106.793242, -6.50218 ], [ 106.795799, -6.502298 ], [ 106.795916, -6.502166 ], [ 106.795977, -6.499838 ], [ 106.79659, -6.494796 ], [ 106.799684, -6.488061 ], [ 106.799721, -6.48799 ], [ 106.806643, -6.482591 ], [ 106.807125, -6.482589 ], [ 106.80718, -6.48259 ], [ 106.80731, -6.482531 ], [ 106.80931, -6.480869 ], [ 106.809315, -6.480809 ], [ 106.808362, -6.47919 ], [ 106.809386, -6.470763 ], [ 106.809422, -6.470616 ], [ 106.810061, -6.463772 ], [ 106.810053, -6.463544 ], [ 106.80902, -6.456947 ], [ 106.813529, -6.451063 ], [ 106.813612, -6.450889 ], [ 106.813027, -6.448414 ], [ 106.812981, -6.442628 ], [ 106.819616, -6.441911 ], [ 106.819765, -6.44195 ], [ 106.828319, -6.444126 ], [ 106.829249, -6.445216 ], [ 106.829751, -6.445757 ], [ 106.829848, -6.445778 ], [ 106.834646, -6.447502 ], [ 106.838708, -6.453184 ], [ 106.839657, -6.45521 ], [ 106.835931, -6.462487 ], [ 106.834442, -6.465139 ], [ 106.83374, -6.466541 ], [ 106.833664, -6.467353 ], [ 106.833672, -6.4674 ], [ 106.8339, -6.468021 ], [ 106.834777, -6.468685 ], [ 106.834827, -6.468712 ], [ 106.838186, -6.473003 ], [ 106.838828, -6.47349 ], [ 106.837955, -6.481677 ], [ 106.833155, -6.481411 ], [ 106.831606, -6.480734 ], [ 106.830842, -6.480492 ], [ 106.829574, -6.479797 ], [ 106.82928, -6.479679 ], [ 106.829031, -6.479712 ], [ 106.827946, -6.483023 ], [ 106.827897, -6.483128 ], [ 106.831921, -6.490331 ], [ 106.833303, -6.494167 ], [ 106.833374, -6.494179 ], [ 106.833574, -6.494088 ], [ 106.835475, -6.492214 ], [ 106.841304, -6.498953 ], [ 106.84097, -6.502423 ], [ 106.840959, -6.502503 ], [ 106.840964, -6.506577 ], [ 106.840932, -6.5068 ], [ 106.842422, -6.508601 ], [ 106.842422, -6.508601 ], [ 106.842462, -6.508608 ], [ 106.842462, -6.508608 ], [ 106.844496, -6.507308 ], [ 106.844528, -6.507085 ], [ 106.844828, -6.504792 ], [ 106.84521, -6.503057 ], [ 106.845898, -6.49925 ], [ 106.846334, -6.496953 ], [ 106.846718, -6.494952 ], [ 106.846908, -6.49391 ], [ 106.84789, -6.491525 ], [ 106.848226, -6.490952 ], [ 106.856447, -6.488204 ], [ 106.856522, -6.488205 ], [ 106.858395, -6.485177 ], [ 106.864387, -6.482115 ], [ 106.869067, -6.485118 ], [ 106.869272, -6.485391 ], [ 106.870963, -6.486388 ], [ 106.871149, -6.486391 ], [ 106.872357, -6.48622 ], [ 106.872437, -6.486179 ], [ 106.877078, -6.48082 ], [ 106.878437, -6.478333 ], [ 106.879739, -6.475529 ], [ 106.880591, -6.473818 ], [ 106.881379, -6.472246 ], [ 106.882866, -6.469362 ], [ 106.884515, -6.466092 ], [ 106.890734, -6.464444 ], [ 106.891751, -6.464324 ], [ 106.891945, -6.464274 ], [ 106.892887, -6.461558 ], [ 106.89084, -6.453632 ], [ 106.891653, -6.452002 ], [ 106.893026, -6.449272 ], [ 106.893254, -6.448773 ], [ 106.893453, -6.448268 ], [ 106.893682, -6.447599 ], [ 106.893875, -6.446933 ], [ 106.894025, -6.446334 ], [ 106.894218, -6.445341 ], [ 106.894711, -6.442475 ], [ 106.895197, -6.439642 ], [ 106.895684, -6.436809 ], [ 106.897292, -6.430109 ], [ 106.898053, -6.427758 ], [ 106.898342, -6.426663 ], [ 106.898653, -6.425164 ], [ 106.89877, -6.424283 ], [ 106.903559, -6.417161 ], [ 106.910236, -6.412109 ], [ 106.912395, -6.408911 ], [ 106.913566, -6.407205 ], [ 106.914693, -6.405603 ], [ 106.914965, -6.405211 ], [ 106.914512, -6.403348 ], [ 106.914397, -6.403212 ], [ 106.911347, -6.398326 ], [ 106.916544, -6.391693 ], [ 106.917066, -6.391448 ], [ 106.918195, -6.390823 ], [ 106.92302, -6.387688 ], [ 106.928119, -6.386223 ], [ 106.932332, -6.385869 ], [ 106.93706, -6.388818 ], [ 106.938316, -6.390978 ], [ 106.938324, -6.390981 ], [ 106.941482, -6.391037 ], [ 106.948449, -6.392796 ], [ 106.948888, -6.393015 ], [ 106.952285, -6.393937 ], [ 106.956061, -6.401218 ], [ 106.956591, -6.40289 ], [ 106.959561, -6.404827 ], [ 106.960059, -6.405106 ], [ 106.962227, -6.40602 ], [ 106.96375, -6.406638 ], [ 106.964668, -6.405468 ], [ 106.965104, -6.403302 ], [ 106.970115, -6.395998 ], [ 106.971629, -6.394235 ], [ 106.973397, -6.38884 ], [ 106.973568, -6.388519 ], [ 106.973646, -6.388336 ], [ 106.975871, -6.381178 ], [ 106.980935, -6.379793 ], [ 106.983547, -6.379973 ], [ 106.986683, -6.38021 ], [ 106.988169, -6.380109 ], [ 106.989289, -6.379929 ], [ 106.990764, -6.379497 ], [ 106.992378, -6.378845 ], [ 106.996243, -6.376621 ], [ 106.998204, -6.375586 ], [ 106.999791, -6.37464 ], [ 107.001014, -6.373663 ], [ 107.002124, -6.372629 ], [ 107.002833, -6.371803 ], [ 107.004274, -6.369874 ], [ 107.005927, -6.367526 ], [ 107.007555, -6.365212 ], [ 107.013757, -6.35944 ], [ 107.016642, -6.357234 ], [ 107.014455, -6.354374 ], [ 107.01157, -6.35658 ], [ 107.008685, -6.358785 ], [ 107.007987, -6.359371 ], [ 107.007307, -6.359985 ], [ 107.006539, -6.360757 ], [ 107.005846, -6.361543 ], [ 107.005185, -6.362367 ], [ 107.004662, -6.36307 ], [ 107.002984, -6.365453 ], [ 107.00133, -6.367801 ], [ 106.996392, -6.372475 ], [ 106.994566, -6.373435 ], [ 106.992672, -6.374432 ], [ 106.986455, -6.376617 ], [ 106.98384, -6.376385 ], [ 106.981182, -6.376202 ], [ 106.978547, -6.37602 ], [ 106.976124, -6.367741 ], [ 106.976131, -6.367726 ], [ 106.975052, -6.365266 ], [ 106.975048, -6.365265 ], [ 106.97287, -6.366199 ], [ 106.970821, -6.368469 ], [ 106.970301, -6.369657 ], [ 106.969558, -6.371513 ], [ 106.969544, -6.371545 ], [ 106.965882, -6.37506 ], [ 106.958517, -6.371021 ], [ 106.958441, -6.370913 ], [ 106.955492, -6.372978 ], [ 106.946596, -6.372582 ], [ 106.939998, -6.371146 ], [ 106.938197, -6.367166 ], [ 106.938425, -6.363203 ], [ 106.93877, -6.362327 ], [ 106.938215, -6.357802 ], [ 106.935687, -6.350997 ], [ 106.936421, -6.348963 ], [ 106.936373, -6.347465 ], [ 106.935099, -6.338877 ], [ 106.935745, -6.336917 ], [ 106.935825, -6.336725 ], [ 106.938414, -6.329559 ], [ 106.943641, -6.32465 ], [ 106.948872, -6.319547 ], [ 106.950843, -6.318599 ], [ 106.958942, -6.317514 ], [ 106.960153, -6.31664 ], [ 106.960376, -6.31611 ], [ 106.960417, -6.31423 ], [ 106.959223, -6.305977 ], [ 106.959965, -6.304973 ], [ 106.96844, -6.30224 ], [ 106.970172, -6.30351 ], [ 106.970422, -6.303495 ], [ 106.971191, -6.303239 ], [ 106.97653, -6.300335 ], [ 106.976576, -6.300279 ], [ 106.976238, -6.297748 ], [ 106.976036, -6.297633 ], [ 106.9732, -6.295326 ], [ 106.971181, -6.286962 ], [ 106.971647, -6.282139 ], [ 106.971778, -6.279905 ], [ 106.971727, -6.279831 ], [ 106.970998, -6.279338 ], [ 106.970968, -6.279325 ], [ 106.969731, -6.279369 ], [ 106.964362, -6.276052 ], [ 106.963834, -6.271696 ], [ 106.962554, -6.269801 ], [ 106.959864, -6.26408 ], [ 106.964158, -6.25658 ], [ 106.964649, -6.256378 ], [ 106.965433, -6.255993 ], [ 106.965667, -6.255885 ], [ 106.966066, -6.255695 ], [ 106.967009, -6.255204 ], [ 106.968375, -6.254377 ], [ 106.969113, -6.251162 ], [ 106.969204, -6.247563 ], [ 106.968447, -6.247543 ], [ 106.96701, -6.247541 ], [ 106.964702, -6.247566 ], [ 106.961462, -6.247647 ], [ 106.956659, -6.243289 ], [ 106.956437, -6.242731 ], [ 106.954879, -6.240463 ], [ 106.95417, -6.239113 ], [ 106.952878, -6.234106 ], [ 106.949283, -6.234288 ], [ 106.949321, -6.235047 ], [ 106.949433, -6.236093 ], [ 106.94961, -6.237025 ], [ 106.949819, -6.237861 ], [ 106.949932, -6.23823 ], [ 106.950158, -6.238889 ], [ 106.950565, -6.239905 ], [ 106.950916, -6.240653 ], [ 106.948122, -6.24792 ], [ 106.944214, -6.247024 ], [ 106.942578, -6.245151 ], [ 106.942549, -6.245149 ], [ 106.936181, -6.24028 ], [ 106.934403, -6.238462 ], [ 106.934349, -6.238461 ], [ 106.932584, -6.240152 ], [ 106.932582, -6.240186 ], [ 106.928916, -6.246115 ], [ 106.924589, -6.244417 ], [ 106.9233, -6.241002 ], [ 106.924143, -6.234877 ], [ 106.923968, -6.231747 ], [ 106.924169, -6.230796 ], [ 106.924217, -6.23058 ], [ 106.922914, -6.228677 ], [ 106.922827, -6.228656 ], [ 106.922816, -6.228653 ], [ 106.922686, -6.228623 ], [ 106.920702, -6.229802 ], [ 106.911835, -6.230438 ], [ 106.910783, -6.2288 ], [ 106.910036, -6.228796 ], [ 106.908971, -6.228776 ], [ 106.908893, -6.228771 ], [ 106.902768, -6.227723 ], [ 106.899771, -6.219508 ], [ 106.901598, -6.218688 ], [ 106.906588, -6.2155 ], [ 106.909984, -6.215921 ], [ 106.911185, -6.216064 ], [ 106.91161, -6.212489 ], [ 106.90389, -6.207911 ], [ 106.902441, -6.206175 ], [ 106.899289, -6.199949 ], [ 106.901046, -6.193592 ], [ 106.901051, -6.193531 ], [ 106.899509, -6.19164 ], [ 106.898111, -6.18932 ], [ 106.897474, -6.185776 ], [ 106.902637, -6.180787 ], [ 106.903399, -6.179059 ], [ 106.903452, -6.178926 ], [ 106.903959, -6.177439 ], [ 106.902786, -6.176874 ], [ 106.898877, -6.173986 ], [ 106.896483, -6.169982 ], [ 106.896461, -6.169968 ], [ 106.892208, -6.16666 ], [ 106.891241, -6.165528 ], [ 106.891188, -6.165501 ], [ 106.889116, -6.164816 ], [ 106.887385, -6.156452 ], [ 106.888324, -6.155738 ], [ 106.888598, -6.155197 ], [ 106.889097, -6.154334 ], [ 106.890131, -6.151375 ], [ 106.89126, -6.148723 ], [ 106.891589, -6.147495 ], [ 106.892233, -6.144362 ], [ 106.892536, -6.142994 ], [ 106.892631, -6.142525 ], [ 106.893132, -6.1404 ], [ 106.893327, -6.139575 ], [ 106.893317, -6.139085 ], [ 106.889809, -6.138274 ], [ 106.889188, -6.140699 ], [ 106.888682, -6.142287 ], [ 106.883343, -6.147923 ], [ 106.882996, -6.148204 ], [ 106.882857, -6.148577 ], [ 106.882744, -6.14896 ], [ 106.877508, -6.155676 ], [ 106.869153, -6.156595 ], [ 106.868568, -6.157907 ], [ 106.867368, -6.159721 ], [ 106.866468, -6.168565 ], [ 106.865698, -6.168939 ], [ 106.864274, -6.169595 ], [ 106.864208, -6.169626 ], [ 106.860333, -6.17165 ], [ 106.859397, -6.171868 ], [ 106.858914, -6.172013 ], [ 106.858591, -6.172096 ], [ 106.85044, -6.170061 ], [ 106.849784, -6.162262 ], [ 106.850655, -6.160209 ], [ 106.851038, -6.155939 ], [ 106.851029, -6.155859 ], [ 106.848932, -6.154132 ], [ 106.851175, -6.146007 ], [ 106.853092, -6.142666 ], [ 106.852438, -6.139126 ], [ 106.852148, -6.133587 ], [ 106.856404, -6.130072 ], [ 106.859565, -6.12912 ], [ 106.859858, -6.12903 ], [ 106.867993, -6.125383 ], [ 106.870185, -6.125798 ], [ 106.87124, -6.126011 ], [ 106.874627, -6.126642 ], [ 106.875286, -6.123103 ], [ 106.876326, -6.115118 ], [ 106.878139, -6.113352 ], [ 106.879936, -6.112201 ], [ 106.880276, -6.112025 ], [ 106.880725, -6.109802 ], [ 106.880721, -6.109795 ], [ 106.878626, -6.108826 ], [ 106.875895, -6.11002 ], [ 106.875238, -6.110348 ], [ 106.868939, -6.113241 ], [ 106.861976, -6.114203 ], [ 106.861946, -6.114204 ], [ 106.86143, -6.114286 ], [ 106.861401, -6.114295 ], [ 106.855475, -6.11735 ], [ 106.849724, -6.118323 ], [ 106.845192, -6.11938 ], [ 106.84489, -6.119445 ], [ 106.844335, -6.119641 ], [ 106.840603, -6.122276 ], [ 106.833179, -6.121937 ], [ 106.831221, -6.120259 ], [ 106.830039, -6.119217 ], [ 106.829968, -6.119203 ], [ 106.827836, -6.121163 ], [ 106.820578, -6.116935 ], [ 106.818358, -6.11396 ], [ 106.817617, -6.113854 ], [ 106.809042, -6.116164 ], [ 106.80683, -6.110771 ], [ 106.806645, -6.109863 ], [ 106.80542, -6.10608 ], [ 106.805221, -6.105018 ], [ 106.804969, -6.102359 ], [ 106.804968, -6.102259 ], [ 106.805659, -6.095859 ], [ 106.805576, -6.095392 ], [ 106.803161, -6.094482 ], [ 106.803101, -6.094493 ], [ 106.800015, -6.096884 ], [ 106.799234, -6.098191 ], [ 106.797654, -6.103877 ], [ 106.796185, -6.107549 ], [ 106.789986, -6.109781 ], [ 106.789919, -6.109792 ], [ 106.789854, -6.109837 ], [ 106.789832, -6.10987 ], [ 106.782896, -6.111219 ], [ 106.780951, -6.1068 ], [ 106.780382, -6.106583 ], [ 106.779109, -6.106089 ], [ 106.77905, -6.106069 ], [ 106.775062, -6.104354 ], [ 106.774299, -6.10461 ], [ 106.773087, -6.105093 ], [ 106.771634, -6.105592 ], [ 106.770374, -6.106229 ], [ 106.76966, -6.106723 ], [ 106.769543, -6.107016 ], [ 106.766493, -6.110676 ], [ 106.760621, -6.10939 ], [ 106.7582, -6.108687 ], [ 106.75379, -6.102893 ], [ 106.753517, -6.102887 ], [ 106.752268, -6.102738 ], [ 106.745324, -6.097802 ], [ 106.748026, -6.094361 ], [ 106.750193, -6.093253 ], [ 106.750203, -6.093227 ], [ 106.750037, -6.088558 ], [ 106.750044, -6.087879 ], [ 106.750035, -6.087832 ], [ 106.748739, -6.086528 ], [ 106.748518, -6.086496 ], [ 106.740712, -6.086711 ], [ 106.739005, -6.085257 ], [ 106.738445, -6.084753 ], [ 106.736037, -6.087429 ], [ 106.737118, -6.095808 ], [ 106.736585, -6.096507 ], [ 106.729288, -6.101087 ], [ 106.727988, -6.099396 ], [ 106.727287, -6.098419 ], [ 106.724885, -6.093004 ], [ 106.724863, -6.092821 ], [ 106.722973, -6.090718 ], [ 106.719939, -6.090273 ], [ 106.711318, -6.089292 ], [ 106.705046, -6.086316 ], [ 106.703347, -6.086817 ], [ 106.703128, -6.087019 ], [ 106.702221, -6.088548 ], [ 106.697951, -6.096233 ], [ 106.697534, -6.098077 ], [ 106.694165, -6.10492 ], [ 106.691398, -6.106604 ], [ 106.690832, -6.107022 ], [ 106.689984, -6.107703 ], [ 106.688685, -6.108651 ], [ 106.680265, -6.109664 ], [ 106.676706, -6.110206 ], [ 106.67429, -6.116826 ], [ 106.669507, -6.118779 ], [ 106.668934, -6.11895 ], [ 106.668023, -6.119311 ], [ 106.667025, -6.120859 ], [ 106.669348, -6.122658 ], [ 106.669961, -6.122941 ], [ 106.673227, -6.123299 ], [ 106.676827, -6.131108 ], [ 106.674719, -6.132442 ], [ 106.671352, -6.136274 ], [ 106.667902, -6.137851 ], [ 106.667205, -6.138054 ], [ 106.666662, -6.138253 ], [ 106.666109, -6.138493 ], [ 106.665493, -6.138787 ], [ 106.664928, -6.139088 ], [ 106.663957, -6.139709 ], [ 106.66322, -6.140278 ], [ 106.662582, -6.140858 ], [ 106.655965, -6.1452 ], [ 106.649759, -6.148243 ], [ 106.645977, -6.148285 ], [ 106.642789, -6.147397 ], [ 106.634425, -6.144585 ], [ 106.63284, -6.143555 ], [ 106.632638, -6.14353 ], [ 106.630826, -6.144531 ], [ 106.630817, -6.145123 ], [ 106.624667, -6.151231 ], [ 106.622419, -6.15205 ], [ 106.62231, -6.152356 ], [ 106.622627, -6.154198 ], [ 106.62406, -6.158816 ], [ 106.623543, -6.162379 ], [ 106.615503, -6.164298 ], [ 106.615493, -6.164293 ], [ 106.61472, -6.164612 ], [ 106.613037, -6.165444 ], [ 106.607037, -6.16955 ], [ 106.605451, -6.171452 ], [ 106.605451, -6.171465 ], [ 106.607364, -6.173135 ], [ 106.610715, -6.17778 ], [ 106.605408, -6.182886 ], [ 106.604099, -6.18288 ], [ 106.602206, -6.184532 ], [ 106.59499, -6.187548 ], [ 106.593666, -6.189282 ], [ 106.593666, -6.189307 ], [ 106.595067, -6.191147 ], [ 106.595504, -6.191138 ], [ 106.600506, -6.191884 ], [ 106.601221, -6.192307 ], [ 106.603912, -6.19356 ], [ 106.602891, -6.202491 ], [ 106.601988, -6.203375 ], [ 106.601922, -6.203468 ], [ 106.60141, -6.204328 ], [ 106.600874, -6.205473 ], [ 106.599786, -6.210263 ], [ 106.599772, -6.21031 ], [ 106.598276, -6.213949 ], [ 106.595961, -6.217859 ], [ 106.588953, -6.221037 ], [ 106.585447, -6.220713 ], [ 106.583538, -6.22068 ], [ 106.581942, -6.220389 ], [ 106.576122, -6.215283 ], [ 106.576446, -6.212455 ], [ 106.575109, -6.206608 ], [ 106.580209, -6.199782 ], [ 106.58283, -6.198468 ], [ 106.585224, -6.197392 ], [ 106.585301, -6.197323 ], [ 106.585303, -6.19503 ], [ 106.585293, -6.195018 ], [ 106.585251, -6.194968 ], [ 106.585229, -6.194945 ], [ 106.582898, -6.194642 ], [ 106.580806, -6.19427 ], [ 106.576385, -6.193353 ], [ 106.569543, -6.195123 ], [ 106.569543, -6.195123 ], [ 106.562024, -6.19996 ], [ 106.55983, -6.200217 ], [ 106.557792, -6.201303 ], [ 106.557748, -6.201407 ], [ 106.558542, -6.203579 ], [ 106.559364, -6.210151 ], [ 106.550815, -6.210568 ], [ 106.549108, -6.209064 ], [ 106.547904, -6.208172 ], [ 106.547059, -6.207644 ], [ 106.546086, -6.207113 ], [ 106.545118, -6.206665 ], [ 106.544341, -6.206354 ], [ 106.543119, -6.20597 ], [ 106.542236, -6.205743 ], [ 106.537903, -6.204983 ], [ 106.533463, -6.204208 ], [ 106.531256, -6.203959 ], [ 106.528988, -6.203819 ], [ 106.525658, -6.203767 ], [ 106.523789, -6.20373 ], [ 106.520393, -6.203647 ], [ 106.516216, -6.203363 ], [ 106.510698, -6.202326 ], [ 106.507507, -6.201613 ], [ 106.504659, -6.200976 ], [ 106.50181, -6.200339 ], [ 106.501025, -6.203852 ], [ 106.503873, -6.204489 ] ] ] } },
{ "type": "Feature", "properties": { "name": "Hyper Padel Tangerang" }, "geometry": { "type": "Polygon", "coordinates": [ [ [ 106.383721, -6.178966 ], [ 106.391227, -6.182302 ], [ 106.392701, -6.183278 ], [ 106.393906, -6.183892 ], [ 106.395045, -6.184391 ], [ 106.396153, -6.184766 ], [ 106.397933, -6.185188 ], [ 106.399791, -6.185487 ], [ 106.407117, -6.188319 ], [ 106.408596, -6.189653 ], [ 106.410186, -6.191077 ], [ 106.41162, -6.19219 ], [ 106.413146, -6.193076 ], [ 106.413818, -6.19339 ], [ 106.414878, -6.193839 ], [ 106.416579, -6.194369 ], [ 106.417845, -6.194623 ], [ 106.4191, -6.194782 ], [ 106.420545, -6.194854 ], [ 106.422366, -6.194908 ], [ 106.424093, -6.194985 ], [ 106.424823, -6.19506 ], [ 106.425566, -6.195174 ], [ 106.426877, -6.195471 ], [ 106.42824, -6.195915 ], [ 106.429495, -6.196458 ], [ 106.431901, -6.197863 ], [ 106.436873, -6.204705 ], [ 106.437145, -6.205214 ], [ 106.438303, -6.209384 ], [ 106.432861, -6.216402 ], [ 106.432785, -6.216515 ], [ 106.430792, -6.219348 ], [ 106.423156, -6.222264 ], [ 106.420744, -6.223016 ], [ 106.420571, -6.223291 ], [ 106.420459, -6.224648 ], [ 106.420918, -6.225168 ], [ 106.423848, -6.228445 ], [ 106.428476, -6.235798 ], [ 106.42987, -6.236823 ], [ 106.430161, -6.236814 ], [ 106.434274, -6.233202 ], [ 106.436648, -6.230888 ], [ 106.437518, -6.229654 ], [ 106.438357, -6.228581 ], [ 106.442563, -6.224946 ], [ 106.443388, -6.224117 ], [ 106.44768, -6.219735 ], [ 106.449922, -6.216917 ], [ 106.458357, -6.216456 ], [ 106.46215, -6.223906 ], [ 106.461498, -6.226334 ], [ 106.462157, -6.227343 ], [ 106.463718, -6.228889 ], [ 106.469673, -6.234572 ], [ 106.470821, -6.238172 ], [ 106.470939, -6.24121 ], [ 106.471268, -6.242272 ], [ 106.471304, -6.24235 ], [ 106.471743, -6.242906 ], [ 106.472194, -6.243018 ], [ 106.474311, -6.242518 ], [ 106.474764, -6.241585 ], [ 106.477247, -6.237984 ], [ 106.477417, -6.237507 ], [ 106.477371, -6.237219 ], [ 106.476346, -6.232821 ], [ 106.476454, -6.228828 ], [ 106.482777, -6.224654 ], [ 106.483703, -6.224695 ], [ 106.484371, -6.224445 ], [ 106.492082, -6.228537 ], [ 106.490592, -6.235118 ], [ 106.489355, -6.236707 ], [ 106.487288, -6.238718 ], [ 106.487293, -6.23912 ], [ 106.487412, -6.23961 ], [ 106.48746, -6.239855 ], [ 106.487657, -6.246633 ], [ 106.485995, -6.249904 ], [ 106.485463, -6.250568 ], [ 106.485243, -6.251091 ], [ 106.485134, -6.251595 ], [ 106.485117, -6.251797 ], [ 106.485066, -6.252704 ], [ 106.484306, -6.257356 ], [ 106.485554, -6.259514 ], [ 106.485589, -6.259524 ], [ 106.48763, -6.25874 ], [ 106.487737, -6.258483 ], [ 106.489297, -6.254878 ], [ 106.489713, -6.253266 ], [ 106.490589, -6.251439 ], [ 106.490881, -6.250899 ], [ 106.491005, -6.250431 ], [ 106.490984, -6.248692 ], [ 106.49752, -6.243318 ], [ 106.499136, -6.243962 ], [ 106.504107, -6.249618 ], [ 106.505332, -6.251602 ], [ 106.506217, -6.253088 ], [ 106.507315, -6.255208 ], [ 106.508524, -6.257014 ], [ 106.511563, -6.265131 ], [ 106.511384, -6.265551 ], [ 106.511362, -6.266375 ], [ 106.511402, -6.267062 ], [ 106.511397, -6.268879 ], [ 106.511412, -6.271661 ], [ 106.511431, -6.274568 ], [ 106.511491, -6.274989 ], [ 106.51156, -6.27525 ], [ 106.511745, -6.275743 ], [ 106.512007, -6.276174 ], [ 106.51229, -6.276519 ], [ 106.512885, -6.277135 ], [ 106.514773, -6.278803 ], [ 106.515029, -6.278998 ], [ 106.519653, -6.280234 ], [ 106.520112, -6.280435 ], [ 106.520292, -6.280397 ], [ 106.527126, -6.281179 ], [ 106.528662, -6.284303 ], [ 106.527133, -6.289991 ], [ 106.525623, -6.291965 ], [ 106.524982, -6.292511 ], [ 106.524972, -6.292636 ], [ 106.525349, -6.298509 ], [ 106.522762, -6.301382 ], [ 106.522573, -6.301617 ], [ 106.52235, -6.303229 ], [ 106.522973, -6.30419 ], [ 106.526555, -6.304552 ], [ 106.529819, -6.301162 ], [ 106.534631, -6.297694 ], [ 106.536556, -6.296362 ], [ 106.545018, -6.297384 ], [ 106.544802, -6.303472 ], [ 106.544497, -6.306246 ], [ 106.544442, -6.306485 ], [ 106.545046, -6.311071 ], [ 106.545008, -6.311516 ], [ 106.545016, -6.311784 ], [ 106.545298, -6.314628 ], [ 106.545113, -6.316786 ], [ 106.544978, -6.317476 ], [ 106.547528, -6.323756 ], [ 106.547595, -6.324006 ], [ 106.549779, -6.325322 ], [ 106.552505, -6.326638 ], [ 106.556709, -6.328541 ], [ 106.56036, -6.332382 ], [ 106.561366, -6.333087 ], [ 106.564955, -6.340795 ], [ 106.564573, -6.342739 ], [ 106.56459, -6.342788 ], [ 106.566411, -6.344087 ], [ 106.572127, -6.34604 ], [ 106.574469, -6.349623 ], [ 106.574613, -6.349968 ], [ 106.576778, -6.350609 ], [ 106.576933, -6.350549 ], [ 106.577935, -6.348582 ], [ 106.580209, -6.340763 ], [ 106.585419, -6.33881 ], [ 106.585896, -6.338789 ], [ 106.586504, -6.338611 ], [ 106.591527, -6.336728 ], [ 106.596776, -6.336701 ], [ 106.59991, -6.337413 ], [ 106.600167, -6.337418 ], [ 106.601723, -6.336431 ], [ 106.609777, -6.332888 ], [ 106.610183, -6.333101 ], [ 106.610442, -6.333225 ], [ 106.610822, -6.333274 ], [ 106.617152, -6.337086 ], [ 106.61948, -6.340227 ], [ 106.617134, -6.347855 ], [ 106.615534, -6.349632 ], [ 106.61483, -6.350344 ], [ 106.615793, -6.352381 ], [ 106.616831, -6.352757 ], [ 106.617389, -6.352876 ], [ 106.618093, -6.352164 ], [ 106.618907, -6.351355 ], [ 106.622528, -6.348005 ], [ 106.624544, -6.345693 ], [ 106.632161, -6.347594 ], [ 106.632665, -6.350516 ], [ 106.633841, -6.355149 ], [ 106.633729, -6.358854 ], [ 106.633318, -6.360951 ], [ 106.633314, -6.361094 ], [ 106.633444, -6.363686 ], [ 106.634078, -6.367922 ], [ 106.634499, -6.368786 ], [ 106.634576, -6.368888 ], [ 106.635927, -6.369345 ], [ 106.63604, -6.369339 ], [ 106.637632, -6.368493 ], [ 106.63915, -6.363302 ], [ 106.639628, -6.362118 ], [ 106.640764, -6.35972 ], [ 106.643386, -6.355797 ], [ 106.650815, -6.351624 ], [ 106.655174, -6.349766 ], [ 106.655246, -6.349744 ], [ 106.658739, -6.348751 ], [ 106.661309, -6.347584 ], [ 106.669906, -6.349189 ], [ 106.671822, -6.350434 ], [ 106.671985, -6.350416 ], [ 106.676573, -6.35173 ], [ 106.678149, -6.358 ], [ 106.677988, -6.358487 ], [ 106.677948, -6.359158 ], [ 106.678305, -6.363917 ], [ 106.678253, -6.364753 ], [ 106.679226, -6.365122 ], [ 106.681846, -6.364979 ], [ 106.683133, -6.361683 ], [ 106.690531, -6.359613 ], [ 106.694889, -6.362577 ], [ 106.696565, -6.366127 ], [ 106.696728, -6.366502 ], [ 106.700748, -6.371088 ], [ 106.705072, -6.377801 ], [ 106.706619, -6.378155 ], [ 106.706798, -6.37812 ], [ 106.708414, -6.376462 ], [ 106.708136, -6.375383 ], [ 106.708678, -6.367837 ], [ 106.7086, -6.367458 ], [ 106.706689, -6.366027 ], [ 106.703124, -6.359696 ], [ 106.703064, -6.358399 ], [ 106.707681, -6.352636 ], [ 106.710094, -6.352499 ], [ 106.716946, -6.357199 ], [ 106.719198, -6.363016 ], [ 106.719044, -6.364591 ], [ 106.718693, -6.366518 ], [ 106.718629, -6.366914 ], [ 106.718429, -6.368778 ], [ 106.718419, -6.368905 ], [ 106.718823, -6.371122 ], [ 106.718942, -6.373682 ], [ 106.720515, -6.378024 ], [ 106.720573, -6.378207 ], [ 106.721647, -6.379587 ], [ 106.721862, -6.3799 ], [ 106.723827, -6.383943 ], [ 106.725156, -6.385821 ], [ 106.727288, -6.387183 ], [ 106.72895, -6.394809 ], [ 106.728422, -6.396513 ], [ 106.729245, -6.399672 ], [ 106.730556, -6.401495 ], [ 106.726709, -6.408669 ], [ 106.726435, -6.40879 ], [ 106.726212, -6.40888 ], [ 106.72534, -6.410901 ], [ 106.725595, -6.414102 ], [ 106.725707, -6.414814 ], [ 106.72578, -6.415011 ], [ 106.726521, -6.420505 ], [ 106.72381, -6.425305 ], [ 106.724203, -6.42666 ], [ 106.724334, -6.426989 ], [ 106.725986, -6.428173 ], [ 106.73047, -6.432506 ], [ 106.732334, -6.437726 ], [ 106.73377, -6.439676 ], [ 106.733799, -6.439682 ], [ 106.735827, -6.438601 ], [ 106.735889, -6.438352 ], [ 106.735301, -6.435022 ], [ 106.735053, -6.433761 ], [ 106.735011, -6.42663 ], [ 106.736235, -6.422386 ], [ 106.736252, -6.422288 ], [ 106.738906, -6.417657 ], [ 106.739765, -6.416289 ], [ 106.744466, -6.412717 ], [ 106.751113, -6.416093 ], [ 106.750991, -6.419665 ], [ 106.750931, -6.420208 ], [ 106.752565, -6.421649 ], [ 106.752708, -6.421666 ], [ 106.754509, -6.420602 ], [ 106.756059, -6.417257 ], [ 106.75642, -6.416712 ], [ 106.756447, -6.41667 ], [ 106.756561, -6.41648 ], [ 106.75751, -6.414574 ], [ 106.765779, -6.414703 ], [ 106.767398, -6.419165 ], [ 106.768709, -6.4216 ], [ 106.768771, -6.421613 ], [ 106.770564, -6.420879 ], [ 106.770663, -6.420695 ], [ 106.772849, -6.416412 ], [ 106.780618, -6.415703 ], [ 106.780933, -6.415635 ], [ 106.782274, -6.413345 ], [ 106.79077, -6.413429 ], [ 106.792944, -6.414084 ], [ 106.792947, -6.414083 ], [ 106.79391, -6.411669 ], [ 106.793835, -6.411537 ], [ 106.792656, -6.408858 ], [ 106.797232, -6.402761 ], [ 106.798592, -6.401784 ], [ 106.807437, -6.400256 ], [ 106.812754, -6.400709 ], [ 106.814792, -6.399283 ], [ 106.8148, -6.399245 ], [ 106.815904, -6.396331 ], [ 106.823265, -6.394721 ], [ 106.823722, -6.394963 ], [ 106.825541, -6.394135 ], [ 106.82566, -6.394043 ], [ 106.830333, -6.388681 ], [ 106.830381, -6.388589 ], [ 106.832319, -6.385765 ], [ 106.838506, -6.380842 ], [ 106.842594, -6.381279 ], [ 106.843897, -6.381463 ], [ 106.844321, -6.381508 ], [ 106.844896, -6.381451 ], [ 106.850519, -6.381529 ], [ 106.856632, -6.383521 ], [ 106.85669, -6.383524 ], [ 106.860663, -6.384487 ], [ 106.863043, -6.392197 ], [ 106.862976, -6.394651 ], [ 106.863005, -6.394933 ], [ 106.863144, -6.395858 ], [ 106.863368, -6.397351 ], [ 106.86696, -6.397596 ], [ 106.866975, -6.397375 ], [ 106.867877, -6.393602 ], [ 106.873644, -6.38851 ], [ 106.875509, -6.38691 ], [ 106.882677, -6.385785 ], [ 106.884706, -6.386191 ], [ 106.885413, -6.382661 ], [ 106.883384, -6.382255 ], [ 106.881355, -6.381849 ], [ 106.873765, -6.377305 ], [ 106.873725, -6.377284 ], [ 106.867233, -6.37234 ], [ 106.865797, -6.370514 ], [ 106.860983, -6.364702 ], [ 106.859917, -6.364103 ], [ 106.859684, -6.364125 ], [ 106.859077, -6.364262 ], [ 106.857472, -6.3655 ], [ 106.857538, -6.365788 ], [ 106.857784, -6.366571 ], [ 106.857312, -6.372305 ], [ 106.850582, -6.377148 ], [ 106.848885, -6.37696 ], [ 106.847647, -6.376582 ], [ 106.847549, -6.376581 ], [ 106.847517, -6.376581 ], [ 106.847419, -6.376582 ], [ 106.845807, -6.376857 ], [ 106.842751, -6.377054 ], [ 106.838668, -6.37569 ], [ 106.835806, -6.368334 ], [ 106.835813, -6.367823 ], [ 106.835731, -6.366744 ], [ 106.835718, -6.366289 ], [ 106.83212, -6.366393 ], [ 106.831799, -6.368375 ], [ 106.823458, -6.371121 ], [ 106.821287, -6.364709 ], [ 106.824192, -6.361326 ], [ 106.824613, -6.360048 ], [ 106.824398, -6.359301 ], [ 106.824192, -6.353382 ], [ 106.827088, -6.347758 ], [ 106.827249, -6.347513 ], [ 106.827309, -6.347417 ], [ 106.82757, -6.346958 ], [ 106.825719, -6.344601 ], [ 106.824742, -6.343675 ], [ 106.824553, -6.34361 ], [ 106.821281, -6.342761 ], [ 106.818842, -6.341745 ], [ 106.818641, -6.341629 ], [ 106.816585, -6.340025 ], [ 106.815311, -6.338272 ], [ 106.813601, -6.335964 ], [ 106.816736, -6.329114 ], [ 106.818225, -6.327659 ], [ 106.818232, -6.327339 ], [ 106.817946, -6.326102 ], [ 106.813933, -6.321183 ], [ 106.813451, -6.317378 ], [ 106.814138, -6.309249 ], [ 106.819169, -6.307985 ], [ 106.819547, -6.30799 ], [ 106.820289, -6.307842 ], [ 106.822435, -6.306221 ], [ 106.82586, -6.301538 ], [ 106.832123, -6.30158 ], [ 106.834496, -6.304412 ], [ 106.837254, -6.308092 ], [ 106.838843, -6.309597 ], [ 106.838897, -6.309606 ], [ 106.840798, -6.308725 ], [ 106.845985, -6.306021 ], [ 106.849676, -6.306966 ], [ 106.850001, -6.307093 ], [ 106.854618, -6.30689 ], [ 106.860229, -6.304367 ], [ 106.867739, -6.304483 ], [ 106.868672, -6.304117 ], [ 106.869619, -6.303474 ], [ 106.87062, -6.302695 ], [ 106.872163, -6.301586 ], [ 106.880427, -6.304557 ], [ 106.881281, -6.308054 ], [ 106.884129, -6.313468 ], [ 106.884498, -6.315035 ], [ 106.884668, -6.315824 ], [ 106.884882, -6.316958 ], [ 106.885067, -6.318124 ], [ 106.88515, -6.318926 ], [ 106.885179, -6.319243 ], [ 106.885249, -6.320819 ], [ 106.888845, -6.32066 ], [ 106.888776, -6.319085 ], [ 106.888737, -6.318619 ], [ 106.888649, -6.317754 ], [ 106.888557, -6.317076 ], [ 106.888427, -6.316331 ], [ 106.888206, -6.315157 ], [ 106.894523, -6.308812 ], [ 106.895093, -6.308994 ], [ 106.896186, -6.309433 ], [ 106.897528, -6.306092 ], [ 106.896435, -6.305653 ], [ 106.895551, -6.305194 ], [ 106.894294, -6.304989 ], [ 106.891405, -6.304382 ], [ 106.890622, -6.304232 ], [ 106.885294, -6.299151 ], [ 106.886665, -6.294305 ], [ 106.887446, -6.293534 ], [ 106.89081, -6.291965 ], [ 106.892348, -6.290012 ], [ 106.892348, -6.290008 ], [ 106.89222, -6.289639 ], [ 106.892217, -6.289629 ], [ 106.890387, -6.28839 ], [ 106.884191, -6.282918 ], [ 106.883817, -6.281462 ], [ 106.881998, -6.280334 ], [ 106.880618, -6.27911 ], [ 106.880047, -6.278572 ], [ 106.879383, -6.270318 ], [ 106.883456, -6.268091 ], [ 106.886644, -6.264621 ], [ 106.886941, -6.264406 ], [ 106.887041, -6.264254 ], [ 106.887559, -6.262964 ], [ 106.888863, -6.26087 ], [ 106.888825, -6.26061 ], [ 106.886873, -6.257845 ], [ 106.884999, -6.255276 ], [ 106.887334, -6.248622 ], [ 106.888397, -6.248087 ], [ 106.889972, -6.246938 ], [ 106.897851, -6.249057 ], [ 106.899175, -6.251657 ], [ 106.899492, -6.252171 ], [ 106.899872, -6.252709 ], [ 106.900348, -6.253338 ], [ 106.900684, -6.253736 ], [ 106.901018, -6.254094 ], [ 106.903177, -6.260674 ], [ 106.902882, -6.262234 ], [ 106.903789, -6.263398 ], [ 106.907064, -6.269118 ], [ 106.909567, -6.275583 ], [ 106.910027, -6.276701 ], [ 106.910713, -6.278539 ], [ 106.911295, -6.281534 ], [ 106.91214, -6.283393 ], [ 106.914047, -6.284704 ], [ 106.914255, -6.284686 ], [ 106.915718, -6.282995 ], [ 106.920152, -6.27824 ], [ 106.920154, -6.278236 ], [ 106.922753, -6.270075 ], [ 106.923812, -6.268193 ], [ 106.925861, -6.263838 ], [ 106.92903, -6.260591 ], [ 106.933741, -6.259406 ], [ 106.940283, -6.260471 ], [ 106.94237, -6.261365 ], [ 106.943682, -6.261759 ], [ 106.944006, -6.261782 ], [ 106.951288, -6.258534 ], [ 106.952881, -6.258428 ], [ 106.955472, -6.258313 ], [ 106.958125, -6.258115 ], [ 106.958471, -6.258083 ], [ 106.959014, -6.257997 ], [ 106.960771, -6.257634 ], [ 106.962185, -6.257258 ], [ 106.962844, -6.257049 ], [ 106.964158, -6.25658 ], [ 106.964649, -6.256378 ], [ 106.966066, -6.255695 ], [ 106.967009, -6.255204 ], [ 106.968428, -6.254344 ], [ 106.971763, -6.252216 ], [ 106.96984, -6.249172 ], [ 106.969064, -6.249556 ], [ 106.967511, -6.250544 ], [ 106.965958, -6.251532 ], [ 106.964415, -6.252496 ], [ 106.964128, -6.252631 ], [ 106.96363, -6.252877 ], [ 106.961996, -6.253449 ], [ 106.954898, -6.248006 ], [ 106.952987, -6.247893 ], [ 106.951231, -6.247831 ], [ 106.945018, -6.247465 ], [ 106.944898, -6.247465 ], [ 106.936993, -6.246634 ], [ 106.934559, -6.245526 ], [ 106.934542, -6.245534 ], [ 106.929646, -6.246438 ], [ 106.929293, -6.24641 ], [ 106.923956, -6.23934 ], [ 106.924051, -6.238574 ], [ 106.924134, -6.238061 ], [ 106.924155, -6.23773 ], [ 106.922898, -6.236545 ], [ 106.922425, -6.236373 ], [ 106.920561, -6.23751 ], [ 106.913053, -6.238976 ], [ 106.911657, -6.234389 ], [ 106.91182, -6.233729 ], [ 106.911615, -6.233535 ], [ 106.910184, -6.232325 ], [ 106.908422, -6.23281 ], [ 106.904347, -6.233695 ], [ 106.89855, -6.229611 ], [ 106.898009, -6.229499 ], [ 106.895722, -6.228683 ], [ 106.894031, -6.219967 ], [ 106.899873, -6.216393 ], [ 106.90063, -6.216336 ], [ 106.903597, -6.215327 ], [ 106.90364, -6.211727 ], [ 106.896139, -6.207966 ], [ 106.894053, -6.200328 ], [ 106.894468, -6.198267 ], [ 106.893787, -6.196307 ], [ 106.893009, -6.188664 ], [ 106.893042, -6.184037 ], [ 106.891745, -6.176082 ], [ 106.89417, -6.173421 ], [ 106.89349, -6.172801 ], [ 106.892831, -6.172144 ], [ 106.892614, -6.171949 ], [ 106.892115, -6.171574 ], [ 106.889951, -6.170152 ], [ 106.888376, -6.169307 ], [ 106.886793, -6.168424 ], [ 106.884828, -6.160244 ], [ 106.885216, -6.159526 ], [ 106.886272, -6.158173 ], [ 106.887385, -6.156452 ], [ 106.889309, -6.153037 ], [ 106.889562, -6.152647 ], [ 106.890167, -6.151541 ], [ 106.890827, -6.150071 ], [ 106.891315, -6.148831 ], [ 106.894531, -6.141258 ], [ 106.896301, -6.138124 ], [ 106.899085, -6.130442 ], [ 106.899395, -6.129775 ], [ 106.89887, -6.129229 ], [ 106.897515, -6.123195 ], [ 106.902129, -6.118807 ], [ 106.90995, -6.118222 ], [ 106.91081, -6.118494 ], [ 106.91086, -6.118497 ], [ 106.91708, -6.117002 ], [ 106.925066, -6.116492 ], [ 106.925138, -6.116474 ], [ 106.925969, -6.116022 ], [ 106.926515, -6.114662 ], [ 106.927334, -6.106786 ], [ 106.927288, -6.10659 ], [ 106.925592, -6.105364 ], [ 106.917408, -6.103345 ], [ 106.914032, -6.104595 ], [ 106.906852, -6.101116 ], [ 106.900239, -6.096568 ], [ 106.900109, -6.096563 ], [ 106.898249, -6.098107 ], [ 106.895509, -6.102103 ], [ 106.894504, -6.10304 ], [ 106.886104, -6.105472 ], [ 106.885232, -6.105433 ], [ 106.879415, -6.105235 ], [ 106.878984, -6.105208 ], [ 106.878775, -6.105213 ], [ 106.870228, -6.107501 ], [ 106.868064, -6.106651 ], [ 106.867784, -6.106806 ], [ 106.865242, -6.108405 ], [ 106.864713, -6.108792 ], [ 106.864313, -6.10936 ], [ 106.86241, -6.112374 ], [ 106.856204, -6.115378 ], [ 106.855805, -6.115438 ], [ 106.849724, -6.118323 ], [ 106.847334, -6.118981 ], [ 106.845192, -6.11938 ], [ 106.84489, -6.119445 ], [ 106.844335, -6.119641 ], [ 106.840373, -6.121521 ], [ 106.83543, -6.121605 ], [ 106.829144, -6.118714 ], [ 106.820578, -6.116935 ], [ 106.818102, -6.115742 ], [ 106.817245, -6.115619 ], [ 106.809042, -6.116164 ], [ 106.80683, -6.110771 ], [ 106.806645, -6.109863 ], [ 106.80542, -6.10608 ], [ 106.805221, -6.105018 ], [ 106.804891, -6.101888 ], [ 106.804849, -6.101587 ], [ 106.804806, -6.101347 ], [ 106.804672, -6.100592 ], [ 106.804557, -6.099947 ], [ 106.804411, -6.099125 ], [ 106.804263, -6.098289 ], [ 106.804117, -6.097472 ], [ 106.803887, -6.096174 ], [ 106.803785, -6.095601 ], [ 106.803705, -6.095151 ], [ 106.803136, -6.094689 ], [ 106.800015, -6.096884 ], [ 106.799234, -6.098191 ], [ 106.799361, -6.098947 ], [ 106.799612, -6.100534 ], [ 106.799841, -6.101801 ], [ 106.796855, -6.109 ], [ 106.79193, -6.109899 ], [ 106.790052, -6.109798 ], [ 106.789919, -6.109792 ], [ 106.782896, -6.111219 ], [ 106.780881, -6.108071 ], [ 106.776497, -6.103987 ], [ 106.775848, -6.103423 ], [ 106.775635, -6.10334 ], [ 106.770254, -6.101687 ], [ 106.769794, -6.101484 ], [ 106.767599, -6.102034 ], [ 106.767449, -6.102343 ], [ 106.761901, -6.105711 ], [ 106.757061, -6.103055 ], [ 106.755816, -6.102773 ], [ 106.751433, -6.09508 ], [ 106.75156, -6.0946 ], [ 106.754244, -6.09068 ], [ 106.754784, -6.089825 ], [ 106.754876, -6.08903 ], [ 106.755973, -6.083625 ], [ 106.756071, -6.083268 ], [ 106.755402, -6.0822 ], [ 106.754557, -6.081374 ], [ 106.752201, -6.080552 ], [ 106.750973, -6.081463 ], [ 106.75048, -6.082031 ], [ 106.749135, -6.085 ], [ 106.740901, -6.086433 ], [ 106.739734, -6.085436 ], [ 106.73943, -6.085152 ], [ 106.737378, -6.083489 ], [ 106.736225, -6.082636 ], [ 106.735274, -6.081839 ], [ 106.734144, -6.081363 ], [ 106.732481, -6.084338 ], [ 106.727747, -6.085912 ], [ 106.722907, -6.08128 ], [ 106.721596, -6.080016 ], [ 106.720029, -6.077617 ], [ 106.716218, -6.06983 ], [ 106.716183, -6.069764 ], [ 106.710963, -6.063164 ], [ 106.708879, -6.062504 ], [ 106.708496, -6.062596 ], [ 106.707399, -6.063673 ], [ 106.704526, -6.066724 ], [ 106.705177, -6.070265 ], [ 106.700471, -6.076391 ], [ 106.696932, -6.075458 ], [ 106.696606, -6.075261 ], [ 106.693466, -6.070888 ], [ 106.691838, -6.069018 ], [ 106.690996, -6.068213 ], [ 106.69017, -6.067516 ], [ 106.68966, -6.067007 ], [ 106.68916, -6.066577 ], [ 106.688894, -6.06633 ], [ 106.683195, -6.05973 ], [ 106.683831, -6.058489 ], [ 106.680628, -6.056846 ], [ 106.679992, -6.058086 ], [ 106.679642, -6.058718 ], [ 106.679041, -6.060135 ], [ 106.677575, -6.062585 ], [ 106.677302, -6.063201 ], [ 106.673624, -6.067874 ], [ 106.673093, -6.06899 ], [ 106.664353, -6.067846 ], [ 106.661695, -6.065418 ], [ 106.659529, -6.057568 ], [ 106.660339, -6.056517 ], [ 106.662376, -6.053044 ], [ 106.663838, -6.050535 ], [ 106.663934, -6.050236 ], [ 106.665679, -6.046314 ], [ 106.665976, -6.045622 ], [ 106.666049, -6.045418 ], [ 106.665786, -6.045204 ], [ 106.662656, -6.044214 ], [ 106.658836, -6.046282 ], [ 106.657994, -6.046636 ], [ 106.652283, -6.050111 ], [ 106.651339, -6.050503 ], [ 106.643963, -6.047428 ], [ 106.643597, -6.045264 ], [ 106.643545, -6.043722 ], [ 106.643537, -6.041077 ], [ 106.643528, -6.038433 ], [ 106.639928, -6.038444 ], [ 106.639937, -6.041089 ], [ 106.635018, -6.048342 ], [ 106.631205, -6.04928 ], [ 106.630936, -6.049856 ], [ 106.6305, -6.050596 ], [ 106.628833, -6.053402 ], [ 106.621807, -6.053743 ], [ 106.620747, -6.053368 ], [ 106.61243, -6.053078 ], [ 106.610511, -6.053946 ], [ 106.610431, -6.05411 ], [ 106.610386, -6.054409 ], [ 106.610833, -6.056305 ], [ 106.611251, -6.056511 ], [ 106.612696, -6.05688 ], [ 106.615787, -6.057254 ], [ 106.616833, -6.057583 ], [ 106.616968, -6.057636 ], [ 106.621759, -6.061717 ], [ 106.622433, -6.062954 ], [ 106.622517, -6.063058 ], [ 106.62503, -6.066108 ], [ 106.62519, -6.066403 ], [ 106.626265, -6.070708 ], [ 106.619919, -6.075846 ], [ 106.616626, -6.07514 ], [ 106.616151, -6.075013 ], [ 106.613986, -6.07547 ], [ 106.613869, -6.075615 ], [ 106.613538, -6.076095 ], [ 106.613517, -6.076344 ], [ 106.613571, -6.076961 ], [ 106.612681, -6.085874 ], [ 106.610521, -6.088355 ], [ 106.610476, -6.088482 ], [ 106.610766, -6.090021 ], [ 106.61084, -6.090109 ], [ 106.614631, -6.092076 ], [ 106.616928, -6.096629 ], [ 106.617693, -6.100844 ], [ 106.612625, -6.106597 ], [ 106.61161, -6.108068 ], [ 106.605122, -6.110197 ], [ 106.601984, -6.102549 ], [ 106.602631, -6.100874 ], [ 106.602075, -6.098416 ], [ 106.602017, -6.098382 ], [ 106.601014, -6.098513 ], [ 106.599668, -6.09883 ], [ 106.599615, -6.098906 ], [ 106.596963, -6.101526 ], [ 106.590219, -6.098032 ], [ 106.588898, -6.095013 ], [ 106.588351, -6.091297 ], [ 106.587871, -6.089512 ], [ 106.587634, -6.086612 ], [ 106.587655, -6.085866 ], [ 106.584057, -6.085764 ], [ 106.584036, -6.08651 ], [ 106.583981, -6.087534 ], [ 106.583972, -6.08845 ], [ 106.582898, -6.091713 ], [ 106.575773, -6.09285 ], [ 106.57441, -6.092266 ], [ 106.574161, -6.092211 ], [ 106.567226, -6.089554 ], [ 106.567145, -6.089538 ], [ 106.566453, -6.089529 ], [ 106.566058, -6.089626 ], [ 106.566026, -6.089637 ], [ 106.564899, -6.091673 ], [ 106.561484, -6.094298 ], [ 106.555349, -6.090332 ], [ 106.555252, -6.089977 ], [ 106.554441, -6.087072 ], [ 106.554486, -6.083473 ], [ 106.551925, -6.082946 ], [ 106.546032, -6.081265 ], [ 106.542728, -6.07836 ], [ 106.541033, -6.078335 ], [ 106.540854, -6.078397 ], [ 106.539614, -6.080166 ], [ 106.540324, -6.084667 ], [ 106.541978, -6.08824 ], [ 106.544251, -6.090356 ], [ 106.546701, -6.097734 ], [ 106.549497, -6.100002 ], [ 106.551601, -6.10045 ], [ 106.551825, -6.108925 ], [ 106.549888, -6.109333 ], [ 106.546907, -6.109871 ], [ 106.5447, -6.110403 ], [ 106.544626, -6.110412 ], [ 106.543467, -6.111293 ], [ 106.541849, -6.112779 ], [ 106.54025, -6.116146 ], [ 106.539561, -6.117387 ], [ 106.53922, -6.118071 ], [ 106.539234, -6.118295 ], [ 106.540318, -6.119745 ], [ 106.53592, -6.127332 ], [ 106.530913, -6.122713 ], [ 106.530735, -6.12231 ], [ 106.530646, -6.122189 ], [ 106.530026, -6.121448 ], [ 106.526542, -6.119841 ], [ 106.526298, -6.119791 ], [ 106.520186, -6.118456 ], [ 106.517816, -6.119269 ], [ 106.51133, -6.12491 ], [ 106.510549, -6.126423 ], [ 106.510541, -6.126524 ], [ 106.512003, -6.128446 ], [ 106.513082, -6.13732 ], [ 106.511352, -6.138362 ], [ 106.50857, -6.139872 ], [ 106.507718, -6.140082 ], [ 106.507334, -6.142093 ], [ 106.507411, -6.14228 ], [ 106.508471, -6.143603 ], [ 106.514755, -6.148238 ], [ 106.512425, -6.153932 ], [ 106.508972, -6.161233 ], [ 106.507815, -6.162701 ], [ 106.506881, -6.165162 ], [ 106.506542, -6.168746 ], [ 106.509649, -6.175059 ], [ 106.504401, -6.179112 ], [ 106.50335, -6.179076 ], [ 106.5029, -6.179094 ], [ 106.502513, -6.179124 ], [ 106.502032, -6.179199 ], [ 106.501166, -6.180599 ], [ 106.50118, -6.181063 ], [ 106.501811, -6.185678 ], [ 106.501377, -6.18791 ], [ 106.501404, -6.187956 ], [ 106.500442, -6.19463 ], [ 106.495418, -6.195791 ], [ 106.489761, -6.190942 ], [ 106.490673, -6.187226 ], [ 106.488999, -6.184039 ], [ 106.488356, -6.184377 ], [ 106.487836, -6.184613 ], [ 106.486645, -6.185209 ], [ 106.486041, -6.185533 ], [ 106.477543, -6.18292 ], [ 106.477283, -6.182091 ], [ 106.476768, -6.180588 ], [ 106.476629, -6.180161 ], [ 106.476256, -6.175738 ], [ 106.476336, -6.174144 ], [ 106.476315, -6.173643 ], [ 106.476139, -6.172569 ], [ 106.473391, -6.17274 ], [ 106.472586, -6.173152 ], [ 106.472525, -6.174315 ], [ 106.466994, -6.180646 ], [ 106.465805, -6.180843 ], [ 106.465509, -6.181017 ], [ 106.458168, -6.1816 ], [ 106.456238, -6.178661 ], [ 106.455086, -6.174905 ], [ 106.455064, -6.1747 ], [ 106.453549, -6.173307 ], [ 106.447948, -6.172021 ], [ 106.447944, -6.17202 ], [ 106.44211, -6.172533 ], [ 106.442044, -6.17259 ], [ 106.441617, -6.173609 ], [ 106.441559, -6.173773 ], [ 106.441601, -6.174788 ], [ 106.441817, -6.175061 ], [ 106.44387, -6.178465 ], [ 106.444261, -6.179385 ], [ 106.439441, -6.186947 ], [ 106.439267, -6.186913 ], [ 106.437443, -6.186558 ], [ 106.437075, -6.186562 ], [ 106.432681, -6.188521 ], [ 106.424253, -6.191389 ], [ 106.422472, -6.191309 ], [ 106.420711, -6.191257 ], [ 106.412589, -6.188396 ], [ 106.410999, -6.186972 ], [ 106.4093, -6.185456 ], [ 106.408393, -6.184768 ], [ 106.407274, -6.184019 ], [ 106.406428, -6.183577 ], [ 106.405503, -6.18316 ], [ 106.404414, -6.182752 ], [ 106.403406, -6.182448 ], [ 106.402212, -6.182164 ], [ 106.400355, -6.181932 ], [ 106.393252, -6.179326 ], [ 106.391192, -6.177932 ], [ 106.390497, -6.177502 ], [ 106.389753, -6.177083 ], [ 106.388916, -6.176666 ], [ 106.388102, -6.176329 ], [ 106.387366, -6.176078 ], [ 106.386173, -6.175739 ], [ 106.38516, -6.175535 ], [ 106.384231, -6.175402 ], [ 106.383721, -6.178966 ] ] ] } },
{ "type": "Feature", "properties": { "name": "Metro Padel BSD" }, "geometry": { "type": "Polygon", "coordinates": [ [ [ 106.468638, -6.207983 ], [ 106.469584, -6.207993 ], [ 106.470508, -6.207955 ], [ 106.471359, -6.207873 ], [ 106.472052, -6.207779 ], [ 106.472947, -6.207617 ], [ 106.474336, -6.207324 ], [ 106.475059, -6.207133 ], [ 106.483613, -6.206381 ], [ 106.484496, -6.206315 ], [ 106.485122, -6.206158 ], [ 106.486554, -6.205726 ], [ 106.487325, -6.205368 ], [ 106.487717, -6.205114 ], [ 106.488189, -6.204651 ], [ 106.494053, -6.202291 ], [ 106.49715, -6.202986 ], [ 106.502796, -6.20877 ], [ 106.504028, -6.210895 ], [ 106.504124, -6.210993 ], [ 106.504129, -6.210994 ], [ 106.507204, -6.219433 ], [ 106.503078, -6.220295 ], [ 106.501384, -6.219939 ], [ 106.50113, -6.220059 ], [ 106.500832, -6.220237 ], [ 106.500676, -6.220353 ], [ 106.500501, -6.220906 ], [ 106.500356, -6.222651 ], [ 106.501409, -6.224039 ], [ 106.502653, -6.225732 ], [ 106.504396, -6.227742 ], [ 106.504491, -6.227832 ], [ 106.506124, -6.228584 ], [ 106.511026, -6.231145 ], [ 106.514286, -6.23742 ], [ 106.513862, -6.244107 ], [ 106.513773, -6.24443 ], [ 106.513886, -6.250904 ], [ 106.513883, -6.25291 ], [ 106.513916, -6.255634 ], [ 106.515383, -6.259654 ], [ 106.51136, -6.266214 ], [ 106.511405, -6.267165 ], [ 106.511397, -6.268864 ], [ 106.511412, -6.271661 ], [ 106.511426, -6.274443 ], [ 106.511439, -6.274676 ], [ 106.511538, -6.275172 ], [ 106.511613, -6.275424 ], [ 106.511831, -6.275905 ], [ 106.512172, -6.276383 ], [ 106.512857, -6.277106 ], [ 106.514145, -6.278383 ], [ 106.516687, -6.282226 ], [ 106.516243, -6.287146 ], [ 106.514657, -6.289573 ], [ 106.508023, -6.294982 ], [ 106.506359, -6.293404 ], [ 106.502933, -6.29115 ], [ 106.500754, -6.284519 ], [ 106.502269, -6.279109 ], [ 106.502186, -6.278735 ], [ 106.502292, -6.275552 ], [ 106.501582, -6.27544 ], [ 106.495665, -6.270677 ], [ 106.491378, -6.266124 ], [ 106.489758, -6.264138 ], [ 106.488425, -6.262253 ], [ 106.486447, -6.260721 ], [ 106.486153, -6.260654 ], [ 106.48384, -6.260026 ], [ 106.483419, -6.259927 ], [ 106.482389, -6.260203 ], [ 106.4822, -6.260601 ], [ 106.481995, -6.261163 ], [ 106.482081, -6.262401 ], [ 106.482257, -6.263354 ], [ 106.484182, -6.271125 ], [ 106.489135, -6.277102 ], [ 106.488296, -6.27957 ], [ 106.488308, -6.279632 ], [ 106.488466, -6.280653 ], [ 106.488507, -6.281002 ], [ 106.48932, -6.285149 ], [ 106.488778, -6.292235 ], [ 106.488051, -6.293747 ], [ 106.486603, -6.299163 ], [ 106.479741, -6.300405 ], [ 106.478094, -6.299432 ], [ 106.477718, -6.299515 ], [ 106.477713, -6.29952 ], [ 106.476283, -6.301406 ], [ 106.47639, -6.301774 ], [ 106.4776, -6.306763 ], [ 106.475456, -6.312145 ], [ 106.472806, -6.316327 ], [ 106.471737, -6.321071 ], [ 106.473114, -6.322286 ], [ 106.473532, -6.322525 ], [ 106.474865, -6.322853 ], [ 106.48366, -6.324551 ], [ 106.487222, -6.324033 ], [ 106.495482, -6.320548 ], [ 106.497268, -6.32182 ], [ 106.500919, -6.321802 ], [ 106.505336, -6.318579 ], [ 106.505791, -6.318061 ], [ 106.514576, -6.319988 ], [ 106.516288, -6.321372 ], [ 106.521915, -6.327877 ], [ 106.520571, -6.330934 ], [ 106.520624, -6.330987 ], [ 106.526379, -6.337321 ], [ 106.525486, -6.346261 ], [ 106.524624, -6.346334 ], [ 106.522548, -6.34696 ], [ 106.520691, -6.348918 ], [ 106.516515, -6.353526 ], [ 106.515716, -6.3539 ], [ 106.507543, -6.351607 ], [ 106.50396, -6.351956 ], [ 106.497911, -6.35027 ], [ 106.496958, -6.349901 ], [ 106.494768, -6.352649 ], [ 106.487687, -6.356743 ], [ 106.488016, -6.360328 ], [ 106.493715, -6.361459 ], [ 106.499206, -6.362516 ], [ 106.502411, -6.362931 ], [ 106.502775, -6.362629 ], [ 106.507909, -6.361295 ], [ 106.512853, -6.367598 ], [ 106.513025, -6.368155 ], [ 106.513158, -6.36854 ], [ 106.513613, -6.368809 ], [ 106.514989, -6.369461 ], [ 106.515523, -6.369596 ], [ 106.52103, -6.370113 ], [ 106.524312, -6.371592 ], [ 106.526912, -6.370523 ], [ 106.530512, -6.370567 ], [ 106.536758, -6.373969 ], [ 106.536037, -6.380695 ], [ 106.531733, -6.382291 ], [ 106.529765, -6.383384 ], [ 106.529675, -6.383576 ], [ 106.530083, -6.385491 ], [ 106.533124, -6.387393 ], [ 106.539514, -6.393378 ], [ 106.541029, -6.394999 ], [ 106.541426, -6.395027 ], [ 106.542761, -6.394934 ], [ 106.545366, -6.392841 ], [ 106.55305, -6.395322 ], [ 106.560748, -6.396004 ], [ 106.563762, -6.398312 ], [ 106.564071, -6.398506 ], [ 106.567124, -6.400231 ], [ 106.567496, -6.400492 ], [ 106.571702, -6.405412 ], [ 106.57308, -6.40686 ], [ 106.574172, -6.406967 ], [ 106.575568, -6.406834 ], [ 106.577058, -6.407025 ], [ 106.578277, -6.407107 ], [ 106.579403, -6.406986 ], [ 106.585809, -6.413243 ], [ 106.585565, -6.414033 ], [ 106.580771, -6.417527 ], [ 106.579032, -6.417491 ], [ 106.576704, -6.417453 ], [ 106.575481, -6.417348 ], [ 106.57483, -6.417403 ], [ 106.571031, -6.416496 ], [ 106.566898, -6.418656 ], [ 106.563798, -6.41896 ], [ 106.56337, -6.419108 ], [ 106.562472, -6.419531 ], [ 106.556884, -6.421832 ], [ 106.556527, -6.422144 ], [ 106.553998, -6.423985 ], [ 106.549736, -6.427618 ], [ 106.549025, -6.431148 ], [ 106.551093, -6.434615 ], [ 106.555006, -6.436956 ], [ 106.561891, -6.435395 ], [ 106.564347, -6.436313 ], [ 106.566851, -6.443139 ], [ 106.569431, -6.445786 ], [ 106.576462, -6.447695 ], [ 106.580459, -6.451179 ], [ 106.583892, -6.450095 ], [ 106.591876, -6.452194 ], [ 106.594739, -6.453585 ], [ 106.599735, -6.451973 ], [ 106.606726, -6.452987 ], [ 106.608158, -6.453173 ], [ 106.608778, -6.452376 ], [ 106.617681, -6.453653 ], [ 106.617897, -6.454748 ], [ 106.619616, -6.45621 ], [ 106.62119, -6.455597 ], [ 106.626642, -6.46257 ], [ 106.62445, -6.464392 ], [ 106.623756, -6.464812 ], [ 106.623244, -6.465452 ], [ 106.623037, -6.46587 ], [ 106.625301, -6.467935 ], [ 106.626095, -6.468399 ], [ 106.627293, -6.468565 ], [ 106.633779, -6.472615 ], [ 106.635302, -6.480452 ], [ 106.631993, -6.486253 ], [ 106.633659, -6.489444 ], [ 106.640554, -6.491713 ], [ 106.642499, -6.496638 ], [ 106.642504, -6.496676 ], [ 106.642947, -6.497179 ], [ 106.645745, -6.497196 ], [ 106.651389, -6.500818 ], [ 106.64922, -6.508696 ], [ 106.649185, -6.509076 ], [ 106.650377, -6.510569 ], [ 106.650664, -6.510625 ], [ 106.65398, -6.510161 ], [ 106.655433, -6.50783 ], [ 106.655974, -6.507113 ], [ 106.656284, -6.506534 ], [ 106.656647, -6.505132 ], [ 106.659861, -6.499561 ], [ 106.661037, -6.498173 ], [ 106.661069, -6.498069 ], [ 106.661161, -6.497568 ], [ 106.660464, -6.495846 ], [ 106.659791, -6.49197 ], [ 106.663012, -6.484614 ], [ 106.662434, -6.482041 ], [ 106.66244, -6.481468 ], [ 106.660168, -6.477626 ], [ 106.664276, -6.472316 ], [ 106.670019, -6.474727 ], [ 106.670432, -6.475308 ], [ 106.670913, -6.475851 ], [ 106.672082, -6.479891 ], [ 106.672159, -6.480684 ], [ 106.672403, -6.481434 ], [ 106.672581, -6.482814 ], [ 106.673066, -6.485671 ], [ 106.67825, -6.487785 ], [ 106.677084, -6.494613 ], [ 106.677069, -6.494777 ], [ 106.677071, -6.495228 ], [ 106.677172, -6.495768 ], [ 106.677108, -6.499953 ], [ 106.6771, -6.500278 ], [ 106.677286, -6.501401 ], [ 106.678674, -6.506501 ], [ 106.679911, -6.50979 ], [ 106.680083, -6.510375 ], [ 106.680161, -6.510537 ], [ 106.68204, -6.510505 ], [ 106.683446, -6.509112 ], [ 106.683513, -6.508767 ], [ 106.683649, -6.502693 ], [ 106.687696, -6.496605 ], [ 106.688969, -6.495166 ], [ 106.689703, -6.493634 ], [ 106.689874, -6.493301 ], [ 106.689198, -6.491358 ], [ 106.684667, -6.485773 ], [ 106.683448, -6.480889 ], [ 106.683183, -6.476293 ], [ 106.687865, -6.470331 ], [ 106.693677, -6.472894 ], [ 106.693916, -6.472966 ], [ 106.697608, -6.473365 ], [ 106.706468, -6.472577 ], [ 106.710015, -6.474696 ], [ 106.713634, -6.478747 ], [ 106.714206, -6.47882 ], [ 106.722205, -6.479809 ], [ 106.72699, -6.481988 ], [ 106.73031, -6.487136 ], [ 106.730798, -6.488968 ], [ 106.730961, -6.489576 ], [ 106.733854, -6.492296 ], [ 106.737685, -6.497083 ], [ 106.739546, -6.497894 ], [ 106.740593, -6.498336 ], [ 106.741017, -6.498521 ], [ 106.74133, -6.498637 ], [ 106.748691, -6.496797 ], [ 106.74881, -6.496808 ], [ 106.752647, -6.498125 ], [ 106.756056, -6.503248 ], [ 106.757099, -6.50476 ], [ 106.757111, -6.504766 ], [ 106.758454, -6.504213 ], [ 106.759647, -6.503495 ], [ 106.759664, -6.503257 ], [ 106.759146, -6.499008 ], [ 106.759302, -6.495772 ], [ 106.760314, -6.48729 ], [ 106.761079, -6.486249 ], [ 106.763492, -6.481181 ], [ 106.768956, -6.478973 ], [ 106.773113, -6.477836 ], [ 106.774982, -6.476099 ], [ 106.775007, -6.47598 ], [ 106.7714, -6.472326 ], [ 106.771143, -6.472284 ], [ 106.770442, -6.472268 ], [ 106.77006, -6.47231 ], [ 106.769595, -6.472446 ], [ 106.762519, -6.466922 ], [ 106.763208, -6.462406 ], [ 106.76488, -6.459167 ], [ 106.764968, -6.458867 ], [ 106.764979, -6.458803 ], [ 106.763979, -6.454733 ], [ 106.765002, -6.448579 ], [ 106.768431, -6.446893 ], [ 106.76922, -6.446414 ], [ 106.769432, -6.446143 ], [ 106.770441, -6.444632 ], [ 106.770442, -6.444601 ], [ 106.769799, -6.443117 ], [ 106.769717, -6.443061 ], [ 106.768957, -6.442767 ], [ 106.768268, -6.442777 ], [ 106.767352, -6.443042 ], [ 106.76487, -6.443427 ], [ 106.76313, -6.434654 ], [ 106.767444, -6.431904 ], [ 106.767446, -6.431903 ], [ 106.767671, -6.431752 ], [ 106.768309, -6.429262 ], [ 106.772784, -6.422265 ], [ 106.780738, -6.424078 ], [ 106.781831, -6.427034 ], [ 106.781878, -6.427209 ], [ 106.783615, -6.428366 ], [ 106.783669, -6.428365 ], [ 106.785354, -6.426273 ], [ 106.785307, -6.426099 ], [ 106.785303, -6.422741 ], [ 106.793484, -6.420575 ], [ 106.794406, -6.425177 ], [ 106.794406, -6.425211 ], [ 106.796276, -6.42694 ], [ 106.796285, -6.426939 ], [ 106.798006, -6.425139 ], [ 106.799537, -6.422075 ], [ 106.799538, -6.422053 ], [ 106.799187, -6.417602 ], [ 106.799195, -6.417559 ], [ 106.799557, -6.414997 ], [ 106.803263, -6.409363 ], [ 106.811488, -6.411812 ], [ 106.811753, -6.412142 ], [ 106.811876, -6.41214 ], [ 106.811973, -6.412137 ], [ 106.812154, -6.412125 ], [ 106.813366, -6.411458 ], [ 106.81906, -6.405474 ], [ 106.825031, -6.401806 ], [ 106.826387, -6.400668 ], [ 106.830215, -6.394496 ], [ 106.8305, -6.394007 ], [ 106.831061, -6.39227 ], [ 106.832333, -6.389866 ], [ 106.840143, -6.387252 ], [ 106.847729, -6.388344 ], [ 106.850143, -6.391071 ], [ 106.851603, -6.392717 ], [ 106.851815, -6.392734 ], [ 106.852259, -6.392646 ], [ 106.858861, -6.398019 ], [ 106.858634, -6.399036 ], [ 106.858649, -6.399248 ], [ 106.85991, -6.407237 ], [ 106.857562, -6.408454 ], [ 106.85752, -6.40871 ], [ 106.857357, -6.415325 ], [ 106.856814, -6.417341 ], [ 106.860291, -6.418277 ], [ 106.866238, -6.41191 ], [ 106.866247, -6.411877 ], [ 106.870303, -6.404147 ], [ 106.87333, -6.403271 ], [ 106.87509, -6.402077 ], [ 106.875106, -6.402033 ], [ 106.876829, -6.398113 ], [ 106.876887, -6.397852 ], [ 106.877176, -6.393221 ], [ 106.88356, -6.388525 ], [ 106.883772, -6.38847 ], [ 106.891984, -6.388317 ], [ 106.893045, -6.388674 ], [ 106.893707, -6.38888 ], [ 106.894818, -6.389192 ], [ 106.896708, -6.389687 ], [ 106.897607, -6.389851 ], [ 106.899078, -6.390087 ], [ 106.903925, -6.390684 ], [ 106.90637, -6.391094 ], [ 106.907331, -6.391243 ], [ 106.907881, -6.387685 ], [ 106.90692, -6.387537 ], [ 106.904521, -6.387134 ], [ 106.897505, -6.383017 ], [ 106.893907, -6.382899 ], [ 106.887439, -6.383116 ], [ 106.886545, -6.38289 ], [ 106.882517, -6.375029 ], [ 106.882518, -6.375023 ], [ 106.882548, -6.374624 ], [ 106.883192, -6.37129 ], [ 106.883161, -6.371132 ], [ 106.88122, -6.3697 ], [ 106.875165, -6.368336 ], [ 106.8714, -6.361301 ], [ 106.870176, -6.359301 ], [ 106.866505, -6.351584 ], [ 106.865959, -6.349031 ], [ 106.86595, -6.349025 ], [ 106.863887, -6.349113 ], [ 106.85853, -6.351171 ], [ 106.85103, -6.353531 ], [ 106.850618, -6.353565 ], [ 106.849974, -6.355039 ], [ 106.849937, -6.355258 ], [ 106.851007, -6.358078 ], [ 106.851074, -6.358152 ], [ 106.851692, -6.358616 ], [ 106.852818, -6.366817 ], [ 106.85012, -6.367826 ], [ 106.848573, -6.36785 ], [ 106.84802, -6.367797 ], [ 106.843036, -6.36702 ], [ 106.842835, -6.366982 ], [ 106.835316, -6.362248 ], [ 106.834197, -6.357422 ], [ 106.833986, -6.354023 ], [ 106.833351, -6.353447 ], [ 106.835251, -6.344911 ], [ 106.835281, -6.344611 ], [ 106.835397, -6.341506 ], [ 106.832057, -6.337344 ], [ 106.83116, -6.335861 ], [ 106.830425, -6.334569 ], [ 106.828731, -6.326706 ], [ 106.828726, -6.326527 ], [ 106.827664, -6.321931 ], [ 106.827192, -6.320604 ], [ 106.826256, -6.319851 ], [ 106.826211, -6.319843 ], [ 106.819332, -6.315461 ], [ 106.818012, -6.310852 ], [ 106.817906, -6.310241 ], [ 106.81776, -6.30983 ], [ 106.817583, -6.309479 ], [ 106.815637, -6.307313 ], [ 106.813613, -6.305692 ], [ 106.81342, -6.305715 ], [ 106.807434, -6.302856 ], [ 106.808897, -6.295657 ], [ 106.81383, -6.294251 ], [ 106.819392, -6.297787 ], [ 106.822992, -6.297743 ], [ 106.828541, -6.298574 ], [ 106.828726, -6.298672 ], [ 106.829776, -6.298341 ], [ 106.829814, -6.298321 ], [ 106.830418, -6.295495 ], [ 106.826703, -6.288771 ], [ 106.825876, -6.28645 ], [ 106.821534, -6.280717 ], [ 106.820126, -6.278777 ], [ 106.820109, -6.278773 ], [ 106.819779, -6.278701 ], [ 106.819739, -6.2787 ], [ 106.812632, -6.276843 ], [ 106.810385, -6.274263 ], [ 106.808857, -6.272947 ], [ 106.808759, -6.272936 ], [ 106.808685, -6.272928 ], [ 106.808587, -6.272921 ], [ 106.806794, -6.274008 ], [ 106.799358, -6.270733 ], [ 106.799043, -6.267889 ], [ 106.799043, -6.267882 ], [ 106.80011, -6.263995 ], [ 106.800113, -6.263911 ], [ 106.798571, -6.259022 ], [ 106.79664, -6.257993 ], [ 106.794488, -6.250328 ], [ 106.79448, -6.250281 ], [ 106.793798, -6.248211 ], [ 106.789845, -6.24254 ], [ 106.788942, -6.236847 ], [ 106.791916, -6.230429 ], [ 106.792061, -6.230188 ], [ 106.792187, -6.229753 ], [ 106.788975, -6.228335 ], [ 106.783925, -6.230797 ], [ 106.780142, -6.231021 ], [ 106.773721, -6.228074 ], [ 106.771798, -6.227049 ], [ 106.771567, -6.227065 ], [ 106.7645, -6.22318 ], [ 106.765834, -6.219137 ], [ 106.765928, -6.215797 ], [ 106.76557, -6.215377 ], [ 106.765217, -6.215004 ], [ 106.761043, -6.211137 ], [ 106.759417, -6.210331 ], [ 106.759211, -6.210368 ], [ 106.757513, -6.211846 ], [ 106.752343, -6.216606 ], [ 106.745875, -6.215914 ], [ 106.743113, -6.210475 ], [ 106.742769, -6.209876 ], [ 106.741943, -6.208155 ], [ 106.743535, -6.199471 ], [ 106.743545, -6.199447 ], [ 106.748324, -6.192934 ], [ 106.750228, -6.192828 ], [ 106.752158, -6.19272 ], [ 106.754598, -6.192548 ], [ 106.757523, -6.192333 ], [ 106.759538, -6.192151 ], [ 106.761508, -6.191973 ], [ 106.764705, -6.191784 ], [ 106.765907, -6.191793 ], [ 106.768431, -6.191686 ], [ 106.769977, -6.191546 ], [ 106.770749, -6.191549 ], [ 106.772363, -6.190963 ], [ 106.773328, -6.190636 ], [ 106.77687, -6.189283 ], [ 106.780342, -6.187956 ], [ 106.786186, -6.186863 ], [ 106.788063, -6.18682 ], [ 106.788723, -6.186769 ], [ 106.789213, -6.186678 ], [ 106.790031, -6.186445 ], [ 106.797222, -6.18298 ], [ 106.798755, -6.181201 ], [ 106.798442, -6.178177 ], [ 106.798426, -6.178146 ], [ 106.798358, -6.178084 ], [ 106.793683, -6.174558 ], [ 106.791873, -6.175305 ], [ 106.791835, -6.175346 ], [ 106.791284, -6.177242 ], [ 106.786107, -6.183264 ], [ 106.784305, -6.183303 ], [ 106.783622, -6.183359 ], [ 106.783103, -6.18343 ], [ 106.782482, -6.183545 ], [ 106.78124, -6.183861 ], [ 106.774926, -6.184012 ], [ 106.768627, -6.180683 ], [ 106.766442, -6.179439 ], [ 106.766441, -6.179439 ], [ 106.766334, -6.179567 ], [ 106.76382, -6.182308 ], [ 106.761636, -6.18445 ], [ 106.758486, -6.186176 ], [ 106.756672, -6.187947 ], [ 106.754344, -6.188957 ], [ 106.746492, -6.184699 ], [ 106.746573, -6.178114 ], [ 106.746356, -6.176557 ], [ 106.746431, -6.174517 ], [ 106.746022, -6.174533 ], [ 106.742864, -6.17601 ], [ 106.736627, -6.173528 ], [ 106.735875, -6.16953 ], [ 106.735878, -6.169497 ], [ 106.734374, -6.167599 ], [ 106.729289, -6.162723 ], [ 106.728964, -6.160287 ], [ 106.728996, -6.159532 ], [ 106.729096, -6.158028 ], [ 106.729118, -6.15743 ], [ 106.729222, -6.156054 ], [ 106.729273, -6.154773 ], [ 106.729274, -6.153423 ], [ 106.725674, -6.15342 ], [ 106.718291, -6.151301 ], [ 106.718025, -6.15138 ], [ 106.714679, -6.152131 ], [ 106.712463, -6.152748 ], [ 106.70447, -6.148814 ], [ 106.704273, -6.14832 ], [ 106.704259, -6.148284 ], [ 106.703535, -6.147441 ], [ 106.702575, -6.147435 ], [ 106.702464, -6.147448 ], [ 106.697619, -6.149515 ], [ 106.692321, -6.145068 ], [ 106.689552, -6.140452 ], [ 106.689159, -6.137379 ], [ 106.689594, -6.133806 ], [ 106.687947, -6.127431 ], [ 106.691363, -6.121611 ], [ 106.691631, -6.119873 ], [ 106.691805, -6.119169 ], [ 106.695968, -6.113598 ], [ 106.699067, -6.112381 ], [ 106.700735, -6.109807 ], [ 106.705167, -6.102272 ], [ 106.708406, -6.100178 ], [ 106.717041, -6.100582 ], [ 106.718436, -6.102149 ], [ 106.71983, -6.103716 ], [ 106.72252, -6.101323 ], [ 106.719949, -6.098287 ], [ 106.718606, -6.09679 ], [ 106.716968, -6.095309 ], [ 106.716333, -6.094893 ], [ 106.715666, -6.094563 ], [ 106.714984, -6.094313 ], [ 106.71402, -6.09411 ], [ 106.713288, -6.094051 ], [ 106.712525, -6.094081 ], [ 106.71177, -6.094197 ], [ 106.711192, -6.094352 ], [ 106.710502, -6.09462 ], [ 106.70979, -6.095001 ], [ 106.706451, -6.097155 ], [ 106.703213, -6.099249 ], [ 106.701453, -6.100385 ], [ 106.699748, -6.101485 ], [ 106.696406, -6.103398 ], [ 106.695524, -6.103878 ], [ 106.694908, -6.104263 ], [ 106.691398, -6.106604 ], [ 106.690832, -6.107022 ], [ 106.685751, -6.109081 ], [ 106.678936, -6.107421 ], [ 106.677965, -6.107866 ], [ 106.677595, -6.108091 ], [ 106.677203, -6.108474 ], [ 106.677038, -6.108705 ], [ 106.676828, -6.109137 ], [ 106.676697, -6.109717 ], [ 106.676724, -6.110325 ], [ 106.67429, -6.116826 ], [ 106.669507, -6.118779 ], [ 106.668934, -6.11895 ], [ 106.667259, -6.119613 ], [ 106.667155, -6.119654 ], [ 106.666755, -6.121216 ], [ 106.66846, -6.123009 ], [ 106.66922, -6.12384 ], [ 106.671829, -6.124847 ], [ 106.674661, -6.1324 ], [ 106.674622, -6.132535 ], [ 106.670089, -6.137314 ], [ 106.667902, -6.137851 ], [ 106.667205, -6.138054 ], [ 106.666662, -6.138253 ], [ 106.666109, -6.138493 ], [ 106.665493, -6.138787 ], [ 106.664928, -6.139088 ], [ 106.663957, -6.139709 ], [ 106.66322, -6.140278 ], [ 106.662582, -6.140858 ], [ 106.655675, -6.144907 ], [ 106.655305, -6.145316 ], [ 106.652609, -6.148072 ], [ 106.646201, -6.148129 ], [ 106.640823, -6.146828 ], [ 106.634885, -6.140193 ], [ 106.635007, -6.138262 ], [ 106.635261, -6.13589 ], [ 106.635015, -6.13286 ], [ 106.635143, -6.130773 ], [ 106.635473, -6.125305 ], [ 106.635507, -6.12454 ], [ 106.633699, -6.123424 ], [ 106.633441, -6.123421 ], [ 106.631911, -6.124379 ], [ 106.631528, -6.127101 ], [ 106.631411, -6.127618 ], [ 106.630968, -6.129137 ], [ 106.629518, -6.134167 ], [ 106.627339, -6.140935 ], [ 106.618942, -6.139454 ], [ 106.617886, -6.137927 ], [ 106.617284, -6.137735 ], [ 106.616793, -6.137668 ], [ 106.615355, -6.13914 ], [ 106.615333, -6.139402 ], [ 106.614805, -6.143195 ], [ 106.614814, -6.146795 ], [ 106.611435, -6.151673 ], [ 106.605623, -6.151312 ], [ 106.601041, -6.14748 ], [ 106.599871, -6.146214 ], [ 106.598274, -6.144397 ], [ 106.598098, -6.144365 ], [ 106.591165, -6.145458 ], [ 106.59097, -6.145513 ], [ 106.588199, -6.146696 ], [ 106.587251, -6.14736 ], [ 106.587092, -6.147549 ], [ 106.585067, -6.153597 ], [ 106.585131, -6.154031 ], [ 106.586638, -6.160701 ], [ 106.586915, -6.162406 ], [ 106.579719, -6.167304 ], [ 106.57731, -6.167728 ], [ 106.569427, -6.165598 ], [ 106.56852, -6.163757 ], [ 106.564469, -6.161107 ], [ 106.564434, -6.161085 ], [ 106.564365, -6.161045 ], [ 106.562032, -6.161444 ], [ 106.561904, -6.161656 ], [ 106.554964, -6.167285 ], [ 106.550395, -6.170193 ], [ 106.549013, -6.171912 ], [ 106.549013, -6.171981 ], [ 106.550675, -6.173783 ], [ 106.550953, -6.173761 ], [ 106.55411, -6.173926 ], [ 106.557416, -6.174584 ], [ 106.562357, -6.18056 ], [ 106.563259, -6.184563 ], [ 106.558253, -6.189366 ], [ 106.552317, -6.191681 ], [ 106.548202, -6.192534 ], [ 106.545005, -6.197954 ], [ 106.544941, -6.1984 ], [ 106.542398, -6.205643 ], [ 106.537912, -6.204852 ], [ 106.533562, -6.204092 ], [ 106.531381, -6.203817 ], [ 106.529079, -6.203679 ], [ 106.523452, -6.197487 ], [ 106.523069, -6.197285 ], [ 106.522648, -6.197276 ], [ 106.522536, -6.19728 ], [ 106.516361, -6.198533 ], [ 106.513288, -6.198428 ], [ 106.512073, -6.19976 ], [ 106.504317, -6.200899 ], [ 106.501126, -6.200186 ], [ 106.497936, -6.199473 ], [ 106.494651, -6.198741 ], [ 106.492835, -6.198439 ], [ 106.491442, -6.1983 ], [ 106.490722, -6.198261 ], [ 106.489525, -6.198256 ], [ 106.488777, -6.198291 ], [ 106.487838, -6.198376 ], [ 106.486395, -6.198595 ], [ 106.485796, -6.198718 ], [ 106.484633, -6.199013 ], [ 106.483424, -6.199398 ], [ 106.482524, -6.199745 ], [ 106.481916, -6.200004 ], [ 106.480602, -6.2006 ], [ 106.480011, -6.200888 ], [ 106.4768, -6.202612 ], [ 106.468677, -6.204383 ], [ 106.468638, -6.207983 ] ] ] } },
{ "type": "Feature", "properties": { "name": "Padel.Inc Bintaro" }, "geometry": { "type": "Polygon", "coordinates": [ [ [ 106.489034, -6.201882 ], [ 106.490164, -6.201988 ], [ 106.49715, -6.202986 ], [ 106.500341, -6.203699 ], [ 106.503531, -6.204413 ], [ 106.506722, -6.205126 ], [ 106.512159, -6.209178 ], [ 106.516748, -6.216281 ], [ 106.518317, -6.217944 ], [ 106.518431, -6.217963 ], [ 106.520251, -6.217112 ], [ 106.524442, -6.224887 ], [ 106.521695, -6.226682 ], [ 106.521248, -6.228169 ], [ 106.521765, -6.230281 ], [ 106.524261, -6.230629 ], [ 106.5253, -6.230559 ], [ 106.525864, -6.230444 ], [ 106.528107, -6.230108 ], [ 106.534647, -6.234491 ], [ 106.536099, -6.235085 ], [ 106.538169, -6.235236 ], [ 106.542159, -6.235854 ], [ 106.54289, -6.235851 ], [ 106.54553, -6.235968 ], [ 106.550689, -6.240046 ], [ 106.549922, -6.246465 ], [ 106.549888, -6.24684 ], [ 106.551787, -6.253002 ], [ 106.552131, -6.253122 ], [ 106.559261, -6.253445 ], [ 106.560879, -6.25906 ], [ 106.560721, -6.259754 ], [ 106.560706, -6.260314 ], [ 106.556289, -6.266934 ], [ 106.555302, -6.267622 ], [ 106.553719, -6.271516 ], [ 106.551605, -6.276725 ], [ 106.547396, -6.284261 ], [ 106.546083, -6.285971 ], [ 106.546102, -6.286168 ], [ 106.550393, -6.291179 ], [ 106.551994, -6.297805 ], [ 106.548763, -6.305656 ], [ 106.547194, -6.306663 ], [ 106.540568, -6.311677 ], [ 106.535693, -6.309342 ], [ 106.532527, -6.308207 ], [ 106.531906, -6.30809 ], [ 106.530431, -6.309579 ], [ 106.53041, -6.309723 ], [ 106.531235, -6.311627 ], [ 106.535995, -6.31552 ], [ 106.537536, -6.319274 ], [ 106.54097, -6.326379 ], [ 106.542819, -6.327811 ], [ 106.545125, -6.32929 ], [ 106.546689, -6.330245 ], [ 106.546756, -6.330249 ], [ 106.549324, -6.330721 ], [ 106.554237, -6.333569 ], [ 106.554364, -6.341892 ], [ 106.552979, -6.343788 ], [ 106.55286, -6.343983 ], [ 106.552992, -6.344315 ], [ 106.554422, -6.349955 ], [ 106.553462, -6.354965 ], [ 106.553387, -6.35522 ], [ 106.554478, -6.357164 ], [ 106.555475, -6.358103 ], [ 106.555718, -6.358198 ], [ 106.557203, -6.358062 ], [ 106.559624, -6.355753 ], [ 106.560633, -6.354182 ], [ 106.563286, -6.351369 ], [ 106.571046, -6.353425 ], [ 106.571745, -6.355207 ], [ 106.571754, -6.355236 ], [ 106.57288, -6.356215 ], [ 106.576205, -6.359388 ], [ 106.57657, -6.359905 ], [ 106.580439, -6.361376 ], [ 106.584031, -6.368934 ], [ 106.586035, -6.368933 ], [ 106.58761, -6.369169 ], [ 106.588679, -6.368668 ], [ 106.589137, -6.368417 ], [ 106.589206, -6.368365 ], [ 106.59335, -6.367505 ], [ 106.596637, -6.373647 ], [ 106.596625, -6.377197 ], [ 106.594925, -6.383288 ], [ 106.594152, -6.384327 ], [ 106.594104, -6.384543 ], [ 106.594035, -6.38709 ], [ 106.594137, -6.387184 ], [ 106.595955, -6.387443 ], [ 106.596157, -6.387326 ], [ 106.601318, -6.385327 ], [ 106.605772, -6.391089 ], [ 106.605889, -6.391144 ], [ 106.606454, -6.391305 ], [ 106.607128, -6.39144 ], [ 106.610725, -6.394352 ], [ 106.610279, -6.399023 ], [ 106.604501, -6.400882 ], [ 106.60223, -6.402404 ], [ 106.602121, -6.402884 ], [ 106.602371, -6.403785 ], [ 106.602781, -6.404142 ], [ 106.60851, -6.406965 ], [ 106.61157, -6.414936 ], [ 106.611486, -6.415606 ], [ 106.611065, -6.418683 ], [ 106.61154, -6.418797 ], [ 106.612544, -6.419036 ], [ 106.613188, -6.419194 ], [ 106.614475, -6.417489 ], [ 106.614594, -6.417304 ], [ 106.614883, -6.416897 ], [ 106.620801, -6.412423 ], [ 106.621855, -6.411938 ], [ 106.622446, -6.411246 ], [ 106.622698, -6.410372 ], [ 106.625263, -6.405487 ], [ 106.632162, -6.408566 ], [ 106.632061, -6.412165 ], [ 106.632616, -6.417952 ], [ 106.632537, -6.418572 ], [ 106.632835, -6.425481 ], [ 106.62873, -6.426747 ], [ 106.628758, -6.430347 ], [ 106.629392, -6.430561 ], [ 106.63097, -6.43033 ], [ 106.635592, -6.430317 ], [ 106.636146, -6.429938 ], [ 106.637036, -6.429365 ], [ 106.643415, -6.427035 ], [ 106.645149, -6.425414 ], [ 106.647461, -6.422972 ], [ 106.654663, -6.422377 ], [ 106.653205, -6.430498 ], [ 106.653275, -6.431076 ], [ 106.653581, -6.435684 ], [ 106.656135, -6.440276 ], [ 106.656161, -6.440278 ], [ 106.661682, -6.443062 ], [ 106.659184, -6.449297 ], [ 106.658393, -6.449564 ], [ 106.65788, -6.450004 ], [ 106.657504, -6.450639 ], [ 106.650043, -6.455268 ], [ 106.644561, -6.453348 ], [ 106.643357, -6.453116 ], [ 106.642572, -6.453226 ], [ 106.642252, -6.453466 ], [ 106.641348, -6.454971 ], [ 106.641725, -6.455718 ], [ 106.642094, -6.456414 ], [ 106.645105, -6.460521 ], [ 106.646418, -6.46205 ], [ 106.648648, -6.462599 ], [ 106.6524, -6.463904 ], [ 106.656833, -6.467087 ], [ 106.659402, -6.469609 ], [ 106.664276, -6.472316 ], [ 106.670432, -6.475308 ], [ 106.672082, -6.479891 ], [ 106.672159, -6.480684 ], [ 106.672403, -6.481434 ], [ 106.672741, -6.482309 ], [ 106.672996, -6.48285 ], [ 106.67825, -6.487785 ], [ 106.679493, -6.494736 ], [ 106.679446, -6.495254 ], [ 106.681215, -6.4967 ], [ 106.68148, -6.49671 ], [ 106.68303, -6.495584 ], [ 106.683078, -6.495066 ], [ 106.683189, -6.493544 ], [ 106.68312, -6.493199 ], [ 106.681395, -6.488958 ], [ 106.681007, -6.487168 ], [ 106.681173, -6.482544 ], [ 106.681198, -6.4822 ], [ 106.681193, -6.481873 ], [ 106.68063, -6.477228 ], [ 106.682142, -6.468708 ], [ 106.688098, -6.468399 ], [ 106.692365, -6.474219 ], [ 106.695954, -6.4745 ], [ 106.697907, -6.475186 ], [ 106.701061, -6.474939 ], [ 106.703287, -6.475659 ], [ 106.702924, -6.484315 ], [ 106.702871, -6.48448 ], [ 106.703897, -6.486511 ], [ 106.706445, -6.487969 ], [ 106.708922, -6.490436 ], [ 106.710792, -6.491838 ], [ 106.710379, -6.499499 ], [ 106.709391, -6.501573 ], [ 106.7095, -6.502025 ], [ 106.709936, -6.503071 ], [ 106.711629, -6.505285 ], [ 106.717778, -6.50822 ], [ 106.71798, -6.508258 ], [ 106.721552, -6.508479 ], [ 106.729138, -6.51208 ], [ 106.730354, -6.512481 ], [ 106.732784, -6.511735 ], [ 106.73596, -6.511281 ], [ 106.737694, -6.510577 ], [ 106.738039, -6.510387 ], [ 106.744776, -6.508294 ], [ 106.751955, -6.510067 ], [ 106.749557, -6.518462 ], [ 106.749033, -6.518798 ], [ 106.745679, -6.519695 ], [ 106.745023, -6.519913 ], [ 106.744657, -6.521163 ], [ 106.742684, -6.527558 ], [ 106.742387, -6.528571 ], [ 106.742107, -6.52957 ], [ 106.742132, -6.530147 ], [ 106.741468, -6.538623 ], [ 106.741055, -6.54081 ], [ 106.744214, -6.543384 ], [ 106.750781, -6.54946 ], [ 106.750851, -6.549494 ], [ 106.757863, -6.551934 ], [ 106.76132, -6.556274 ], [ 106.760782, -6.560842 ], [ 106.760753, -6.560914 ], [ 106.760568, -6.562753 ], [ 106.760463, -6.565008 ], [ 106.760467, -6.565047 ], [ 106.76339, -6.566627 ], [ 106.763522, -6.566614 ], [ 106.763984, -6.566253 ], [ 106.765229, -6.564986 ], [ 106.773085, -6.563797 ], [ 106.779487, -6.56607 ], [ 106.781955, -6.568729 ], [ 106.784788, -6.571499 ], [ 106.784993, -6.57153 ], [ 106.78691, -6.571822 ], [ 106.788221, -6.570195 ], [ 106.788613, -6.569399 ], [ 106.79546, -6.564194 ], [ 106.796197, -6.564362 ], [ 106.796794, -6.564428 ], [ 106.797248, -6.564446 ], [ 106.79776, -6.564421 ], [ 106.798133, -6.564376 ], [ 106.798474, -6.564323 ], [ 106.799431, -6.564132 ], [ 106.800636, -6.563835 ], [ 106.801537, -6.563645 ], [ 106.803859, -6.563103 ], [ 106.803041, -6.559597 ], [ 106.800719, -6.560139 ], [ 106.799893, -6.560313 ], [ 106.794758, -6.560228 ], [ 106.790116, -6.555344 ], [ 106.788841, -6.554005 ], [ 106.788633, -6.553943 ], [ 106.784834, -6.553557 ], [ 106.784668, -6.544803 ], [ 106.784819, -6.544715 ], [ 106.785988, -6.544157 ], [ 106.792354, -6.538105 ], [ 106.792678, -6.537884 ], [ 106.796866, -6.53582 ], [ 106.797396, -6.534984 ], [ 106.79773, -6.534365 ], [ 106.798893, -6.532509 ], [ 106.799669, -6.530918 ], [ 106.799644, -6.530562 ], [ 106.798958, -6.52891 ], [ 106.797881, -6.52889 ], [ 106.796333, -6.528791 ], [ 106.796126, -6.528796 ], [ 106.7916, -6.52808 ], [ 106.788579, -6.523912 ], [ 106.788387, -6.523544 ], [ 106.788208, -6.516197 ], [ 106.795147, -6.51711 ], [ 106.798041, -6.515206 ], [ 106.798255, -6.51392 ], [ 106.798327, -6.513426 ], [ 106.799059, -6.510486 ], [ 106.798998, -6.510141 ], [ 106.79834, -6.502129 ], [ 106.80396, -6.497165 ], [ 106.80419, -6.496684 ], [ 106.804229, -6.496584 ], [ 106.803558, -6.495831 ], [ 106.803429, -6.495671 ], [ 106.802042, -6.488621 ], [ 106.804267, -6.486023 ], [ 106.805522, -6.485174 ], [ 106.808471, -6.484237 ], [ 106.808767, -6.484205 ], [ 106.816557, -6.486849 ], [ 106.816684, -6.486885 ], [ 106.822226, -6.489632 ], [ 106.822256, -6.489644 ], [ 106.823356, -6.48961 ], [ 106.823591, -6.489604 ], [ 106.830481, -6.489609 ], [ 106.831034, -6.496913 ], [ 106.830995, -6.497072 ], [ 106.831157, -6.498775 ], [ 106.831431, -6.499936 ], [ 106.832577, -6.500287 ], [ 106.834983, -6.500523 ], [ 106.838042, -6.5083 ], [ 106.837979, -6.508527 ], [ 106.836865, -6.5112 ], [ 106.833493, -6.515219 ], [ 106.831106, -6.518165 ], [ 106.830996, -6.524609 ], [ 106.831429, -6.526862 ], [ 106.831454, -6.526884 ], [ 106.833598, -6.527097 ], [ 106.833923, -6.526758 ], [ 106.840625, -6.52132 ], [ 106.840661, -6.521234 ], [ 106.8426, -6.514233 ], [ 106.845165, -6.51054 ], [ 106.845225, -6.510431 ], [ 106.845395, -6.509874 ], [ 106.845996, -6.505636 ], [ 106.845898, -6.49925 ], [ 106.846334, -6.496953 ], [ 106.846718, -6.494952 ], [ 106.846908, -6.49391 ], [ 106.850258, -6.489412 ], [ 106.857755, -6.490287 ], [ 106.858413, -6.490776 ], [ 106.861976, -6.494595 ], [ 106.865613, -6.500837 ], [ 106.869014, -6.502016 ], [ 106.86959, -6.500353 ], [ 106.870325, -6.497961 ], [ 106.871102, -6.495485 ], [ 106.871668, -6.493677 ], [ 106.877471, -6.487678 ], [ 106.879562, -6.486313 ], [ 106.881181, -6.48506 ], [ 106.884888, -6.482075 ], [ 106.888577, -6.474229 ], [ 106.889677, -6.472043 ], [ 106.896966, -6.470647 ], [ 106.898263, -6.471007 ], [ 106.898406, -6.47105 ], [ 106.90052, -6.470077 ], [ 106.900452, -6.469649 ], [ 106.900304, -6.469114 ], [ 106.900101, -6.468659 ], [ 106.899739, -6.468088 ], [ 106.900933, -6.459372 ], [ 106.904467, -6.455872 ], [ 106.904862, -6.455569 ], [ 106.905065, -6.453843 ], [ 106.905046, -6.453785 ], [ 106.904771, -6.453549 ], [ 106.902673, -6.452711 ], [ 106.898595, -6.451473 ], [ 106.898589, -6.451471 ], [ 106.894218, -6.445341 ], [ 106.894711, -6.442475 ], [ 106.895197, -6.439642 ], [ 106.895684, -6.436809 ], [ 106.89617, -6.433977 ], [ 106.896561, -6.432359 ], [ 106.897292, -6.430109 ], [ 106.898053, -6.427758 ], [ 106.898342, -6.426663 ], [ 106.898653, -6.425164 ], [ 106.89877, -6.424283 ], [ 106.903373, -6.418087 ], [ 106.906899, -6.417157 ], [ 106.908851, -6.416781 ], [ 106.913905, -6.412206 ], [ 106.914889, -6.408743 ], [ 106.921217, -6.405133 ], [ 106.922732, -6.404916 ], [ 106.927299, -6.404661 ], [ 106.935934, -6.405366 ], [ 106.937767, -6.405059 ], [ 106.946286, -6.406191 ], [ 106.946705, -6.40821 ], [ 106.946735, -6.40824 ], [ 106.948927, -6.408637 ], [ 106.953621, -6.409941 ], [ 106.958935, -6.414114 ], [ 106.957702, -6.419812 ], [ 106.957705, -6.420339 ], [ 106.959469, -6.421599 ], [ 106.959632, -6.421602 ], [ 106.966993, -6.418391 ], [ 106.967357, -6.417627 ], [ 106.968155, -6.414983 ], [ 106.974376, -6.410004 ], [ 106.974749, -6.409847 ], [ 106.974834, -6.409768 ], [ 106.977917, -6.40581 ], [ 106.978148, -6.404856 ], [ 106.978152, -6.40481 ], [ 106.978124, -6.40407 ], [ 106.977935, -6.397068 ], [ 106.978932, -6.393895 ], [ 106.978805, -6.392209 ], [ 106.978629, -6.39181 ], [ 106.976475, -6.387859 ], [ 106.976738, -6.384186 ], [ 106.983547, -6.379973 ], [ 106.986683, -6.38021 ], [ 106.988169, -6.380109 ], [ 106.989289, -6.379929 ], [ 106.990764, -6.379497 ], [ 106.992378, -6.378845 ], [ 106.996243, -6.376621 ], [ 106.998204, -6.375586 ], [ 106.999791, -6.37464 ], [ 107.001014, -6.373663 ], [ 107.002124, -6.372629 ], [ 107.002833, -6.371803 ], [ 107.004274, -6.369874 ], [ 107.005927, -6.367526 ], [ 107.007555, -6.365212 ], [ 107.010872, -6.361645 ], [ 107.014261, -6.359054 ], [ 107.017658, -6.356457 ], [ 107.020048, -6.354608 ], [ 107.022426, -6.352768 ], [ 107.024047, -6.351537 ], [ 107.025721, -6.350263 ], [ 107.026252, -6.349823 ], [ 107.026851, -6.349277 ], [ 107.027457, -6.34866 ], [ 107.028172, -6.347873 ], [ 107.028697, -6.34721 ], [ 107.029184, -6.346507 ], [ 107.029661, -6.34575 ], [ 107.030323, -6.344457 ], [ 107.031543, -6.341683 ], [ 107.028247, -6.340234 ], [ 107.027028, -6.343008 ], [ 107.021675, -6.347516 ], [ 107.021268, -6.347675 ], [ 107.020854, -6.347927 ], [ 107.020514, -6.348226 ], [ 107.020405, -6.348345 ], [ 107.015455, -6.35361 ], [ 107.012075, -6.356194 ], [ 107.008685, -6.358785 ], [ 107.007987, -6.359371 ], [ 107.007307, -6.359985 ], [ 107.006539, -6.360757 ], [ 107.005846, -6.361543 ], [ 107.005185, -6.362367 ], [ 107.004662, -6.36307 ], [ 107.002984, -6.365453 ], [ 107.00133, -6.367801 ], [ 106.999949, -6.369648 ], [ 106.999402, -6.370273 ], [ 106.998582, -6.371009 ], [ 106.997551, -6.371822 ], [ 106.996392, -6.372475 ], [ 106.994566, -6.373435 ], [ 106.992672, -6.374432 ], [ 106.990481, -6.375785 ], [ 106.989477, -6.376135 ], [ 106.988291, -6.376471 ], [ 106.987651, -6.376547 ], [ 106.986455, -6.376617 ], [ 106.98384, -6.376385 ], [ 106.979694, -6.368556 ], [ 106.982712, -6.366431 ], [ 106.98591, -6.365792 ], [ 106.985918, -6.365788 ], [ 106.98702, -6.363617 ], [ 106.987012, -6.363591 ], [ 106.98338, -6.359436 ], [ 106.979704, -6.357168 ], [ 106.978515, -6.351113 ], [ 106.97854, -6.351016 ], [ 106.977277, -6.348929 ], [ 106.977262, -6.348925 ], [ 106.975057, -6.350105 ], [ 106.975032, -6.350202 ], [ 106.972982, -6.355424 ], [ 106.972884, -6.355694 ], [ 106.973278, -6.359131 ], [ 106.966238, -6.363133 ], [ 106.964455, -6.363138 ], [ 106.9587, -6.359448 ], [ 106.958471, -6.359231 ], [ 106.956649, -6.35863 ], [ 106.956048, -6.359184 ], [ 106.952155, -6.362849 ], [ 106.945882, -6.358628 ], [ 106.945551, -6.355811 ], [ 106.943497, -6.349514 ], [ 106.942562, -6.347625 ], [ 106.942326, -6.347513 ], [ 106.940243, -6.347904 ], [ 106.934544, -6.345748 ], [ 106.934468, -6.339702 ], [ 106.934543, -6.339408 ], [ 106.93511, -6.33669 ], [ 106.935252, -6.336351 ], [ 106.934173, -6.334345 ], [ 106.934069, -6.334306 ], [ 106.929811, -6.330496 ], [ 106.930338, -6.326206 ], [ 106.93698, -6.324568 ], [ 106.937173, -6.324604 ], [ 106.939367, -6.323237 ], [ 106.941988, -6.319398 ], [ 106.942203, -6.317702 ], [ 106.948713, -6.31179 ], [ 106.950008, -6.31217 ], [ 106.950738, -6.312229 ], [ 106.950833, -6.312085 ], [ 106.951788, -6.308785 ], [ 106.952423, -6.301347 ], [ 106.957291, -6.300726 ], [ 106.957549, -6.300795 ], [ 106.959334, -6.300624 ], [ 106.966198, -6.297132 ], [ 106.96802, -6.295743 ], [ 106.968046, -6.295651 ], [ 106.967583, -6.292777 ], [ 106.966136, -6.291457 ], [ 106.962523, -6.283623 ], [ 106.962686, -6.280702 ], [ 106.961003, -6.274745 ], [ 106.960692, -6.27127 ], [ 106.960542, -6.269459 ], [ 106.960388, -6.267608 ], [ 106.960253, -6.266369 ], [ 106.959732, -6.25896 ], [ 106.959773, -6.254954 ], [ 106.959761, -6.254678 ], [ 106.956165, -6.254843 ], [ 106.948206, -6.251636 ], [ 106.948145, -6.248036 ], [ 106.947886, -6.247924 ], [ 106.946108, -6.24795 ], [ 106.941563, -6.247708 ], [ 106.93805, -6.247498 ], [ 106.934382, -6.247004 ], [ 106.934251, -6.24699 ], [ 106.93052, -6.24655 ], [ 106.929646, -6.246438 ], [ 106.922648, -6.242175 ], [ 106.920983, -6.240386 ], [ 106.920797, -6.240346 ], [ 106.919575, -6.240299 ], [ 106.911755, -6.236436 ], [ 106.909912, -6.235308 ], [ 106.909672, -6.235311 ], [ 106.904426, -6.234963 ], [ 106.897849, -6.231281 ], [ 106.897846, -6.231279 ], [ 106.893557, -6.228601 ], [ 106.889402, -6.22612 ], [ 106.890269, -6.219422 ], [ 106.892131, -6.217797 ], [ 106.898566, -6.215279 ], [ 106.899671, -6.215285 ], [ 106.900307, -6.215285 ], [ 106.901582, -6.213525 ], [ 106.901579, -6.213422 ], [ 106.900387, -6.211686 ], [ 106.89576, -6.208675 ], [ 106.894864, -6.207656 ], [ 106.894122, -6.206786 ], [ 106.892575, -6.198368 ], [ 106.892926, -6.196637 ], [ 106.892951, -6.194651 ], [ 106.892871, -6.188609 ], [ 106.892864, -6.187426 ], [ 106.885767, -6.184323 ], [ 106.885184, -6.176738 ], [ 106.888966, -6.17181 ], [ 106.889003, -6.171752 ], [ 106.889035, -6.169705 ], [ 106.888376, -6.169307 ], [ 106.884779, -6.167094 ], [ 106.884512, -6.161027 ], [ 106.884828, -6.160244 ], [ 106.885216, -6.159526 ], [ 106.885779, -6.158599 ], [ 106.886315, -6.157767 ], [ 106.883227, -6.155915 ], [ 106.882599, -6.156666 ], [ 106.87815, -6.161347 ], [ 106.873423, -6.16563 ], [ 106.866667, -6.17134 ], [ 106.863275, -6.17524 ], [ 106.862432, -6.176989 ], [ 106.862441, -6.177049 ], [ 106.86052, -6.18461 ], [ 106.858271, -6.188159 ], [ 106.850784, -6.191763 ], [ 106.846892, -6.18665 ], [ 106.846292, -6.185162 ], [ 106.846292, -6.185162 ], [ 106.842763, -6.178389 ], [ 106.840865, -6.177112 ], [ 106.839204, -6.168349 ], [ 106.839777, -6.166014 ], [ 106.840085, -6.163032 ], [ 106.839863, -6.162141 ], [ 106.838632, -6.158665 ], [ 106.835038, -6.155533 ], [ 106.831637, -6.153276 ], [ 106.828546, -6.149366 ], [ 106.826571, -6.148158 ], [ 106.822908, -6.140395 ], [ 106.827538, -6.137606 ], [ 106.827659, -6.137587 ], [ 106.832508, -6.137538 ], [ 106.832996, -6.137459 ], [ 106.835097, -6.136167 ], [ 106.836019, -6.134404 ], [ 106.842679, -6.130152 ], [ 106.847403, -6.128687 ], [ 106.848891, -6.12822 ], [ 106.850529, -6.127803 ], [ 106.850935, -6.127721 ], [ 106.851722, -6.127495 ], [ 106.850727, -6.124035 ], [ 106.84627, -6.124018 ], [ 106.844825, -6.124121 ], [ 106.844274, -6.124245 ], [ 106.843816, -6.124435 ], [ 106.84325, -6.124848 ], [ 106.840362, -6.126384 ], [ 106.832433, -6.125305 ], [ 106.832353, -6.125317 ], [ 106.829279, -6.125516 ], [ 106.821671, -6.12188 ], [ 106.818527, -6.120949 ], [ 106.818105, -6.120899 ], [ 106.816049, -6.121401 ], [ 106.809042, -6.116164 ], [ 106.808724, -6.114503 ], [ 106.808597, -6.113749 ], [ 106.807731, -6.108359 ], [ 106.80763, -6.107774 ], [ 106.807193, -6.105771 ], [ 106.807189, -6.105749 ], [ 106.807122, -6.10539 ], [ 106.806531, -6.102103 ], [ 106.806524, -6.102071 ], [ 106.804523, -6.100663 ], [ 106.7994, -6.098505 ], [ 106.799287, -6.098526 ], [ 106.797817, -6.10045 ], [ 106.797843, -6.100601 ], [ 106.798008, -6.101278 ], [ 106.797209, -6.108444 ], [ 106.79146, -6.108876 ], [ 106.791459, -6.108876 ], [ 106.78699, -6.110532 ], [ 106.78169, -6.110482 ], [ 106.780193, -6.110403 ], [ 106.773437, -6.109085 ], [ 106.773242, -6.109328 ], [ 106.773221, -6.10936 ], [ 106.772869, -6.110201 ], [ 106.772863, -6.110299 ], [ 106.772414, -6.11538 ], [ 106.766795, -6.120358 ], [ 106.76458, -6.120609 ], [ 106.762436, -6.120854 ], [ 106.760154, -6.121024 ], [ 106.759031, -6.12106 ], [ 106.757973, -6.121078 ], [ 106.755628, -6.121014 ], [ 106.752235, -6.120911 ], [ 106.74937, -6.120822 ], [ 106.746594, -6.120737 ], [ 106.744442, -6.120274 ], [ 106.742198, -6.119467 ], [ 106.738589, -6.11322 ], [ 106.73543, -6.111493 ], [ 106.72785, -6.107065 ], [ 106.727495, -6.10669 ], [ 106.726714, -6.105844 ], [ 106.725332, -6.104296 ], [ 106.723931, -6.102726 ], [ 106.723114, -6.101793 ], [ 106.721533, -6.100042 ], [ 106.719971, -6.098311 ], [ 106.718606, -6.09679 ], [ 106.716968, -6.095309 ], [ 106.716333, -6.094893 ], [ 106.715666, -6.094563 ], [ 106.714984, -6.094313 ], [ 106.71402, -6.09411 ], [ 106.713288, -6.094051 ], [ 106.712525, -6.094081 ], [ 106.71177, -6.094197 ], [ 106.711192, -6.094352 ], [ 106.710502, -6.09462 ], [ 106.70979, -6.095001 ], [ 106.706451, -6.097155 ], [ 106.703213, -6.099249 ], [ 106.701453, -6.100385 ], [ 106.699748, -6.101485 ], [ 106.696406, -6.103398 ], [ 106.695524, -6.103878 ], [ 106.694908, -6.104263 ], [ 106.694165, -6.10492 ], [ 106.691398, -6.106604 ], [ 106.684617, -6.105544 ], [ 106.682359, -6.104647 ], [ 106.679771, -6.10454 ], [ 106.679703, -6.104562 ], [ 106.678378, -6.106348 ], [ 106.677038, -6.108705 ], [ 106.676828, -6.109137 ], [ 106.676697, -6.109717 ], [ 106.676724, -6.110325 ], [ 106.67429, -6.116826 ], [ 106.669507, -6.118779 ], [ 106.668934, -6.11895 ], [ 106.664606, -6.120795 ], [ 106.664225, -6.121069 ], [ 106.663863, -6.12138 ], [ 106.661881, -6.123163 ], [ 106.663252, -6.126492 ], [ 106.663257, -6.12649 ], [ 106.667358, -6.126233 ], [ 106.668471, -6.126249 ], [ 106.673547, -6.132893 ], [ 106.670089, -6.137314 ], [ 106.667902, -6.137851 ], [ 106.667205, -6.138054 ], [ 106.666662, -6.138253 ], [ 106.666109, -6.138493 ], [ 106.665493, -6.138787 ], [ 106.664928, -6.139088 ], [ 106.663957, -6.139709 ], [ 106.66322, -6.140278 ], [ 106.656172, -6.142128 ], [ 106.649756, -6.146241 ], [ 106.640903, -6.145894 ], [ 106.634645, -6.141178 ], [ 106.634664, -6.139403 ], [ 106.634753, -6.137504 ], [ 106.634826, -6.136346 ], [ 106.634869, -6.135393 ], [ 106.631273, -6.135231 ], [ 106.63123, -6.136184 ], [ 106.63056, -6.139546 ], [ 106.630257, -6.140583 ], [ 106.630238, -6.141002 ], [ 106.625504, -6.148626 ], [ 106.621564, -6.14608 ], [ 106.619285, -6.145194 ], [ 106.619048, -6.145287 ], [ 106.618313, -6.147626 ], [ 106.618716, -6.149966 ], [ 106.618951, -6.153989 ], [ 106.613556, -6.159667 ], [ 106.612857, -6.16133 ], [ 106.61195, -6.162889 ], [ 106.606793, -6.167501 ], [ 106.602131, -6.168253 ], [ 106.599615, -6.169085 ], [ 106.599613, -6.169091 ], [ 106.599539, -6.169283 ], [ 106.599498, -6.169414 ], [ 106.600282, -6.171342 ], [ 106.601862, -6.180119 ], [ 106.60109, -6.181339 ], [ 106.598281, -6.184099 ], [ 106.591975, -6.184412 ], [ 106.591971, -6.18441 ], [ 106.589757, -6.185442 ], [ 106.58616, -6.187312 ], [ 106.579427, -6.187558 ], [ 106.579363, -6.187556 ], [ 106.577407, -6.188891 ], [ 106.56999, -6.189458 ], [ 106.569964, -6.189455 ], [ 106.567933, -6.190875 ], [ 106.5605, -6.194095 ], [ 106.559025, -6.194954 ], [ 106.552019, -6.197811 ], [ 106.552012, -6.197815 ], [ 106.552776, -6.199444 ], [ 106.553525, -6.201081 ], [ 106.555716, -6.203369 ], [ 106.549108, -6.209064 ], [ 106.547904, -6.208172 ], [ 106.547059, -6.207644 ], [ 106.546086, -6.207113 ], [ 106.545118, -6.206665 ], [ 106.544341, -6.206354 ], [ 106.543119, -6.20597 ], [ 106.542236, -6.205743 ], [ 106.537903, -6.204983 ], [ 106.533463, -6.204208 ], [ 106.531256, -6.203959 ], [ 106.528988, -6.203819 ], [ 106.522267, -6.199811 ], [ 106.521473, -6.199677 ], [ 106.513889, -6.203039 ], [ 106.510698, -6.202326 ], [ 106.507507, -6.201613 ], [ 106.504317, -6.200899 ], [ 106.501126, -6.200186 ], [ 106.497936, -6.199473 ], [ 106.494651, -6.198741 ], [ 106.492835, -6.198439 ], [ 106.491442, -6.1983 ], [ 106.490722, -6.198261 ], [ 106.489525, -6.198256 ], [ 106.488873, -6.198286 ], [ 106.489034, -6.201882 ] ] ] } },
{ "type": "Feature", "properties": { "name": "HighFive The Padel" }, "geometry": { "type": "Polygon", "coordinates": [ [ [ 106.392701, -6.183278 ], [ 106.393906, -6.183892 ], [ 106.395045, -6.184391 ], [ 106.396153, -6.184766 ], [ 106.397933, -6.185188 ], [ 106.399791, -6.185487 ], [ 106.407117, -6.188319 ], [ 106.408596, -6.189653 ], [ 106.410186, -6.191077 ], [ 106.41162, -6.19219 ], [ 106.413146, -6.193076 ], [ 106.413818, -6.19339 ], [ 106.414878, -6.193839 ], [ 106.416579, -6.194369 ], [ 106.417845, -6.194623 ], [ 106.4191, -6.194782 ], [ 106.420545, -6.194854 ], [ 106.422366, -6.194908 ], [ 106.424093, -6.194985 ], [ 106.424823, -6.19506 ], [ 106.425566, -6.195174 ], [ 106.426877, -6.195471 ], [ 106.42824, -6.195915 ], [ 106.429495, -6.196458 ], [ 106.431901, -6.197863 ], [ 106.434041, -6.199136 ], [ 106.436994, -6.203227 ], [ 106.436623, -6.210014 ], [ 106.43252, -6.217472 ], [ 106.431469, -6.218752 ], [ 106.425323, -6.224489 ], [ 106.42371, -6.2253 ], [ 106.422918, -6.225879 ], [ 106.422912, -6.225914 ], [ 106.423785, -6.227744 ], [ 106.428659, -6.232634 ], [ 106.430361, -6.234752 ], [ 106.43038, -6.234752 ], [ 106.434627, -6.23249 ], [ 106.436245, -6.230562 ], [ 106.436968, -6.229602 ], [ 106.442563, -6.224946 ], [ 106.443388, -6.224117 ], [ 106.443593, -6.223696 ], [ 106.447837, -6.218551 ], [ 106.455471, -6.214791 ], [ 106.456329, -6.215187 ], [ 106.459026, -6.215932 ], [ 106.459259, -6.215955 ], [ 106.46056, -6.216082 ], [ 106.462254, -6.224725 ], [ 106.462191, -6.22506 ], [ 106.462121, -6.226186 ], [ 106.462158, -6.226928 ], [ 106.462559, -6.227487 ], [ 106.463241, -6.227764 ], [ 106.466973, -6.229879 ], [ 106.470082, -6.23336 ], [ 106.471492, -6.239541 ], [ 106.47295, -6.241814 ], [ 106.473142, -6.241844 ], [ 106.473439, -6.241743 ], [ 106.474915, -6.240655 ], [ 106.474936, -6.240592 ], [ 106.476714, -6.237573 ], [ 106.478151, -6.233624 ], [ 106.478919, -6.231739 ], [ 106.478837, -6.231224 ], [ 106.482447, -6.22406 ], [ 106.48976, -6.22306 ], [ 106.492279, -6.227951 ], [ 106.49013, -6.235976 ], [ 106.488241, -6.238542 ], [ 106.487658, -6.239087 ], [ 106.4874, -6.239428 ], [ 106.487412, -6.23961 ], [ 106.487657, -6.246633 ], [ 106.485038, -6.250347 ], [ 106.485019, -6.250453 ], [ 106.483609, -6.254724 ], [ 106.47808, -6.257973 ], [ 106.475324, -6.259275 ], [ 106.474535, -6.259463 ], [ 106.473318, -6.260492 ], [ 106.472009, -6.262377 ], [ 106.472013, -6.262431 ], [ 106.474036, -6.264019 ], [ 106.477375, -6.264261 ], [ 106.477594, -6.264298 ], [ 106.478069, -6.26432 ], [ 106.483758, -6.26909 ], [ 106.482579, -6.272599 ], [ 106.481965, -6.273263 ], [ 106.481965, -6.273283 ], [ 106.482419, -6.273967 ], [ 106.484152, -6.277808 ], [ 106.485361, -6.280243 ], [ 106.486678, -6.281624 ], [ 106.488228, -6.287212 ], [ 106.486848, -6.291071 ], [ 106.485072, -6.2936 ], [ 106.476855, -6.293836 ], [ 106.47498, -6.292204 ], [ 106.472999, -6.288899 ], [ 106.471216, -6.287464 ], [ 106.471065, -6.287476 ], [ 106.469411, -6.2886 ], [ 106.469391, -6.288838 ], [ 106.469418, -6.289434 ], [ 106.469558, -6.293417 ], [ 106.469645, -6.293783 ], [ 106.470017, -6.294893 ], [ 106.472417, -6.302303 ], [ 106.473586, -6.309794 ], [ 106.471345, -6.312762 ], [ 106.467623, -6.319616 ], [ 106.463279, -6.320448 ], [ 106.462375, -6.321205 ], [ 106.462359, -6.321232 ], [ 106.461016, -6.327671 ], [ 106.461361, -6.328439 ], [ 106.461834, -6.328886 ], [ 106.462018, -6.329029 ], [ 106.463153, -6.329022 ], [ 106.466697, -6.328547 ], [ 106.469683, -6.328417 ], [ 106.469778, -6.32841 ], [ 106.471855, -6.328242 ], [ 106.474436, -6.326027 ], [ 106.478199, -6.324383 ], [ 106.482437, -6.330555 ], [ 106.482437, -6.330555 ], [ 106.484115, -6.332768 ], [ 106.485317, -6.334879 ], [ 106.485423, -6.334924 ], [ 106.489912, -6.336538 ], [ 106.491212, -6.336527 ], [ 106.491686, -6.336469 ], [ 106.49287, -6.335834 ], [ 106.493103, -6.334873 ], [ 106.494192, -6.327529 ], [ 106.501991, -6.325354 ], [ 106.503318, -6.32537 ], [ 106.504791, -6.325391 ], [ 106.506779, -6.323756 ], [ 106.509713, -6.322448 ], [ 106.514036, -6.321105 ], [ 106.51462, -6.321154 ], [ 106.516288, -6.321372 ], [ 106.519536, -6.329714 ], [ 106.519524, -6.330128 ], [ 106.519528, -6.330572 ], [ 106.519672, -6.331415 ], [ 106.520098, -6.331514 ], [ 106.526442, -6.337733 ], [ 106.526519, -6.338009 ], [ 106.524624, -6.346334 ], [ 106.5222, -6.346893 ], [ 106.521541, -6.346906 ], [ 106.521087, -6.347042 ], [ 106.520604, -6.347259 ], [ 106.516683, -6.352311 ], [ 106.514552, -6.353927 ], [ 106.507411, -6.350531 ], [ 106.503903, -6.351341 ], [ 106.498111, -6.349413 ], [ 106.495221, -6.34844 ], [ 106.494607, -6.348399 ], [ 106.493561, -6.348791 ], [ 106.493528, -6.348873 ], [ 106.493404, -6.349342 ], [ 106.493317, -6.350006 ], [ 106.487386, -6.356771 ], [ 106.486944, -6.356813 ], [ 106.486145, -6.356858 ], [ 106.485743, -6.356899 ], [ 106.485054, -6.356938 ], [ 106.485257, -6.360533 ], [ 106.492279, -6.361967 ], [ 106.495635, -6.362904 ], [ 106.500095, -6.364014 ], [ 106.500877, -6.363949 ], [ 106.501911, -6.363642 ], [ 106.507909, -6.361295 ], [ 106.512596, -6.366549 ], [ 106.513259, -6.367807 ], [ 106.514417, -6.369185 ], [ 106.515542, -6.37059 ], [ 106.522413, -6.372963 ], [ 106.522684, -6.373059 ], [ 106.524481, -6.372377 ], [ 106.528404, -6.372799 ], [ 106.528759, -6.372795 ], [ 106.530034, -6.372289 ], [ 106.535504, -6.374398 ], [ 106.532877, -6.382064 ], [ 106.529113, -6.382269 ], [ 106.528616, -6.382504 ], [ 106.528062, -6.383408 ], [ 106.528047, -6.383528 ], [ 106.528084, -6.384186 ], [ 106.528436, -6.384967 ], [ 106.530451, -6.386711 ], [ 106.536841, -6.392174 ], [ 106.538738, -6.394096 ], [ 106.541422, -6.396495 ], [ 106.544605, -6.395366 ], [ 106.553059, -6.396767 ], [ 106.55399, -6.397412 ], [ 106.556658, -6.396735 ], [ 106.563237, -6.394353 ], [ 106.566346, -6.397746 ], [ 106.567701, -6.39888 ], [ 106.568402, -6.398826 ], [ 106.569935, -6.398025 ], [ 106.572591, -6.39554 ], [ 106.577653, -6.402912 ], [ 106.577598, -6.403938 ], [ 106.578457, -6.406097 ], [ 106.579128, -6.407075 ], [ 106.58593, -6.412648 ], [ 106.585809, -6.413243 ], [ 106.585565, -6.414033 ], [ 106.580771, -6.417527 ], [ 106.579032, -6.417491 ], [ 106.576704, -6.417453 ], [ 106.575481, -6.417348 ], [ 106.575326, -6.417345 ], [ 106.567958, -6.422042 ], [ 106.566931, -6.422059 ], [ 106.566706, -6.422108 ], [ 106.565937, -6.422357 ], [ 106.565626, -6.422545 ], [ 106.564977, -6.423003 ], [ 106.564605, -6.423374 ], [ 106.563586, -6.424354 ], [ 106.561425, -6.42842 ], [ 106.56142, -6.428492 ], [ 106.562324, -6.431542 ], [ 106.562629, -6.431605 ], [ 106.563507, -6.431382 ], [ 106.563586, -6.431336 ], [ 106.569969, -6.437572 ], [ 106.569362, -6.438367 ], [ 106.569164, -6.438861 ], [ 106.572248, -6.440326 ], [ 106.580166, -6.444201 ], [ 106.584009, -6.446088 ], [ 106.586885, -6.446909 ], [ 106.594698, -6.448957 ], [ 106.59594, -6.448869 ], [ 106.595978, -6.448848 ], [ 106.600564, -6.447466 ], [ 106.605639, -6.448482 ], [ 106.609118, -6.448037 ], [ 106.617439, -6.451315 ], [ 106.617965, -6.453005 ], [ 106.61805, -6.453583 ], [ 106.620753, -6.455458 ], [ 106.621459, -6.455144 ], [ 106.621632, -6.45506 ], [ 106.623677, -6.454376 ], [ 106.630052, -6.458871 ], [ 106.630092, -6.460787 ], [ 106.62948, -6.46574 ], [ 106.629461, -6.465991 ], [ 106.630763, -6.467684 ], [ 106.634231, -6.472232 ], [ 106.635293, -6.473918 ], [ 106.637563, -6.481029 ], [ 106.637103, -6.483551 ], [ 106.639311, -6.486678 ], [ 106.639524, -6.486764 ], [ 106.640144, -6.486949 ], [ 106.640688, -6.48702 ], [ 106.643518, -6.487183 ], [ 106.651849, -6.489962 ], [ 106.655448, -6.490073 ], [ 106.656339, -6.485842 ], [ 106.656958, -6.484615 ], [ 106.657149, -6.484024 ], [ 106.657104, -6.482861 ], [ 106.656761, -6.480212 ], [ 106.655989, -6.477775 ], [ 106.659455, -6.469585 ], [ 106.664276, -6.472316 ], [ 106.670432, -6.475308 ], [ 106.670913, -6.475851 ], [ 106.672934, -6.480682 ], [ 106.672981, -6.480768 ], [ 106.673389, -6.481271 ], [ 106.676186, -6.487031 ], [ 106.676236, -6.487185 ], [ 106.677866, -6.488295 ], [ 106.678095, -6.48827 ], [ 106.679663, -6.486082 ], [ 106.679613, -6.485929 ], [ 106.678921, -6.477843 ], [ 106.676805, -6.474173 ], [ 106.675782, -6.472616 ], [ 106.675676, -6.463911 ], [ 106.676536, -6.463317 ], [ 106.676556, -6.463053 ], [ 106.675209, -6.461447 ], [ 106.677358, -6.453776 ], [ 106.680288, -6.453336 ], [ 106.682433, -6.452349 ], [ 106.689995, -6.451521 ], [ 106.69072, -6.455997 ], [ 106.690582, -6.456405 ], [ 106.691534, -6.458145 ], [ 106.696237, -6.462666 ], [ 106.69787, -6.464628 ], [ 106.698056, -6.464645 ], [ 106.706569, -6.464721 ], [ 106.711608, -6.469354 ], [ 106.712333, -6.470039 ], [ 106.713739, -6.470302 ], [ 106.714401, -6.466764 ], [ 106.713302, -6.464492 ], [ 106.711226, -6.457633 ], [ 106.711656, -6.454799 ], [ 106.711628, -6.454712 ], [ 106.709141, -6.453625 ], [ 106.705614, -6.449232 ], [ 106.706261, -6.440858 ], [ 106.710446, -6.438223 ], [ 106.717746, -6.437056 ], [ 106.723485, -6.442485 ], [ 106.726705, -6.450128 ], [ 106.726822, -6.450449 ], [ 106.726415, -6.456884 ], [ 106.725863, -6.458756 ], [ 106.726129, -6.459743 ], [ 106.726901, -6.461678 ], [ 106.726987, -6.464321 ], [ 106.726433, -6.467908 ], [ 106.726423, -6.468015 ], [ 106.727111, -6.473192 ], [ 106.727002, -6.473602 ], [ 106.72696, -6.474445 ], [ 106.727071, -6.475007 ], [ 106.727145, -6.475445 ], [ 106.72743, -6.476217 ], [ 106.727845, -6.477049 ], [ 106.729196, -6.477544 ], [ 106.729261, -6.47754 ], [ 106.730271, -6.477393 ], [ 106.731144, -6.475609 ], [ 106.73183, -6.471402 ], [ 106.731826, -6.471294 ], [ 106.732609, -6.465197 ], [ 106.74022, -6.462293 ], [ 106.740403, -6.462302 ], [ 106.741985, -6.461545 ], [ 106.742043, -6.461121 ], [ 106.742097, -6.46069 ], [ 106.74192, -6.455714 ], [ 106.746554, -6.449592 ], [ 106.747481, -6.448094 ], [ 106.748181, -6.446996 ], [ 106.747958, -6.4464 ], [ 106.745267, -6.438892 ], [ 106.750169, -6.432479 ], [ 106.751768, -6.432153 ], [ 106.753636, -6.431806 ], [ 106.753951, -6.42822 ], [ 106.761236, -6.425086 ], [ 106.762859, -6.426899 ], [ 106.764242, -6.428504 ], [ 106.766107, -6.43013 ], [ 106.766107, -6.43013 ], [ 106.76784, -6.42839 ], [ 106.771802, -6.422425 ], [ 106.772255, -6.42219 ], [ 106.780043, -6.422865 ], [ 106.781452, -6.425072 ], [ 106.783355, -6.42635 ], [ 106.783592, -6.426295 ], [ 106.784984, -6.424375 ], [ 106.784948, -6.424194 ], [ 106.785115, -6.420519 ], [ 106.792691, -6.419289 ], [ 106.79437, -6.422755 ], [ 106.796246, -6.424147 ], [ 106.79628, -6.424145 ], [ 106.797969, -6.422649 ], [ 106.797958, -6.422296 ], [ 106.798428, -6.417726 ], [ 106.798618, -6.417164 ], [ 106.799705, -6.408244 ], [ 106.801099, -6.407685 ], [ 106.801293, -6.407489 ], [ 106.806167, -6.405223 ], [ 106.810587, -6.408725 ], [ 106.812193, -6.410202 ], [ 106.812361, -6.410203 ], [ 106.814183, -6.408563 ], [ 106.818905, -6.403068 ], [ 106.822949, -6.401468 ], [ 106.824568, -6.400081 ], [ 106.82527, -6.398963 ], [ 106.829983, -6.394024 ], [ 106.830147, -6.39371 ], [ 106.832532, -6.389043 ], [ 106.840242, -6.386505 ], [ 106.840305, -6.386514 ], [ 106.841608, -6.386205 ], [ 106.849594, -6.388505 ], [ 106.850281, -6.389564 ], [ 106.851785, -6.391056 ], [ 106.851945, -6.391071 ], [ 106.852135, -6.39104 ], [ 106.85386, -6.389952 ], [ 106.861665, -6.393732 ], [ 106.858951, -6.399324 ], [ 106.858998, -6.399624 ], [ 106.859275, -6.400695 ], [ 106.859121, -6.409365 ], [ 106.858004, -6.413748 ], [ 106.859176, -6.415601 ], [ 106.859206, -6.415614 ], [ 106.861311, -6.41517 ], [ 106.863892, -6.411073 ], [ 106.864029, -6.410773 ], [ 106.864075, -6.407528 ], [ 106.869793, -6.403484 ], [ 106.872563, -6.402803 ], [ 106.873449, -6.402271 ], [ 106.87355, -6.402085 ], [ 106.873717, -6.401665 ], [ 106.873953, -6.400991 ], [ 106.876194, -6.39469 ], [ 106.876819, -6.393301 ], [ 106.881674, -6.388406 ], [ 106.89065, -6.387843 ], [ 106.890796, -6.387888 ], [ 106.891984, -6.388317 ], [ 106.893045, -6.388674 ], [ 106.893707, -6.38888 ], [ 106.894818, -6.389192 ], [ 106.896708, -6.389687 ], [ 106.897607, -6.389851 ], [ 106.899078, -6.390087 ], [ 106.901872, -6.390423 ], [ 106.902616, -6.390512 ], [ 106.903045, -6.386938 ], [ 106.896564, -6.38415 ], [ 106.896422, -6.38408 ], [ 106.895897, -6.383907 ], [ 106.895401, -6.383847 ], [ 106.894938, -6.383871 ], [ 106.893793, -6.384014 ], [ 106.889693, -6.383734 ], [ 106.887439, -6.383116 ], [ 106.886545, -6.38289 ], [ 106.883906, -6.382359 ], [ 106.881886, -6.374975 ], [ 106.881889, -6.374962 ], [ 106.881673, -6.372743 ], [ 106.879756, -6.370738 ], [ 106.879204, -6.370453 ], [ 106.878962, -6.37034 ], [ 106.875566, -6.368456 ], [ 106.870295, -6.363758 ], [ 106.869613, -6.361494 ], [ 106.869427, -6.361316 ], [ 106.866354, -6.359421 ], [ 106.865599, -6.352382 ], [ 106.865045, -6.350539 ], [ 106.864981, -6.350423 ], [ 106.863488, -6.349466 ], [ 106.859499, -6.351411 ], [ 106.853261, -6.35369 ], [ 106.852896, -6.353799 ], [ 106.852876, -6.353813 ], [ 106.851796, -6.355075 ], [ 106.851695, -6.355432 ], [ 106.852737, -6.357252 ], [ 106.853698, -6.358844 ], [ 106.85582, -6.365003 ], [ 106.849167, -6.36849 ], [ 106.849147, -6.368491 ], [ 106.846051, -6.369337 ], [ 106.842902, -6.36907 ], [ 106.842856, -6.369063 ], [ 106.835548, -6.364393 ], [ 106.835421, -6.363353 ], [ 106.835316, -6.362248 ], [ 106.834791, -6.356956 ], [ 106.834904, -6.356395 ], [ 106.834898, -6.355958 ], [ 106.834764, -6.355379 ], [ 106.834497, -6.354851 ], [ 106.834146, -6.35444 ], [ 106.834027, -6.354335 ], [ 106.834511, -6.345415 ], [ 106.835058, -6.343452 ], [ 106.835114, -6.343018 ], [ 106.832118, -6.338375 ], [ 106.831626, -6.337989 ], [ 106.829443, -6.33556 ], [ 106.827495, -6.329914 ], [ 106.82791, -6.326566 ], [ 106.827909, -6.326544 ], [ 106.826238, -6.322633 ], [ 106.82321, -6.321238 ], [ 106.817596, -6.315331 ], [ 106.816458, -6.312508 ], [ 106.815528, -6.309113 ], [ 106.81532, -6.308886 ], [ 106.814603, -6.30835 ], [ 106.813908, -6.308057 ], [ 106.813272, -6.308159 ], [ 106.806354, -6.302445 ], [ 106.808897, -6.295657 ], [ 106.813083, -6.294129 ], [ 106.813922, -6.294066 ], [ 106.817629, -6.294481 ], [ 106.819215, -6.294818 ], [ 106.821307, -6.29525 ], [ 106.823586, -6.296036 ], [ 106.824296, -6.296417 ], [ 106.825655, -6.297081 ], [ 106.827237, -6.293847 ], [ 106.82594, -6.290287 ], [ 106.824854, -6.288162 ], [ 106.821201, -6.282522 ], [ 106.820014, -6.281984 ], [ 106.819619, -6.281904 ], [ 106.819214, -6.281834 ], [ 106.819009, -6.281797 ], [ 106.817657, -6.281892 ], [ 106.811215, -6.276616 ], [ 106.808403, -6.274978 ], [ 106.808303, -6.274975 ], [ 106.806595, -6.27597 ], [ 106.805746, -6.276218 ], [ 106.799221, -6.270317 ], [ 106.799186, -6.269863 ], [ 106.799233, -6.265103 ], [ 106.79923, -6.264877 ], [ 106.798386, -6.261106 ], [ 106.793505, -6.258135 ], [ 106.792421, -6.253726 ], [ 106.7935, -6.250164 ], [ 106.793542, -6.249915 ], [ 106.790466, -6.24436 ], [ 106.790428, -6.244292 ], [ 106.790221, -6.244058 ], [ 106.787458, -6.236504 ], [ 106.789331, -6.234002 ], [ 106.789949, -6.23331 ], [ 106.790118, -6.233091 ], [ 106.789654, -6.230803 ], [ 106.789616, -6.230772 ], [ 106.787275, -6.230884 ], [ 106.784028, -6.232346 ], [ 106.780323, -6.233052 ], [ 106.773712, -6.230144 ], [ 106.771864, -6.230149 ], [ 106.766002, -6.227 ], [ 106.764642, -6.223998 ], [ 106.764375, -6.21878 ], [ 106.764079, -6.216629 ], [ 106.764077, -6.216583 ], [ 106.764055, -6.216286 ], [ 106.763526, -6.215282 ], [ 106.761492, -6.213653 ], [ 106.759617, -6.212353 ], [ 106.75956, -6.212359 ], [ 106.757933, -6.214199 ], [ 106.750505, -6.215405 ], [ 106.747992, -6.214199 ], [ 106.743892, -6.20657 ], [ 106.743925, -6.206137 ], [ 106.747556, -6.199169 ], [ 106.753836, -6.192977 ], [ 106.757435, -6.193031 ], [ 106.759538, -6.192151 ], [ 106.767159, -6.1955 ], [ 106.767356, -6.20194 ], [ 106.767483, -6.202662 ], [ 106.767765, -6.204987 ], [ 106.767799, -6.205547 ], [ 106.767831, -6.205786 ], [ 106.76974, -6.206691 ], [ 106.769845, -6.206681 ], [ 106.771398, -6.205301 ], [ 106.776857, -6.198308 ], [ 106.77713, -6.197565 ], [ 106.777151, -6.197408 ], [ 106.776679, -6.196193 ], [ 106.780287, -6.188078 ], [ 106.785232, -6.190076 ], [ 106.78568, -6.190366 ], [ 106.785794, -6.190418 ], [ 106.785951, -6.19043 ], [ 106.787065, -6.189276 ], [ 106.788826, -6.188307 ], [ 106.791401, -6.186991 ], [ 106.797386, -6.191222 ], [ 106.795427, -6.19547 ], [ 106.795523, -6.196066 ], [ 106.79592, -6.198548 ], [ 106.79602, -6.199056 ], [ 106.796028, -6.199077 ], [ 106.796873, -6.200364 ], [ 106.797395, -6.201254 ], [ 106.798166, -6.202527 ], [ 106.799359, -6.204977 ], [ 106.801132, -6.207518 ], [ 106.801215, -6.207618 ], [ 106.802136, -6.208551 ], [ 106.802893, -6.209468 ], [ 106.80567, -6.207178 ], [ 106.804872, -6.199101 ], [ 106.805771, -6.190835 ], [ 106.806584, -6.188926 ], [ 106.806583, -6.188818 ], [ 106.805556, -6.187241 ], [ 106.804354, -6.185332 ], [ 106.803878, -6.184342 ], [ 106.805523, -6.175627 ], [ 106.806947, -6.174597 ], [ 106.804837, -6.17168 ], [ 106.799127, -6.169032 ], [ 106.795129, -6.162429 ], [ 106.794922, -6.155808 ], [ 106.796815, -6.152077 ], [ 106.796679, -6.151728 ], [ 106.796311, -6.150993 ], [ 106.796161, -6.150725 ], [ 106.793545, -6.151379 ], [ 106.790455, -6.153359 ], [ 106.788895, -6.155038 ], [ 106.783692, -6.162202 ], [ 106.775579, -6.162436 ], [ 106.773531, -6.161065 ], [ 106.772477, -6.160372 ], [ 106.77103, -6.159804 ], [ 106.763847, -6.164046 ], [ 106.762664, -6.164549 ], [ 106.761277, -6.166057 ], [ 106.760081, -6.167748 ], [ 106.75998, -6.167881 ], [ 106.751367, -6.167995 ], [ 106.750893, -6.166397 ], [ 106.749558, -6.162176 ], [ 106.749395, -6.161544 ], [ 106.748052, -6.155153 ], [ 106.748053, -6.155137 ], [ 106.74666, -6.153305 ], [ 106.740044, -6.150405 ], [ 106.739249, -6.150301 ], [ 106.738931, -6.150287 ], [ 106.73365, -6.151215 ], [ 106.730404, -6.145721 ], [ 106.730595, -6.144444 ], [ 106.731011, -6.143278 ], [ 106.731408, -6.141483 ], [ 106.731703, -6.13977 ], [ 106.731814, -6.138839 ], [ 106.731897, -6.137762 ], [ 106.731936, -6.135963 ], [ 106.731975, -6.134082 ], [ 106.731967, -6.133737 ], [ 106.728368, -6.133821 ], [ 106.728376, -6.134166 ], [ 106.728337, -6.135885 ], [ 106.722316, -6.141347 ], [ 106.717754, -6.139638 ], [ 106.717652, -6.139613 ], [ 106.71536, -6.141245 ], [ 106.708387, -6.14348 ], [ 106.704397, -6.140508 ], [ 106.703233, -6.139349 ], [ 106.702906, -6.1393 ], [ 106.695256, -6.13498 ], [ 106.6951, -6.131384 ], [ 106.695087, -6.129736 ], [ 106.695079, -6.129531 ], [ 106.694947, -6.127466 ], [ 106.694865, -6.126948 ], [ 106.694253, -6.123851 ], [ 106.697501, -6.115478 ], [ 106.706257, -6.116099 ], [ 106.707969, -6.117567 ], [ 106.710273, -6.117647 ], [ 106.71036, -6.117581 ], [ 106.710815, -6.115362 ], [ 106.714006, -6.108538 ], [ 106.722647, -6.106694 ], [ 106.723292, -6.107607 ], [ 106.724068, -6.108285 ], [ 106.724881, -6.109166 ], [ 106.725198, -6.109499 ], [ 106.726108, -6.110707 ], [ 106.727401, -6.111992 ], [ 106.72891, -6.113792 ], [ 106.730502, -6.115584 ], [ 106.732153, -6.11744 ], [ 106.733241, -6.118542 ], [ 106.733798, -6.119018 ], [ 106.734665, -6.119666 ], [ 106.735125, -6.119962 ], [ 106.735905, -6.120403 ], [ 106.73826, -6.121455 ], [ 106.739433, -6.121828 ], [ 106.740742, -6.122499 ], [ 106.743224, -6.123542 ], [ 106.74462, -6.120224 ], [ 106.744069, -6.119884 ], [ 106.737867, -6.114554 ], [ 106.736527, -6.111898 ], [ 106.736527, -6.111898 ], [ 106.728773, -6.108287 ], [ 106.727896, -6.107115 ], [ 106.727495, -6.10669 ], [ 106.726714, -6.105844 ], [ 106.725332, -6.104296 ], [ 106.723931, -6.102726 ], [ 106.723114, -6.101793 ], [ 106.721533, -6.100042 ], [ 106.719971, -6.098311 ], [ 106.718606, -6.09679 ], [ 106.716968, -6.095309 ], [ 106.716333, -6.094893 ], [ 106.715666, -6.094563 ], [ 106.714984, -6.094313 ], [ 106.71402, -6.09411 ], [ 106.713288, -6.094051 ], [ 106.712525, -6.094081 ], [ 106.71177, -6.094197 ], [ 106.711192, -6.094352 ], [ 106.710502, -6.09462 ], [ 106.70979, -6.095001 ], [ 106.706451, -6.097155 ], [ 106.699117, -6.095862 ], [ 106.697852, -6.096245 ], [ 106.689538, -6.0995 ], [ 106.687834, -6.098838 ], [ 106.687759, -6.098832 ], [ 106.678839, -6.097932 ], [ 106.67804, -6.097416 ], [ 106.677486, -6.097305 ], [ 106.67689, -6.097351 ], [ 106.676495, -6.09747 ], [ 106.674582, -6.09826 ], [ 106.67267, -6.099049 ], [ 106.674044, -6.102377 ], [ 106.676697, -6.109717 ], [ 106.676724, -6.110325 ], [ 106.67429, -6.116826 ], [ 106.669507, -6.118779 ], [ 106.668934, -6.11895 ], [ 106.662132, -6.119755 ], [ 106.661795, -6.119913 ], [ 106.660692, -6.120355 ], [ 106.660195, -6.120624 ], [ 106.659666, -6.121059 ], [ 106.657577, -6.122885 ], [ 106.657107, -6.123554 ], [ 106.655088, -6.125892 ], [ 106.65521, -6.127907 ], [ 106.655221, -6.127937 ], [ 106.65642, -6.129237 ], [ 106.657917, -6.129244 ], [ 106.658217, -6.129124 ], [ 106.658786, -6.128765 ], [ 106.659258, -6.128157 ], [ 106.662335, -6.126323 ], [ 106.662973, -6.126164 ], [ 106.667732, -6.126223 ], [ 106.671026, -6.132658 ], [ 106.670273, -6.134745 ], [ 106.662654, -6.137545 ], [ 106.662539, -6.137521 ], [ 106.661717, -6.137994 ], [ 106.660376, -6.138728 ], [ 106.654386, -6.141279 ], [ 106.651086, -6.143292 ], [ 106.650234, -6.144086 ], [ 106.649374, -6.145042 ], [ 106.648633, -6.145884 ], [ 106.640116, -6.146263 ], [ 106.639318, -6.144645 ], [ 106.635007, -6.138262 ], [ 106.635131, -6.136296 ], [ 106.63538, -6.132348 ], [ 106.635558, -6.129265 ], [ 106.635736, -6.126182 ], [ 106.635816, -6.124566 ], [ 106.635883, -6.123903 ], [ 106.640324, -6.11657 ], [ 106.64087, -6.116192 ], [ 106.643009, -6.115066 ], [ 106.643276, -6.114957 ], [ 106.644074, -6.112962 ], [ 106.644056, -6.112892 ], [ 106.638928, -6.107033 ], [ 106.638071, -6.104755 ], [ 106.637933, -6.104682 ], [ 106.635882, -6.105113 ], [ 106.635709, -6.105387 ], [ 106.634868, -6.106727 ], [ 106.634833, -6.106787 ], [ 106.634833, -6.106787 ], [ 106.634797, -6.106847 ], [ 106.632127, -6.112598 ], [ 106.632072, -6.112703 ], [ 106.627132, -6.119417 ], [ 106.623567, -6.121564 ], [ 106.615996, -6.126399 ], [ 106.614998, -6.12784 ], [ 106.613483, -6.131525 ], [ 106.610864, -6.134435 ], [ 106.604894, -6.136384 ], [ 106.60323, -6.136525 ], [ 106.596352, -6.134462 ], [ 106.594765, -6.132903 ], [ 106.589203, -6.128948 ], [ 106.589033, -6.128942 ], [ 106.587341, -6.130825 ], [ 106.585964, -6.133099 ], [ 106.585807, -6.133431 ], [ 106.584573, -6.138176 ], [ 106.578959, -6.143935 ], [ 106.575601, -6.144959 ], [ 106.572071, -6.145183 ], [ 106.571801, -6.145167 ], [ 106.568392, -6.144927 ], [ 106.568196, -6.144914 ], [ 106.564664, -6.144642 ], [ 106.564435, -6.144624 ], [ 106.558268, -6.143844 ], [ 106.556586, -6.144459 ], [ 106.556209, -6.144594 ], [ 106.556051, -6.144666 ], [ 106.556116, -6.146918 ], [ 106.550472, -6.153213 ], [ 106.548394, -6.153694 ], [ 106.548246, -6.153893 ], [ 106.548131, -6.15404 ], [ 106.547943, -6.155775 ], [ 106.548156, -6.156106 ], [ 106.549008, -6.161935 ], [ 106.54152, -6.162592 ], [ 106.541456, -6.162592 ], [ 106.538577, -6.16266 ], [ 106.53399, -6.156253 ], [ 106.533729, -6.154618 ], [ 106.533472, -6.153344 ], [ 106.53342, -6.153187 ], [ 106.532955, -6.151807 ], [ 106.532784, -6.15149 ], [ 106.531408, -6.151172 ], [ 106.530684, -6.150997 ], [ 106.530306, -6.151153 ], [ 106.529615, -6.153197 ], [ 106.528513, -6.15911 ], [ 106.523732, -6.1663 ], [ 106.523242, -6.166618 ], [ 106.522942, -6.166912 ], [ 106.51451, -6.163827 ], [ 106.513239, -6.161134 ], [ 106.511572, -6.160406 ], [ 106.509639, -6.161124 ], [ 106.507826, -6.163391 ], [ 106.507282, -6.1652 ], [ 106.506943, -6.168784 ], [ 106.509649, -6.175059 ], [ 106.504401, -6.179112 ], [ 106.50335, -6.179076 ], [ 106.502941, -6.179092 ], [ 106.503087, -6.182689 ], [ 106.503421, -6.185118 ], [ 106.503317, -6.188717 ], [ 106.502086, -6.192752 ], [ 106.4958, -6.195765 ], [ 106.489109, -6.191128 ], [ 106.489257, -6.187926 ], [ 106.487644, -6.184708 ], [ 106.486645, -6.185209 ], [ 106.486041, -6.185533 ], [ 106.477543, -6.18292 ], [ 106.477283, -6.182091 ], [ 106.476768, -6.180588 ], [ 106.476629, -6.180161 ], [ 106.476256, -6.175738 ], [ 106.476217, -6.175272 ], [ 106.476132, -6.174187 ], [ 106.476072, -6.173946 ], [ 106.474312, -6.174085 ], [ 106.47258, -6.174819 ], [ 106.472567, -6.174904 ], [ 106.466147, -6.181177 ], [ 106.458312, -6.181915 ], [ 106.455195, -6.176361 ], [ 106.455129, -6.175728 ], [ 106.455105, -6.175641 ], [ 106.453453, -6.174542 ], [ 106.447951, -6.173973 ], [ 106.445574, -6.174089 ], [ 106.44385, -6.175201 ], [ 106.443465, -6.175627 ], [ 106.443419, -6.175898 ], [ 106.443543, -6.177062 ], [ 106.443734, -6.177192 ], [ 106.446294, -6.180513 ], [ 106.446209, -6.187759 ], [ 106.439966, -6.187604 ], [ 106.439651, -6.187531 ], [ 106.437273, -6.186861 ], [ 106.437136, -6.18686 ], [ 106.432696, -6.188764 ], [ 106.424253, -6.191389 ], [ 106.422472, -6.191309 ], [ 106.420711, -6.191257 ], [ 106.412589, -6.188396 ], [ 106.410999, -6.186972 ], [ 106.4093, -6.185456 ], [ 106.408393, -6.184768 ], [ 106.407274, -6.184019 ], [ 106.406428, -6.183577 ], [ 106.405503, -6.18316 ], [ 106.404414, -6.182752 ], [ 106.403406, -6.182448 ], [ 106.402212, -6.182164 ], [ 106.400355, -6.181932 ], [ 106.393252, -6.179326 ], [ 106.391192, -6.177932 ], [ 106.390497, -6.177502 ], [ 106.389753, -6.177083 ], [ 106.388916, -6.176666 ], [ 106.388217, -6.176374 ], [ 106.386827, -6.179695 ], [ 106.392701, -6.183278 ] ] ] } },
{ "type": "Feature", "properties": { "name": "Kula Courts | Padel & Social Club" }, "geometry": { "type": "Polygon", "coordinates": [ [ [ 106.350636, -6.176891 ], [ 106.351142, -6.177143 ], [ 106.351707, -6.177391 ], [ 106.352654, -6.177769 ], [ 106.354244, -6.178278 ], [ 106.354988, -6.178467 ], [ 106.356735, -6.178768 ], [ 106.357701, -6.178889 ], [ 106.358561, -6.178959 ], [ 106.360185, -6.178994 ], [ 106.364544, -6.178976 ], [ 106.368861, -6.178958 ], [ 106.371716, -6.178918 ], [ 106.373378, -6.178877 ], [ 106.376569, -6.178853 ], [ 106.379791, -6.178829 ], [ 106.382481, -6.178864 ], [ 106.389294, -6.180991 ], [ 106.391227, -6.182302 ], [ 106.391915, -6.182733 ], [ 106.392701, -6.183278 ], [ 106.393906, -6.183892 ], [ 106.395045, -6.184391 ], [ 106.396153, -6.184766 ], [ 106.397933, -6.185188 ], [ 106.399791, -6.185487 ], [ 106.407117, -6.188319 ], [ 106.408596, -6.189653 ], [ 106.410186, -6.191077 ], [ 106.41162, -6.19219 ], [ 106.413146, -6.193076 ], [ 106.413818, -6.19339 ], [ 106.414878, -6.193839 ], [ 106.416579, -6.194369 ], [ 106.421655, -6.199167 ], [ 106.421517, -6.202271 ], [ 106.417412, -6.209699 ], [ 106.408987, -6.211581 ], [ 106.402486, -6.211748 ], [ 106.402321, -6.211747 ], [ 106.396297, -6.211894 ], [ 106.396103, -6.211853 ], [ 106.394231, -6.211346 ], [ 106.391929, -6.211969 ], [ 106.391811, -6.212217 ], [ 106.392101, -6.214248 ], [ 106.395823, -6.217868 ], [ 106.395932, -6.217882 ], [ 106.400096, -6.218079 ], [ 106.408097, -6.219991 ], [ 106.410603, -6.225716 ], [ 106.410657, -6.225836 ], [ 106.411784, -6.230099 ], [ 106.411897, -6.232284 ], [ 106.411986, -6.23307 ], [ 106.413748, -6.233844 ], [ 106.413917, -6.233822 ], [ 106.415541, -6.232349 ], [ 106.423322, -6.234539 ], [ 106.423721, -6.236997 ], [ 106.424295, -6.242743 ], [ 106.424276, -6.242862 ], [ 106.424106, -6.245934 ], [ 106.42409, -6.246034 ], [ 106.424055, -6.247322 ], [ 106.4228, -6.252185 ], [ 106.422767, -6.252309 ], [ 106.422981, -6.253567 ], [ 106.42308, -6.253705 ], [ 106.424538, -6.254061 ], [ 106.426245, -6.25324 ], [ 106.428495, -6.251057 ], [ 106.43189, -6.246787 ], [ 106.432304, -6.24616 ], [ 106.432618, -6.245408 ], [ 106.434689, -6.241425 ], [ 106.436082, -6.239011 ], [ 106.437068, -6.237607 ], [ 106.438018, -6.235118 ], [ 106.441943, -6.229274 ], [ 106.446231, -6.224186 ], [ 106.453952, -6.226246 ], [ 106.45559, -6.231092 ], [ 106.456214, -6.231196 ], [ 106.457274, -6.231401 ], [ 106.459256, -6.231284 ], [ 106.463765, -6.233201 ], [ 106.465661, -6.240782 ], [ 106.465676, -6.240963 ], [ 106.467314, -6.24702 ], [ 106.466946, -6.251305 ], [ 106.465866, -6.255184 ], [ 106.46497, -6.258224 ], [ 106.464969, -6.258272 ], [ 106.466593, -6.260059 ], [ 106.473498, -6.262215 ], [ 106.47573, -6.263428 ], [ 106.477638, -6.263884 ], [ 106.480295, -6.264804 ], [ 106.484823, -6.269791 ], [ 106.487437, -6.272266 ], [ 106.492304, -6.274801 ], [ 106.492836, -6.275109 ], [ 106.493024, -6.27518 ], [ 106.495071, -6.273934 ], [ 106.495112, -6.273763 ], [ 106.494419, -6.271888 ], [ 106.491201, -6.26403 ], [ 106.490867, -6.263127 ], [ 106.490215, -6.256494 ], [ 106.490589, -6.251439 ], [ 106.499299, -6.250591 ], [ 106.499566, -6.25086 ], [ 106.500805, -6.252898 ], [ 106.500943, -6.253341 ], [ 106.501816, -6.25424 ], [ 106.503277, -6.255456 ], [ 106.505768, -6.258956 ], [ 106.506143, -6.259122 ], [ 106.511362, -6.266375 ], [ 106.511402, -6.267062 ], [ 106.511397, -6.268879 ], [ 106.511412, -6.271661 ], [ 106.511431, -6.274568 ], [ 106.511491, -6.274989 ], [ 106.51156, -6.27525 ], [ 106.511745, -6.275743 ], [ 106.512007, -6.276174 ], [ 106.51229, -6.276519 ], [ 106.512885, -6.277135 ], [ 106.515117, -6.278704 ], [ 106.519837, -6.279248 ], [ 106.521817, -6.280819 ], [ 106.520752, -6.288701 ], [ 106.520656, -6.288866 ], [ 106.520455, -6.289256 ], [ 106.520007, -6.294149 ], [ 106.516251, -6.297725 ], [ 106.510558, -6.29991 ], [ 106.503929, -6.298864 ], [ 106.503553, -6.298709 ], [ 106.501489, -6.300117 ], [ 106.501482, -6.300149 ], [ 106.502179, -6.302036 ], [ 106.502555, -6.302192 ], [ 106.504712, -6.302987 ], [ 106.509381, -6.304663 ], [ 106.511608, -6.305263 ], [ 106.5151, -6.306137 ], [ 106.522404, -6.311185 ], [ 106.522791, -6.31171 ], [ 106.52338, -6.312119 ], [ 106.526699, -6.313316 ], [ 106.527616, -6.313728 ], [ 106.533417, -6.315058 ], [ 106.536348, -6.319849 ], [ 106.538346, -6.326725 ], [ 106.538431, -6.327033 ], [ 106.539867, -6.328441 ], [ 106.542516, -6.330343 ], [ 106.542664, -6.330401 ], [ 106.544647, -6.330241 ], [ 106.548156, -6.330801 ], [ 106.551123, -6.338997 ], [ 106.550239, -6.341181 ], [ 106.550505, -6.34164 ], [ 106.551532, -6.345241 ], [ 106.547291, -6.350524 ], [ 106.545753, -6.351985 ], [ 106.545742, -6.352244 ], [ 106.54735, -6.354123 ], [ 106.551684, -6.359633 ], [ 106.552858, -6.361429 ], [ 106.552911, -6.361491 ], [ 106.554466, -6.361918 ], [ 106.555275, -6.361297 ], [ 106.560749, -6.35673 ], [ 106.562034, -6.355633 ], [ 106.570224, -6.355949 ], [ 106.571993, -6.357824 ], [ 106.574525, -6.359292 ], [ 106.574738, -6.359443 ], [ 106.578064, -6.362707 ], [ 106.580935, -6.366315 ], [ 106.582939, -6.371919 ], [ 106.583064, -6.372883 ], [ 106.58357, -6.376121 ], [ 106.584554, -6.378802 ], [ 106.584569, -6.378806 ], [ 106.586544, -6.378149 ], [ 106.587791, -6.377095 ], [ 106.589381, -6.37581 ], [ 106.589731, -6.375467 ], [ 106.589985, -6.374855 ], [ 106.590037, -6.374607 ], [ 106.59049, -6.367998 ], [ 106.595062, -6.365119 ], [ 106.595053, -6.36476 ], [ 106.594978, -6.364286 ], [ 106.593305, -6.360055 ], [ 106.591516, -6.357061 ], [ 106.587226, -6.351826 ], [ 106.58701, -6.351193 ], [ 106.586352, -6.348058 ], [ 106.586371, -6.347576 ], [ 106.587515, -6.34452 ], [ 106.595067, -6.343947 ], [ 106.599383, -6.347561 ], [ 106.600821, -6.348739 ], [ 106.600956, -6.348802 ], [ 106.602003, -6.348626 ], [ 106.609105, -6.353289 ], [ 106.60907, -6.355282 ], [ 106.608917, -6.356031 ], [ 106.608862, -6.356471 ], [ 106.613764, -6.363649 ], [ 106.613848, -6.366245 ], [ 106.615108, -6.367524 ], [ 106.616893, -6.369314 ], [ 106.618229, -6.371012 ], [ 106.6219, -6.376006 ], [ 106.622812, -6.377156 ], [ 106.624403, -6.379518 ], [ 106.626362, -6.382819 ], [ 106.626283, -6.39098 ], [ 106.626195, -6.391231 ], [ 106.63368, -6.395262 ], [ 106.635283, -6.396073 ], [ 106.635428, -6.396053 ], [ 106.636725, -6.393341 ], [ 106.641005, -6.38576 ], [ 106.642826, -6.384958 ], [ 106.643975, -6.384171 ], [ 106.644907, -6.383121 ], [ 106.645109, -6.382527 ], [ 106.64511, -6.382493 ], [ 106.643037, -6.380696 ], [ 106.641838, -6.373834 ], [ 106.64191, -6.371636 ], [ 106.641875, -6.367095 ], [ 106.644781, -6.361621 ], [ 106.651373, -6.356128 ], [ 106.652692, -6.355882 ], [ 106.65316, -6.355515 ], [ 106.657088, -6.349544 ], [ 106.661309, -6.347584 ], [ 106.668572, -6.347749 ], [ 106.670076, -6.348355 ], [ 106.670644, -6.348653 ], [ 106.671722, -6.349135 ], [ 106.67313, -6.349798 ], [ 106.673493, -6.349971 ], [ 106.676573, -6.35173 ], [ 106.6766, -6.358458 ], [ 106.673556, -6.360877 ], [ 106.673507, -6.366369 ], [ 106.673543, -6.36711 ], [ 106.675123, -6.368823 ], [ 106.677959, -6.373582 ], [ 106.678268, -6.379006 ], [ 106.67844, -6.382055 ], [ 106.678451, -6.382872 ], [ 106.678488, -6.383449 ], [ 106.678526, -6.383744 ], [ 106.680887, -6.384911 ], [ 106.681325, -6.384752 ], [ 106.682097, -6.383284 ], [ 106.684291, -6.377519 ], [ 106.684698, -6.376462 ], [ 106.685022, -6.375306 ], [ 106.685076, -6.374833 ], [ 106.685083, -6.374536 ], [ 106.68715, -6.369944 ], [ 106.695848, -6.36983 ], [ 106.699878, -6.373063 ], [ 106.70115, -6.375106 ], [ 106.702384, -6.3776 ], [ 106.703929, -6.379647 ], [ 106.710399, -6.383192 ], [ 106.716646, -6.387087 ], [ 106.719012, -6.387327 ], [ 106.719016, -6.387324 ], [ 106.727342, -6.387236 ], [ 106.729948, -6.39398 ], [ 106.729673, -6.398216 ], [ 106.729674, -6.398784 ], [ 106.730594, -6.399976 ], [ 106.732756, -6.406452 ], [ 106.730741, -6.410896 ], [ 106.730217, -6.4117 ], [ 106.729326, -6.414232 ], [ 106.728628, -6.416588 ], [ 106.727989, -6.422575 ], [ 106.727718, -6.423939 ], [ 106.727828, -6.424835 ], [ 106.729505, -6.428974 ], [ 106.730855, -6.432009 ], [ 106.731183, -6.432335 ], [ 106.733127, -6.432227 ], [ 106.733195, -6.432181 ], [ 106.733721, -6.429781 ], [ 106.734477, -6.424977 ], [ 106.734488, -6.424933 ], [ 106.735485, -6.422092 ], [ 106.737237, -6.418815 ], [ 106.738655, -6.415491 ], [ 106.741913, -6.412538 ], [ 106.744503, -6.411572 ], [ 106.752446, -6.415587 ], [ 106.753986, -6.417136 ], [ 106.754128, -6.417145 ], [ 106.756046, -6.415508 ], [ 106.757054, -6.413255 ], [ 106.757589, -6.412592 ], [ 106.757664, -6.412433 ], [ 106.762565, -6.409019 ], [ 106.76733, -6.412587 ], [ 106.768274, -6.415336 ], [ 106.769431, -6.416083 ], [ 106.769806, -6.416255 ], [ 106.771862, -6.415627 ], [ 106.779257, -6.410637 ], [ 106.779429, -6.410617 ], [ 106.788076, -6.408191 ], [ 106.790156, -6.40893 ], [ 106.790304, -6.408867 ], [ 106.791286, -6.406562 ], [ 106.792537, -6.403553 ], [ 106.798709, -6.399724 ], [ 106.804811, -6.398548 ], [ 106.806996, -6.397768 ], [ 106.814492, -6.393568 ], [ 106.815015, -6.393625 ], [ 106.815075, -6.393618 ], [ 106.823905, -6.391886 ], [ 106.829004, -6.388386 ], [ 106.829043, -6.388343 ], [ 106.830204, -6.387052 ], [ 106.831566, -6.384837 ], [ 106.838506, -6.380842 ], [ 106.842594, -6.381279 ], [ 106.843163, -6.381263 ], [ 106.850189, -6.380727 ], [ 106.853616, -6.381101 ], [ 106.85886, -6.382985 ], [ 106.864863, -6.389079 ], [ 106.868239, -6.390328 ], [ 106.870711, -6.38703 ], [ 106.877523, -6.384864 ], [ 106.878201, -6.381329 ], [ 106.876248, -6.380954 ], [ 106.873185, -6.380067 ], [ 106.86765, -6.376168 ], [ 106.864156, -6.372044 ], [ 106.863871, -6.371605 ], [ 106.860851, -6.373563 ], [ 106.854199, -6.377549 ], [ 106.850582, -6.377148 ], [ 106.848885, -6.37696 ], [ 106.848144, -6.376894 ], [ 106.847748, -6.376873 ], [ 106.846711, -6.376838 ], [ 106.845807, -6.376857 ], [ 106.837778, -6.375321 ], [ 106.834674, -6.37261 ], [ 106.833746, -6.371703 ], [ 106.831181, -6.371737 ], [ 106.82632, -6.37208 ], [ 106.823512, -6.363587 ], [ 106.823597, -6.363305 ], [ 106.823953, -6.360744 ], [ 106.823264, -6.353866 ], [ 106.823255, -6.353581 ], [ 106.824077, -6.346316 ], [ 106.824157, -6.346037 ], [ 106.824158, -6.346006 ], [ 106.82282, -6.344159 ], [ 106.821394, -6.343436 ], [ 106.820646, -6.343455 ], [ 106.819928, -6.34372 ], [ 106.81417, -6.342512 ], [ 106.812092, -6.336845 ], [ 106.812127, -6.336532 ], [ 106.811953, -6.335377 ], [ 106.812197, -6.328182 ], [ 106.813515, -6.325594 ], [ 106.81353, -6.325394 ], [ 106.812973, -6.321997 ], [ 106.811295, -6.32036 ], [ 106.805401, -6.313836 ], [ 106.805291, -6.312965 ], [ 106.805161, -6.311032 ], [ 106.805283, -6.309165 ], [ 106.805409, -6.307151 ], [ 106.805379, -6.305543 ], [ 106.805287, -6.304314 ], [ 106.805363, -6.301677 ], [ 106.805391, -6.300421 ], [ 106.811868, -6.294407 ], [ 106.813083, -6.294129 ], [ 106.819158, -6.294317 ], [ 106.821151, -6.294964 ], [ 106.82175, -6.295007 ], [ 106.822446, -6.295077 ], [ 106.82301, -6.294955 ], [ 106.823095, -6.294922 ], [ 106.82281, -6.291769 ], [ 106.826886, -6.283768 ], [ 106.829036, -6.283421 ], [ 106.829257, -6.283023 ], [ 106.831316, -6.281063 ], [ 106.838408, -6.283077 ], [ 106.84041, -6.285548 ], [ 106.840056, -6.292421 ], [ 106.839676, -6.293764 ], [ 106.839302, -6.294605 ], [ 106.8393, -6.294614 ], [ 106.841734, -6.296494 ], [ 106.842635, -6.295815 ], [ 106.842678, -6.295752 ], [ 106.842777, -6.295547 ], [ 106.843425, -6.293689 ], [ 106.844495, -6.291093 ], [ 106.845227, -6.289272 ], [ 106.845341, -6.288864 ], [ 106.844716, -6.285233 ], [ 106.853448, -6.283723 ], [ 106.854856, -6.285107 ], [ 106.854969, -6.285124 ], [ 106.855525, -6.285209 ], [ 106.855723, -6.285178 ], [ 106.860621, -6.284177 ], [ 106.860742, -6.28417 ], [ 106.869502, -6.284894 ], [ 106.869446, -6.288819 ], [ 106.869586, -6.291514 ], [ 106.869665, -6.29176 ], [ 106.870439, -6.293291 ], [ 106.872482, -6.294384 ], [ 106.879749, -6.296162 ], [ 106.883064, -6.294758 ], [ 106.883027, -6.294328 ], [ 106.882871, -6.28968 ], [ 106.882109, -6.288375 ], [ 106.881564, -6.287544 ], [ 106.879713, -6.281995 ], [ 106.880366, -6.277571 ], [ 106.880308, -6.276059 ], [ 106.882833, -6.269316 ], [ 106.885038, -6.268237 ], [ 106.885063, -6.268162 ], [ 106.886941, -6.264406 ], [ 106.887041, -6.264254 ], [ 106.888863, -6.26087 ], [ 106.888825, -6.26061 ], [ 106.886873, -6.257845 ], [ 106.884999, -6.255276 ], [ 106.8874, -6.248118 ], [ 106.888048, -6.247707 ], [ 106.889875, -6.246403 ], [ 106.897215, -6.248136 ], [ 106.898175, -6.249964 ], [ 106.899175, -6.251657 ], [ 106.899492, -6.252171 ], [ 106.899872, -6.252709 ], [ 106.900348, -6.253338 ], [ 106.900684, -6.253736 ], [ 106.901018, -6.254094 ], [ 106.901426, -6.254497 ], [ 106.901919, -6.254914 ], [ 106.904346, -6.256505 ], [ 106.906674, -6.25964 ], [ 106.909633, -6.266576 ], [ 106.909654, -6.266749 ], [ 106.911376, -6.268156 ], [ 106.911391, -6.268156 ], [ 106.913227, -6.266309 ], [ 106.918855, -6.260148 ], [ 106.924012, -6.259897 ], [ 106.925872, -6.259797 ], [ 106.927726, -6.259698 ], [ 106.930817, -6.259548 ], [ 106.933741, -6.259406 ], [ 106.937194, -6.25924 ], [ 106.940972, -6.259062 ], [ 106.943965, -6.258905 ], [ 106.943776, -6.25531 ], [ 106.941622, -6.255254 ], [ 106.937025, -6.255644 ], [ 106.933565, -6.25581 ], [ 106.930642, -6.255953 ], [ 106.925347, -6.249815 ], [ 106.925703, -6.246232 ], [ 106.924026, -6.246065 ], [ 106.922808, -6.245923 ], [ 106.921977, -6.2459 ], [ 106.920758, -6.24595 ], [ 106.918841, -6.246074 ], [ 106.91824, -6.246134 ], [ 106.910216, -6.242923 ], [ 106.910207, -6.242922 ], [ 106.903135, -6.239481 ], [ 106.90215, -6.237824 ], [ 106.901486, -6.237074 ], [ 106.900458, -6.236129 ], [ 106.894024, -6.232997 ], [ 106.892005, -6.230777 ], [ 106.891769, -6.230577 ], [ 106.88748, -6.227993 ], [ 106.885804, -6.226777 ], [ 106.885389, -6.226628 ], [ 106.884615, -6.226412 ], [ 106.884254, -6.226288 ], [ 106.881731, -6.218367 ], [ 106.886033, -6.216191 ], [ 106.887637, -6.216084 ], [ 106.88832, -6.216023 ], [ 106.888452, -6.21597 ], [ 106.889311, -6.215642 ], [ 106.890473, -6.215286 ], [ 106.891182, -6.215116 ], [ 106.89041, -6.2116 ], [ 106.889271, -6.211622 ], [ 106.88752, -6.211398 ], [ 106.884447, -6.210199 ], [ 106.880644, -6.204991 ], [ 106.882277, -6.20024 ], [ 106.884086, -6.198743 ], [ 106.885825, -6.195121 ], [ 106.885999, -6.192623 ], [ 106.886009, -6.192226 ], [ 106.885999, -6.191525 ], [ 106.881152, -6.186938 ], [ 106.878026, -6.181282 ], [ 106.877725, -6.177353 ], [ 106.878185, -6.174412 ], [ 106.878592, -6.172848 ], [ 106.875107, -6.171943 ], [ 106.873038, -6.176459 ], [ 106.873037, -6.176463 ], [ 106.873024, -6.176572 ], [ 106.873024, -6.176576 ], [ 106.872, -6.18157 ], [ 106.868013, -6.184728 ], [ 106.863461, -6.191327 ], [ 106.861955, -6.191675 ], [ 106.86161, -6.191763 ], [ 106.857248, -6.191798 ], [ 106.850385, -6.186602 ], [ 106.849011, -6.183839 ], [ 106.848834, -6.182875 ], [ 106.852398, -6.176367 ], [ 106.85578, -6.175975 ], [ 106.856566, -6.175862 ], [ 106.856055, -6.172299 ], [ 106.855202, -6.163365 ], [ 106.856124, -6.161843 ], [ 106.855535, -6.158184 ], [ 106.858746, -6.153177 ], [ 106.858808, -6.153112 ], [ 106.859238, -6.152045 ], [ 106.859702, -6.150009 ], [ 106.859729, -6.149308 ], [ 106.859731, -6.149209 ], [ 106.859726, -6.149065 ], [ 106.859823, -6.146039 ], [ 106.863573, -6.140668 ], [ 106.868066, -6.136637 ], [ 106.868559, -6.134158 ], [ 106.867574, -6.130696 ], [ 106.873133, -6.126364 ], [ 106.875013, -6.126714 ], [ 106.878334, -6.127359 ], [ 106.881241, -6.127903 ], [ 106.884248, -6.128799 ], [ 106.88715, -6.130315 ], [ 106.888604, -6.131363 ], [ 106.890238, -6.132702 ], [ 106.891614, -6.13304 ], [ 106.892057, -6.133105 ], [ 106.892619, -6.133094 ], [ 106.893065, -6.133001 ], [ 106.893449, -6.132862 ], [ 106.893907, -6.132612 ], [ 106.894395, -6.1322 ], [ 106.894537, -6.132037 ], [ 106.893283, -6.129173 ], [ 106.892507, -6.128787 ], [ 106.891711, -6.128456 ], [ 106.890956, -6.128206 ], [ 106.88958, -6.127528 ], [ 106.889379, -6.127391 ], [ 106.888668, -6.126965 ], [ 106.887751, -6.126443 ], [ 106.885737, -6.125521 ], [ 106.88593, -6.11735 ], [ 106.891558, -6.117158 ], [ 106.892831, -6.118245 ], [ 106.893179, -6.118454 ], [ 106.893202, -6.118456 ], [ 106.893894, -6.118137 ], [ 106.894382, -6.117862 ], [ 106.895151, -6.116937 ], [ 106.895663, -6.114727 ], [ 106.902482, -6.10989 ], [ 106.905003, -6.110143 ], [ 106.905077, -6.11013 ], [ 106.905634, -6.109601 ], [ 106.905734, -6.109506 ], [ 106.904444, -6.106586 ], [ 106.901699, -6.106087 ], [ 106.898115, -6.105753 ], [ 106.892578, -6.104943 ], [ 106.891878, -6.104829 ], [ 106.89169, -6.104835 ], [ 106.889557, -6.105865 ], [ 106.884678, -6.108052 ], [ 106.88074, -6.109496 ], [ 106.875895, -6.11002 ], [ 106.875238, -6.110348 ], [ 106.870969, -6.111991 ], [ 106.864325, -6.110184 ], [ 106.863861, -6.110435 ], [ 106.859286, -6.113155 ], [ 106.855805, -6.115438 ], [ 106.849724, -6.118323 ], [ 106.847334, -6.118981 ], [ 106.845192, -6.11938 ], [ 106.84489, -6.119445 ], [ 106.844335, -6.119641 ], [ 106.84134, -6.120558 ], [ 106.83543, -6.121605 ], [ 106.829144, -6.118714 ], [ 106.820578, -6.116935 ], [ 106.818102, -6.115742 ], [ 106.817245, -6.115619 ], [ 106.809042, -6.116164 ], [ 106.80683, -6.110771 ], [ 106.806645, -6.109863 ], [ 106.80542, -6.10608 ], [ 106.805221, -6.105018 ], [ 106.804969, -6.102359 ], [ 106.804968, -6.102259 ], [ 106.804849, -6.101587 ], [ 106.804806, -6.101347 ], [ 106.804672, -6.100592 ], [ 106.804557, -6.099947 ], [ 106.804411, -6.099125 ], [ 106.804263, -6.098289 ], [ 106.804117, -6.097472 ], [ 106.803887, -6.096174 ], [ 106.803785, -6.095601 ], [ 106.803705, -6.095151 ], [ 106.803136, -6.094689 ], [ 106.796677, -6.097012 ], [ 106.796748, -6.098839 ], [ 106.796916, -6.100576 ], [ 106.797093, -6.101653 ], [ 106.796185, -6.107549 ], [ 106.79193, -6.109899 ], [ 106.789986, -6.109781 ], [ 106.789919, -6.109792 ], [ 106.789854, -6.109837 ], [ 106.789832, -6.10987 ], [ 106.782896, -6.111219 ], [ 106.780881, -6.108071 ], [ 106.776497, -6.103987 ], [ 106.775848, -6.103423 ], [ 106.775635, -6.10334 ], [ 106.770742, -6.102565 ], [ 106.769858, -6.102445 ], [ 106.769094, -6.102627 ], [ 106.768573, -6.102816 ], [ 106.759582, -6.102845 ], [ 106.758637, -6.102846 ], [ 106.757711, -6.102964 ], [ 106.755816, -6.102773 ], [ 106.751433, -6.09508 ], [ 106.75156, -6.0946 ], [ 106.754244, -6.09068 ], [ 106.754784, -6.089825 ], [ 106.754876, -6.08903 ], [ 106.755137, -6.085433 ], [ 106.754034, -6.082493 ], [ 106.753545, -6.081231 ], [ 106.752974, -6.08099 ], [ 106.752553, -6.08095 ], [ 106.751783, -6.081035 ], [ 106.750973, -6.081463 ], [ 106.75048, -6.082031 ], [ 106.749135, -6.085 ], [ 106.740901, -6.086433 ], [ 106.739734, -6.085436 ], [ 106.73943, -6.085152 ], [ 106.737378, -6.083489 ], [ 106.736225, -6.082636 ], [ 106.735274, -6.081839 ], [ 106.734144, -6.081363 ], [ 106.727151, -6.083727 ], [ 106.723919, -6.082177 ], [ 106.722907, -6.08128 ], [ 106.721596, -6.080016 ], [ 106.720029, -6.077617 ], [ 106.718118, -6.073367 ], [ 106.717972, -6.073127 ], [ 106.716239, -6.070726 ], [ 106.715445, -6.070091 ], [ 106.71142, -6.066488 ], [ 106.708605, -6.065362 ], [ 106.707539, -6.066083 ], [ 106.707831, -6.0669 ], [ 106.708238, -6.069615 ], [ 106.701489, -6.074754 ], [ 106.693466, -6.070888 ], [ 106.691838, -6.069018 ], [ 106.690996, -6.068213 ], [ 106.68966, -6.067007 ], [ 106.689345, -6.066736 ], [ 106.68226, -6.061748 ], [ 106.682685, -6.06064 ], [ 106.681058, -6.058106 ], [ 106.680805, -6.058101 ], [ 106.679603, -6.058781 ], [ 106.679524, -6.058912 ], [ 106.679041, -6.060135 ], [ 106.677575, -6.062585 ], [ 106.677302, -6.063201 ], [ 106.673571, -6.067987 ], [ 106.668339, -6.072387 ], [ 106.66087, -6.068993 ], [ 106.659435, -6.067324 ], [ 106.657382, -6.058718 ], [ 106.657385, -6.056548 ], [ 106.656691, -6.050367 ], [ 106.656558, -6.049946 ], [ 106.654819, -6.049012 ], [ 106.654255, -6.049258 ], [ 106.652283, -6.050111 ], [ 106.644208, -6.047911 ], [ 106.640987, -6.049519 ], [ 106.634683, -6.054934 ], [ 106.633369, -6.054541 ], [ 106.632403, -6.054683 ], [ 106.624297, -6.057202 ], [ 106.622715, -6.058067 ], [ 106.62216, -6.058404 ], [ 106.622027, -6.059062 ], [ 106.622017, -6.059601 ], [ 106.623043, -6.060576 ], [ 106.623191, -6.060631 ], [ 106.628035, -6.064605 ], [ 106.62827, -6.068746 ], [ 106.62824, -6.069159 ], [ 106.628252, -6.069472 ], [ 106.632673, -6.07225 ], [ 106.633294, -6.076758 ], [ 106.628367, -6.080835 ], [ 106.621644, -6.080682 ], [ 106.621077, -6.080365 ], [ 106.620133, -6.080424 ], [ 106.619328, -6.080423 ], [ 106.618911, -6.080466 ], [ 106.618424, -6.080563 ], [ 106.617551, -6.08109 ], [ 106.61569, -6.086331 ], [ 106.615675, -6.086747 ], [ 106.617445, -6.089821 ], [ 106.619341, -6.097573 ], [ 106.619616, -6.098226 ], [ 106.620578, -6.103464 ], [ 106.61667, -6.107402 ], [ 106.614771, -6.108634 ], [ 106.61375, -6.109777 ], [ 106.613196, -6.110334 ], [ 106.606101, -6.113421 ], [ 106.603134, -6.111886 ], [ 106.599471, -6.104186 ], [ 106.597493, -6.101178 ], [ 106.596963, -6.101526 ], [ 106.595677, -6.102263 ], [ 106.588664, -6.097909 ], [ 106.587945, -6.094619 ], [ 106.587941, -6.094536 ], [ 106.587473, -6.091164 ], [ 106.587491, -6.090712 ], [ 106.586111, -6.089324 ], [ 106.58586, -6.089298 ], [ 106.583895, -6.090562 ], [ 106.583876, -6.091013 ], [ 106.582837, -6.094421 ], [ 106.573993, -6.095063 ], [ 106.571566, -6.094332 ], [ 106.569469, -6.09312 ], [ 106.567653, -6.092078 ], [ 106.567503, -6.092106 ], [ 106.56106, -6.094641 ], [ 106.560693, -6.094637 ], [ 106.55422, -6.089862 ], [ 106.554007, -6.086423 ], [ 106.545861, -6.083397 ], [ 106.543344, -6.083214 ], [ 106.54268, -6.083975 ], [ 106.5426, -6.084147 ], [ 106.542514, -6.084723 ], [ 106.542749, -6.085317 ], [ 106.542866, -6.0856 ], [ 106.543618, -6.087206 ], [ 106.545367, -6.090778 ], [ 106.547676, -6.09608 ], [ 106.548721, -6.097966 ], [ 106.54881, -6.098093 ], [ 106.549722, -6.098085 ], [ 106.549818, -6.098081 ], [ 106.556775, -6.10191 ], [ 106.553436, -6.110266 ], [ 106.551212, -6.10991 ], [ 106.550107, -6.109913 ], [ 106.548883, -6.110214 ], [ 106.5483, -6.110322 ], [ 106.544756, -6.115565 ], [ 106.543048, -6.117397 ], [ 106.543042, -6.117483 ], [ 106.54445, -6.119386 ], [ 106.548031, -6.12572 ], [ 106.541884, -6.130034 ], [ 106.538664, -6.128424 ], [ 106.537656, -6.128151 ], [ 106.536086, -6.127305 ], [ 106.533046, -6.121299 ], [ 106.532989, -6.121217 ], [ 106.530634, -6.120673 ], [ 106.526051, -6.119463 ], [ 106.52598, -6.119445 ], [ 106.519915, -6.116716 ], [ 106.517271, -6.116036 ], [ 106.517234, -6.116052 ], [ 106.516406, -6.11756 ], [ 106.516303, -6.11823 ], [ 106.510541, -6.124842 ], [ 106.508846, -6.125424 ], [ 106.507441, -6.127343 ], [ 106.507455, -6.1275 ], [ 106.509576, -6.128949 ], [ 106.50859, -6.13783 ], [ 106.508302, -6.137884 ], [ 106.504237, -6.13933 ], [ 106.504028, -6.139341 ], [ 106.502325, -6.14073 ], [ 106.502326, -6.141143 ], [ 106.502421, -6.142871 ], [ 106.502429, -6.142913 ], [ 106.50409, -6.144759 ], [ 106.507564, -6.143907 ], [ 106.512846, -6.147072 ], [ 106.511335, -6.155529 ], [ 106.511284, -6.155598 ], [ 106.508677, -6.158616 ], [ 106.504926, -6.160842 ], [ 106.501867, -6.16493 ], [ 106.50032, -6.166478 ], [ 106.500315, -6.167217 ], [ 106.500315, -6.167245 ], [ 106.500321, -6.167879 ], [ 106.500845, -6.168802 ], [ 106.501255, -6.173917 ], [ 106.495694, -6.177803 ], [ 106.493978, -6.177814 ], [ 106.490189, -6.177525 ], [ 106.487829, -6.178054 ], [ 106.487314, -6.178784 ], [ 106.487235, -6.178987 ], [ 106.487237, -6.179585 ], [ 106.487288, -6.179894 ], [ 106.486041, -6.185533 ], [ 106.47791, -6.183761 ], [ 106.477543, -6.18292 ], [ 106.477283, -6.182091 ], [ 106.476768, -6.180588 ], [ 106.476629, -6.180161 ], [ 106.47658, -6.180062 ], [ 106.476256, -6.175738 ], [ 106.478777, -6.172313 ], [ 106.480375, -6.171416 ], [ 106.480475, -6.171178 ], [ 106.479512, -6.166731 ], [ 106.478811, -6.164909 ], [ 106.477186, -6.164623 ], [ 106.476606, -6.164582 ], [ 106.476147, -6.164554 ], [ 106.475212, -6.164804 ], [ 106.473426, -6.16718 ], [ 106.472441, -6.170758 ], [ 106.47236, -6.17217 ], [ 106.472418, -6.172611 ], [ 106.472525, -6.174315 ], [ 106.465698, -6.18015 ], [ 106.460176, -6.175875 ], [ 106.458569, -6.169925 ], [ 106.458574, -6.169892 ], [ 106.456898, -6.164642 ], [ 106.456897, -6.164616 ], [ 106.45624, -6.16405 ], [ 106.454795, -6.162954 ], [ 106.448543, -6.162781 ], [ 106.441436, -6.160853 ], [ 106.441067, -6.160758 ], [ 106.439194, -6.161357 ], [ 106.433294, -6.160561 ], [ 106.430616, -6.158292 ], [ 106.429621, -6.157623 ], [ 106.427706, -6.156997 ], [ 106.427258, -6.156843 ], [ 106.426691, -6.156692 ], [ 106.425489, -6.15815 ], [ 106.425441, -6.158374 ], [ 106.425765, -6.160171 ], [ 106.427603, -6.161734 ], [ 106.427662, -6.161785 ], [ 106.431308, -6.164814 ], [ 106.431687, -6.171407 ], [ 106.431135, -6.172893 ], [ 106.431176, -6.178986 ], [ 106.431102, -6.17934 ], [ 106.431157, -6.180503 ], [ 106.43205, -6.18399 ], [ 106.425028, -6.187136 ], [ 106.424208, -6.186615 ], [ 106.423329, -6.1873 ], [ 106.414922, -6.189944 ], [ 106.413819, -6.18934 ], [ 106.412589, -6.188396 ], [ 106.410999, -6.186972 ], [ 106.4093, -6.185456 ], [ 106.408393, -6.184768 ], [ 106.407274, -6.184019 ], [ 106.406428, -6.183577 ], [ 106.405503, -6.18316 ], [ 106.404414, -6.182752 ], [ 106.403406, -6.182448 ], [ 106.402212, -6.182164 ], [ 106.400355, -6.181932 ], [ 106.393252, -6.179326 ], [ 106.391192, -6.177932 ], [ 106.390497, -6.177502 ], [ 106.389753, -6.177083 ], [ 106.388916, -6.176666 ], [ 106.388102, -6.176329 ], [ 106.387366, -6.176078 ], [ 106.386173, -6.175739 ], [ 106.38516, -6.175535 ], [ 106.384117, -6.175389 ], [ 106.382527, -6.175264 ], [ 106.379765, -6.175229 ], [ 106.376542, -6.175253 ], [ 106.373289, -6.175278 ], [ 106.371665, -6.175318 ], [ 106.368846, -6.175358 ], [ 106.364529, -6.175376 ], [ 106.360255, -6.175395 ], [ 106.358141, -6.175316 ], [ 106.350997, -6.173003 ], [ 106.349301, -6.176178 ], [ 106.350636, -6.176891 ] ] ] } },
{ "type": "Feature", "properties": { "name": "Everyday Padel Club" }, "geometry": { "type": "Polygon", "coordinates": [ [ [ 106.443933, -6.201721 ], [ 106.446027, -6.201924 ], [ 106.448533, -6.202167 ], [ 106.456935, -6.205247 ], [ 106.457691, -6.205805 ], [ 106.458327, -6.206022 ], [ 106.46245, -6.206799 ], [ 106.46353, -6.207155 ], [ 106.465297, -6.207606 ], [ 106.466482, -6.207816 ], [ 106.467482, -6.207915 ], [ 106.468459, -6.207979 ], [ 106.469584, -6.207993 ], [ 106.471754, -6.216571 ], [ 106.470611, -6.217965 ], [ 106.470614, -6.219102 ], [ 106.47012, -6.223162 ], [ 106.471281, -6.224544 ], [ 106.471557, -6.224651 ], [ 106.473395, -6.224656 ], [ 106.473769, -6.22387 ], [ 106.474977, -6.221781 ], [ 106.482934, -6.219501 ], [ 106.483463, -6.219592 ], [ 106.48994, -6.2226 ], [ 106.493254, -6.225749 ], [ 106.493801, -6.233267 ], [ 106.492487, -6.236691 ], [ 106.490823, -6.240241 ], [ 106.489215, -6.242258 ], [ 106.485191, -6.246996 ], [ 106.483085, -6.249412 ], [ 106.481723, -6.251585 ], [ 106.474442, -6.255406 ], [ 106.474248, -6.255475 ], [ 106.473515, -6.255738 ], [ 106.466554, -6.259347 ], [ 106.465031, -6.260576 ], [ 106.464179, -6.261351 ], [ 106.463228, -6.262801 ], [ 106.463218, -6.263058 ], [ 106.463218, -6.263198 ], [ 106.463228, -6.263454 ], [ 106.465957, -6.268423 ], [ 106.467381, -6.27079 ], [ 106.467442, -6.2708 ], [ 106.469142, -6.270101 ], [ 106.469273, -6.269853 ], [ 106.474132, -6.265164 ], [ 106.480289, -6.271246 ], [ 106.480118, -6.272114 ], [ 106.48012, -6.2724 ], [ 106.477519, -6.277894 ], [ 106.474191, -6.279268 ], [ 106.470907, -6.284135 ], [ 106.468458, -6.285154 ], [ 106.465273, -6.292897 ], [ 106.464964, -6.29342 ], [ 106.4647, -6.294107 ], [ 106.468942, -6.30008 ], [ 106.469824, -6.302799 ], [ 106.468517, -6.30919 ], [ 106.461339, -6.314613 ], [ 106.460651, -6.314806 ], [ 106.459112, -6.315134 ], [ 106.457325, -6.32057 ], [ 106.453591, -6.326394 ], [ 106.452339, -6.327889 ], [ 106.452337, -6.328151 ], [ 106.453806, -6.329988 ], [ 106.457865, -6.331608 ], [ 106.458125, -6.331631 ], [ 106.462478, -6.332506 ], [ 106.464549, -6.331518 ], [ 106.469869, -6.330751 ], [ 106.473417, -6.330729 ], [ 106.479308, -6.330907 ], [ 106.482163, -6.332425 ], [ 106.482461, -6.332645 ], [ 106.48652, -6.337271 ], [ 106.486136, -6.342324 ], [ 106.48607, -6.342524 ], [ 106.480516, -6.349031 ], [ 106.477147, -6.3503 ], [ 106.471366, -6.351549 ], [ 106.471042, -6.351685 ], [ 106.465735, -6.352973 ], [ 106.46324, -6.3534 ], [ 106.462908, -6.354874 ], [ 106.462899, -6.355927 ], [ 106.462893, -6.356983 ], [ 106.469774, -6.359121 ], [ 106.473775, -6.362127 ], [ 106.47411, -6.362323 ], [ 106.479669, -6.362315 ], [ 106.484736, -6.366217 ], [ 106.486054, -6.367745 ], [ 106.486573, -6.367746 ], [ 106.495474, -6.368745 ], [ 106.498495, -6.370702 ], [ 106.507217, -6.369705 ], [ 106.508001, -6.373416 ], [ 106.508971, -6.375699 ], [ 106.5091, -6.376057 ], [ 106.510874, -6.375368 ], [ 106.511033, -6.375321 ], [ 106.516707, -6.375574 ], [ 106.520312, -6.382674 ], [ 106.517812, -6.385264 ], [ 106.515695, -6.388229 ], [ 106.515542, -6.38839 ], [ 106.516299, -6.391088 ], [ 106.516604, -6.391247 ], [ 106.517771, -6.391735 ], [ 106.519348, -6.391734 ], [ 106.522361, -6.392199 ], [ 106.530082, -6.393249 ], [ 106.530546, -6.400745 ], [ 106.530347, -6.402173 ], [ 106.530862, -6.404638 ], [ 106.534022, -6.406362 ], [ 106.541065, -6.40598 ], [ 106.542501, -6.405606 ], [ 106.550461, -6.408456 ], [ 106.551826, -6.411054 ], [ 106.553597, -6.412012 ], [ 106.554131, -6.412048 ], [ 106.555424, -6.410953 ], [ 106.555402, -6.410157 ], [ 106.559178, -6.404353 ], [ 106.565303, -6.405289 ], [ 106.56931, -6.406558 ], [ 106.573616, -6.407819 ], [ 106.577058, -6.407025 ], [ 106.578277, -6.407107 ], [ 106.579403, -6.406986 ], [ 106.586297, -6.410162 ], [ 106.581649, -6.4175 ], [ 106.580771, -6.417527 ], [ 106.579032, -6.417491 ], [ 106.576704, -6.417453 ], [ 106.575481, -6.417348 ], [ 106.57483, -6.417403 ], [ 106.572695, -6.417471 ], [ 106.571797, -6.417261 ], [ 106.571647, -6.417234 ], [ 106.57136, -6.417266 ], [ 106.566738, -6.419253 ], [ 106.565456, -6.419166 ], [ 106.565089, -6.419151 ], [ 106.563798, -6.41896 ], [ 106.56337, -6.419108 ], [ 106.562893, -6.419344 ], [ 106.558078, -6.422497 ], [ 106.556186, -6.422465 ], [ 106.555736, -6.42289 ], [ 106.554877, -6.424762 ], [ 106.550559, -6.429874 ], [ 106.549275, -6.431095 ], [ 106.549629, -6.431533 ], [ 106.549974, -6.431868 ], [ 106.553357, -6.434952 ], [ 106.553887, -6.435425 ], [ 106.556169, -6.435354 ], [ 106.5614, -6.435237 ], [ 106.561891, -6.435395 ], [ 106.563121, -6.435597 ], [ 106.56764, -6.442475 ], [ 106.567462, -6.443305 ], [ 106.567915, -6.443993 ], [ 106.569132, -6.445657 ], [ 106.576047, -6.447145 ], [ 106.580045, -6.44965 ], [ 106.583638, -6.449432 ], [ 106.590804, -6.45046 ], [ 106.59352, -6.452298 ], [ 106.593967, -6.452676 ], [ 106.600309, -6.45262 ], [ 106.606726, -6.452987 ], [ 106.608048, -6.45314 ], [ 106.608517, -6.453189 ], [ 106.616372, -6.456008 ], [ 106.616948, -6.456593 ], [ 106.617936, -6.457275 ], [ 106.618735, -6.457714 ], [ 106.624677, -6.464315 ], [ 106.624678, -6.46726 ], [ 106.625301, -6.467935 ], [ 106.626095, -6.468399 ], [ 106.627293, -6.468565 ], [ 106.633127, -6.471259 ], [ 106.635359, -6.473906 ], [ 106.635872, -6.481196 ], [ 106.634429, -6.483733 ], [ 106.63313, -6.485474 ], [ 106.634763, -6.488683 ], [ 106.640554, -6.491713 ], [ 106.64277, -6.495078 ], [ 106.643068, -6.495617 ], [ 106.646321, -6.495538 ], [ 106.651115, -6.495118 ], [ 106.652169, -6.502409 ], [ 106.652046, -6.502784 ], [ 106.652007, -6.502936 ], [ 106.652092, -6.504026 ], [ 106.651977, -6.50629 ], [ 106.653265, -6.508224 ], [ 106.654089, -6.508508 ], [ 106.654653, -6.508697 ], [ 106.655433, -6.50783 ], [ 106.655974, -6.507113 ], [ 106.656284, -6.506534 ], [ 106.660342, -6.500258 ], [ 106.660525, -6.49957 ], [ 106.660385, -6.498281 ], [ 106.659801, -6.495585 ], [ 106.659663, -6.494774 ], [ 106.657065, -6.492283 ], [ 106.660865, -6.484861 ], [ 106.662359, -6.483013 ], [ 106.662412, -6.48264 ], [ 106.662434, -6.482041 ], [ 106.662406, -6.481619 ], [ 106.65985, -6.478408 ], [ 106.664276, -6.472316 ], [ 106.670019, -6.474727 ], [ 106.670432, -6.475308 ], [ 106.670913, -6.475851 ], [ 106.672082, -6.479891 ], [ 106.672159, -6.480684 ], [ 106.672403, -6.481434 ], [ 106.672581, -6.482814 ], [ 106.673066, -6.485671 ], [ 106.67825, -6.487785 ], [ 106.678435, -6.494104 ], [ 106.678996, -6.498754 ], [ 106.679775, -6.502269 ], [ 106.67962, -6.506032 ], [ 106.679705, -6.506585 ], [ 106.681381, -6.507558 ], [ 106.681445, -6.507562 ], [ 106.681752, -6.507562 ], [ 106.683263, -6.506038 ], [ 106.684481, -6.501911 ], [ 106.688198, -6.495167 ], [ 106.688559, -6.492628 ], [ 106.68842, -6.492479 ], [ 106.68426, -6.484961 ], [ 106.683387, -6.481263 ], [ 106.683116, -6.477535 ], [ 106.683183, -6.476293 ], [ 106.683174, -6.476177 ], [ 106.681689, -6.474573 ], [ 106.683686, -6.467057 ], [ 106.691036, -6.465168 ], [ 106.695136, -6.468279 ], [ 106.695357, -6.468341 ], [ 106.695917, -6.468418 ], [ 106.701012, -6.466625 ], [ 106.705602, -6.467182 ], [ 106.711773, -6.472234 ], [ 106.712539, -6.473249 ], [ 106.712838, -6.473384 ], [ 106.719325, -6.475955 ], [ 106.719457, -6.475972 ], [ 106.726632, -6.477228 ], [ 106.729443, -6.479035 ], [ 106.731085, -6.478675 ], [ 106.731326, -6.478586 ], [ 106.731533, -6.478425 ], [ 106.732265, -6.47736 ], [ 106.733556, -6.474918 ], [ 106.73354, -6.474876 ], [ 106.731838, -6.471662 ], [ 106.732548, -6.465332 ], [ 106.739802, -6.463549 ], [ 106.740084, -6.463561 ], [ 106.741867, -6.462722 ], [ 106.742685, -6.459758 ], [ 106.742434, -6.456519 ], [ 106.74749, -6.449983 ], [ 106.748314, -6.449239 ], [ 106.748388, -6.449119 ], [ 106.748643, -6.44838 ], [ 106.748428, -6.447258 ], [ 106.74805, -6.446427 ], [ 106.746228, -6.438993 ], [ 106.749957, -6.436166 ], [ 106.756224, -6.432548 ], [ 106.758292, -6.430486 ], [ 106.765923, -6.431949 ], [ 106.766949, -6.432804 ], [ 106.767174, -6.432936 ], [ 106.767938, -6.432739 ], [ 106.768138, -6.432655 ], [ 106.768751, -6.432348 ], [ 106.769579, -6.431785 ], [ 106.769635, -6.431605 ], [ 106.768994, -6.42983 ], [ 106.771535, -6.422873 ], [ 106.774551, -6.421205 ], [ 106.780492, -6.424958 ], [ 106.782226, -6.428422 ], [ 106.782415, -6.428947 ], [ 106.783912, -6.429582 ], [ 106.784353, -6.429581 ], [ 106.785904, -6.428061 ], [ 106.794454, -6.427269 ], [ 106.796255, -6.429012 ], [ 106.796266, -6.429012 ], [ 106.798054, -6.42724 ], [ 106.800195, -6.422964 ], [ 106.800224, -6.422898 ], [ 106.800184, -6.422162 ], [ 106.799858, -6.420917 ], [ 106.799765, -6.417532 ], [ 106.799783, -6.417382 ], [ 106.800359, -6.413542 ], [ 106.801982, -6.411352 ], [ 106.809787, -6.412367 ], [ 106.811204, -6.414001 ], [ 106.811215, -6.414003 ], [ 106.811332, -6.414024 ], [ 106.811343, -6.414025 ], [ 106.813385, -6.412231 ], [ 106.818981, -6.406588 ], [ 106.820815, -6.4055 ], [ 106.827068, -6.402443 ], [ 106.828203, -6.401484 ], [ 106.828356, -6.400925 ], [ 106.831536, -6.393157 ], [ 106.837929, -6.389673 ], [ 106.839833, -6.388596 ], [ 106.846226, -6.388201 ], [ 106.849061, -6.390806 ], [ 106.849997, -6.392593 ], [ 106.85146, -6.393723 ], [ 106.851654, -6.393737 ], [ 106.851726, -6.393743 ], [ 106.851908, -6.393758 ], [ 106.858674, -6.399448 ], [ 106.858749, -6.399873 ], [ 106.85642, -6.406796 ], [ 106.856324, -6.406935 ], [ 106.856408, -6.407598 ], [ 106.856902, -6.409518 ], [ 106.856826, -6.417302 ], [ 106.855958, -6.419852 ], [ 106.856711, -6.421496 ], [ 106.857064, -6.42165 ], [ 106.85926, -6.421285 ], [ 106.859496, -6.420742 ], [ 106.864688, -6.413958 ], [ 106.866358, -6.413287 ], [ 106.866472, -6.41311 ], [ 106.865924, -6.410578 ], [ 106.869933, -6.404589 ], [ 106.871919, -6.403889 ], [ 106.875042, -6.403669 ], [ 106.87545, -6.403644 ], [ 106.876702, -6.402181 ], [ 106.878282, -6.399613 ], [ 106.87833, -6.39951 ], [ 106.878403, -6.399329 ], [ 106.878501, -6.399039 ], [ 106.878332, -6.397786 ], [ 106.877443, -6.394478 ], [ 106.883596, -6.389214 ], [ 106.885039, -6.389074 ], [ 106.893045, -6.388674 ], [ 106.893707, -6.38888 ], [ 106.894818, -6.389192 ], [ 106.896708, -6.389687 ], [ 106.897607, -6.389851 ], [ 106.899078, -6.390087 ], [ 106.903925, -6.390684 ], [ 106.90637, -6.391094 ], [ 106.907668, -6.39129 ], [ 106.908224, -6.391331 ], [ 106.908781, -6.391341 ], [ 106.909395, -6.391321 ], [ 106.910026, -6.391263 ], [ 106.910586, -6.391163 ], [ 106.911009, -6.391062 ], [ 106.910175, -6.38756 ], [ 106.90692, -6.387537 ], [ 106.904521, -6.387134 ], [ 106.897623, -6.382146 ], [ 106.894058, -6.381642 ], [ 106.887439, -6.383116 ], [ 106.882831, -6.375478 ], [ 106.882876, -6.375266 ], [ 106.884495, -6.372159 ], [ 106.884741, -6.37172 ], [ 106.884786, -6.371603 ], [ 106.884402, -6.370864 ], [ 106.882404, -6.369444 ], [ 106.876516, -6.369064 ], [ 106.871727, -6.363157 ], [ 106.871658, -6.359862 ], [ 106.871658, -6.359578 ], [ 106.871593, -6.359148 ], [ 106.871534, -6.358931 ], [ 106.868382, -6.357441 ], [ 106.8681, -6.348977 ], [ 106.86824, -6.348696 ], [ 106.867476, -6.346673 ], [ 106.86746, -6.346663 ], [ 106.865015, -6.347096 ], [ 106.857983, -6.351047 ], [ 106.849758, -6.353558 ], [ 106.848431, -6.354538 ], [ 106.848359, -6.354707 ], [ 106.848969, -6.357071 ], [ 106.850406, -6.357926 ], [ 106.851335, -6.358932 ], [ 106.847854, -6.366741 ], [ 106.843471, -6.365158 ], [ 106.843409, -6.365141 ], [ 106.835316, -6.362248 ], [ 106.834958, -6.356967 ], [ 106.83512, -6.356289 ], [ 106.835071, -6.355542 ], [ 106.834789, -6.354827 ], [ 106.835041, -6.346821 ], [ 106.83532, -6.345453 ], [ 106.835668, -6.34015 ], [ 106.835738, -6.339866 ], [ 106.834363, -6.337974 ], [ 106.832556, -6.335354 ], [ 106.83013, -6.326737 ], [ 106.828627, -6.321693 ], [ 106.82681, -6.318275 ], [ 106.825255, -6.317498 ], [ 106.821775, -6.316184 ], [ 106.817548, -6.308949 ], [ 106.81575, -6.305612 ], [ 106.820376, -6.299853 ], [ 106.822998, -6.298626 ], [ 106.83108, -6.300037 ], [ 106.831147, -6.300081 ], [ 106.833856, -6.298683 ], [ 106.833857, -6.298678 ], [ 106.833042, -6.296843 ], [ 106.833032, -6.296825 ], [ 106.830301, -6.293956 ], [ 106.82713, -6.287901 ], [ 106.825876, -6.28645 ], [ 106.821804, -6.279209 ], [ 106.820544, -6.277153 ], [ 106.820537, -6.277151 ], [ 106.820283, -6.277184 ], [ 106.813971, -6.277114 ], [ 106.810468, -6.272038 ], [ 106.809144, -6.270989 ], [ 106.808951, -6.270975 ], [ 106.808579, -6.270977 ], [ 106.807926, -6.271013 ], [ 106.801199, -6.265695 ], [ 106.800118, -6.26314 ], [ 106.798817, -6.257699 ], [ 106.798729, -6.257437 ], [ 106.794831, -6.249739 ], [ 106.793732, -6.24613 ], [ 106.79154, -6.242135 ], [ 106.790012, -6.235781 ], [ 106.791916, -6.230429 ], [ 106.792136, -6.230051 ], [ 106.792373, -6.229402 ], [ 106.792455, -6.228663 ], [ 106.792423, -6.228283 ], [ 106.792281, -6.227725 ], [ 106.791905, -6.226969 ], [ 106.79154, -6.22654 ], [ 106.79121, -6.226242 ], [ 106.791012, -6.226182 ], [ 106.784517, -6.229839 ], [ 106.780073, -6.229231 ], [ 106.772383, -6.22536 ], [ 106.77191, -6.225362 ], [ 106.76715, -6.218506 ], [ 106.768337, -6.216605 ], [ 106.768326, -6.216455 ], [ 106.76694, -6.214912 ], [ 106.763521, -6.212567 ], [ 106.760695, -6.209205 ], [ 106.759316, -6.207758 ], [ 106.75885, -6.207661 ], [ 106.758846, -6.207661 ], [ 106.757127, -6.209682 ], [ 106.751143, -6.216224 ], [ 106.74705, -6.21572 ], [ 106.742083, -6.208943 ], [ 106.742049, -6.208884 ], [ 106.738317, -6.201537 ], [ 106.737825, -6.20046 ], [ 106.742437, -6.193254 ], [ 106.744365, -6.193176 ], [ 106.748324, -6.192934 ], [ 106.750228, -6.192828 ], [ 106.752158, -6.19272 ], [ 106.754598, -6.192548 ], [ 106.757523, -6.192333 ], [ 106.759538, -6.192151 ], [ 106.761508, -6.191973 ], [ 106.764705, -6.191784 ], [ 106.765907, -6.191793 ], [ 106.768431, -6.191686 ], [ 106.769977, -6.191546 ], [ 106.770606, -6.191439 ], [ 106.77129, -6.191281 ], [ 106.772363, -6.190963 ], [ 106.773328, -6.190636 ], [ 106.77687, -6.189283 ], [ 106.780342, -6.187956 ], [ 106.78221, -6.187328 ], [ 106.782994, -6.187115 ], [ 106.782251, -6.183593 ], [ 106.782099, -6.183625 ], [ 106.78124, -6.183861 ], [ 106.779199, -6.184543 ], [ 106.775586, -6.18592 ], [ 106.768427, -6.186005 ], [ 106.768421, -6.186005 ], [ 106.761277, -6.18838 ], [ 106.759215, -6.188566 ], [ 106.7572, -6.188747 ], [ 106.754344, -6.188957 ], [ 106.751905, -6.189129 ], [ 106.750027, -6.189233 ], [ 106.748124, -6.189339 ], [ 106.740992, -6.184292 ], [ 106.738927, -6.181343 ], [ 106.736131, -6.178196 ], [ 106.734929, -6.17663 ], [ 106.729664, -6.169885 ], [ 106.729427, -6.168164 ], [ 106.729194, -6.16671 ], [ 106.72564, -6.16728 ], [ 106.725873, -6.168735 ], [ 106.72588, -6.170239 ], [ 106.7212, -6.176771 ], [ 106.716808, -6.176686 ], [ 106.716657, -6.176643 ], [ 106.710641, -6.174501 ], [ 106.710157, -6.174204 ], [ 106.71005, -6.17422 ], [ 106.705065, -6.176515 ], [ 106.7018, -6.180536 ], [ 106.696649, -6.180854 ], [ 106.696489, -6.180822 ], [ 106.690936, -6.173848 ], [ 106.690936, -6.17383 ], [ 106.689793, -6.172642 ], [ 106.689486, -6.172299 ], [ 106.68918, -6.172017 ], [ 106.687643, -6.170631 ], [ 106.687345, -6.170409 ], [ 106.685664, -6.168803 ], [ 106.689175, -6.161439 ], [ 106.690038, -6.161303 ], [ 106.690451, -6.161277 ], [ 106.692717, -6.160717 ], [ 106.694899, -6.160864 ], [ 106.69508, -6.160811 ], [ 106.700428, -6.160118 ], [ 106.701082, -6.159881 ], [ 106.701558, -6.157981 ], [ 106.701538, -6.157902 ], [ 106.699852, -6.156497 ], [ 106.695628, -6.155858 ], [ 106.690127, -6.152883 ], [ 106.689988, -6.152795 ], [ 106.688392, -6.15305 ], [ 106.682764, -6.151435 ], [ 106.677307, -6.15334 ], [ 106.677091, -6.153349 ], [ 106.672648, -6.15266 ], [ 106.671885, -6.152673 ], [ 106.670832, -6.15261 ], [ 106.670561, -6.152656 ], [ 106.669426, -6.152728 ], [ 106.663165, -6.146414 ], [ 106.663392, -6.145876 ], [ 106.663754, -6.145179 ], [ 106.664041, -6.144724 ], [ 106.664636, -6.143928 ], [ 106.665022, -6.143504 ], [ 106.665431, -6.143119 ], [ 106.665979, -6.142687 ], [ 106.666628, -6.142261 ], [ 106.667047, -6.142035 ], [ 106.667557, -6.141789 ], [ 106.667928, -6.141623 ], [ 106.66876, -6.141347 ], [ 106.670947, -6.140811 ], [ 106.673573, -6.14016 ], [ 106.676937, -6.139335 ], [ 106.679059, -6.138772 ], [ 106.68017, -6.138405 ], [ 106.683915, -6.137897 ], [ 106.683938, -6.137895 ], [ 106.685536, -6.136493 ], [ 106.688239, -6.134022 ], [ 106.688227, -6.13383 ], [ 106.687401, -6.127491 ], [ 106.687567, -6.124317 ], [ 106.690957, -6.115999 ], [ 106.693277, -6.109675 ], [ 106.696311, -6.107811 ], [ 106.698376, -6.106444 ], [ 106.700113, -6.10548 ], [ 106.700398, -6.105306 ], [ 106.698525, -6.102231 ], [ 106.695524, -6.103878 ], [ 106.694908, -6.104263 ], [ 106.691398, -6.106604 ], [ 106.690832, -6.107022 ], [ 106.688685, -6.108651 ], [ 106.688291, -6.108971 ], [ 106.687883, -6.109347 ], [ 106.686872, -6.110258 ], [ 106.679766, -6.114638 ], [ 106.676195, -6.116071 ], [ 106.675973, -6.116158 ], [ 106.675161, -6.118361 ], [ 106.675179, -6.11841 ], [ 106.67729, -6.119509 ], [ 106.683751, -6.124999 ], [ 106.6787, -6.130875 ], [ 106.676998, -6.132706 ], [ 106.676722, -6.132946 ], [ 106.670089, -6.137314 ], [ 106.667902, -6.137851 ], [ 106.667205, -6.138054 ], [ 106.666662, -6.138253 ], [ 106.666109, -6.138493 ], [ 106.665493, -6.138787 ], [ 106.664928, -6.139088 ], [ 106.663957, -6.139709 ], [ 106.66322, -6.140278 ], [ 106.662582, -6.140858 ], [ 106.662, -6.141476 ], [ 106.661501, -6.142076 ], [ 106.661075, -6.142683 ], [ 106.656256, -6.147488 ], [ 106.654411, -6.14879 ], [ 106.647735, -6.151373 ], [ 106.642767, -6.150236 ], [ 106.639162, -6.14843 ], [ 106.634645, -6.141178 ], [ 106.634664, -6.139403 ], [ 106.634735, -6.137885 ], [ 106.633335, -6.137594 ], [ 106.632669, -6.137467 ], [ 106.631139, -6.137715 ], [ 106.630241, -6.140939 ], [ 106.630238, -6.141002 ], [ 106.630961, -6.143518 ], [ 106.629764, -6.147628 ], [ 106.622308, -6.147816 ], [ 106.620732, -6.146782 ], [ 106.620617, -6.146778 ], [ 106.620514, -6.146937 ], [ 106.618971, -6.149166 ], [ 106.619007, -6.149256 ], [ 106.619581, -6.153435 ], [ 106.612108, -6.15737 ], [ 106.610593, -6.1564 ], [ 106.60996, -6.155746 ], [ 106.608533, -6.154292 ], [ 106.607174, -6.152947 ], [ 106.605623, -6.151312 ], [ 106.603264, -6.148916 ], [ 106.60269, -6.148342 ], [ 106.602335, -6.148059 ], [ 106.602039, -6.14788 ], [ 106.601821, -6.14777 ], [ 106.598873, -6.147122 ], [ 106.597084, -6.146636 ], [ 106.596954, -6.14662 ], [ 106.596907, -6.146615 ], [ 106.596647, -6.14659 ], [ 106.591265, -6.146697 ], [ 106.590558, -6.14693 ], [ 106.58869, -6.150843 ], [ 106.58831, -6.151803 ], [ 106.588272, -6.152013 ], [ 106.588269, -6.152033 ], [ 106.588233, -6.152243 ], [ 106.587365, -6.159736 ], [ 106.584436, -6.16162 ], [ 106.578183, -6.162226 ], [ 106.575192, -6.160871 ], [ 106.572686, -6.158689 ], [ 106.572036, -6.157779 ], [ 106.565299, -6.154617 ], [ 106.563948, -6.152643 ], [ 106.563884, -6.152629 ], [ 106.561807, -6.153741 ], [ 106.558267, -6.15907 ], [ 106.555075, -6.16392 ], [ 106.552661, -6.166109 ], [ 106.547104, -6.168464 ], [ 106.545045, -6.169152 ], [ 106.538969, -6.170709 ], [ 106.538647, -6.170778 ], [ 106.537969, -6.170977 ], [ 106.538351, -6.172625 ], [ 106.538983, -6.174431 ], [ 106.533696, -6.181024 ], [ 106.529546, -6.178999 ], [ 106.529232, -6.178818 ], [ 106.529175, -6.178822 ], [ 106.527509, -6.180319 ], [ 106.526974, -6.182747 ], [ 106.527177, -6.184363 ], [ 106.52718, -6.18481 ], [ 106.527311, -6.1857 ], [ 106.527464, -6.187347 ], [ 106.527428, -6.188124 ], [ 106.526248, -6.193585 ], [ 106.522787, -6.195935 ], [ 106.514033, -6.193851 ], [ 106.513311, -6.190603 ], [ 106.512977, -6.187807 ], [ 106.50938, -6.187654 ], [ 106.509322, -6.189012 ], [ 106.509145, -6.192483 ], [ 106.506768, -6.197957 ], [ 106.501126, -6.200186 ], [ 106.497936, -6.199473 ], [ 106.494651, -6.198741 ], [ 106.48915, -6.196784 ], [ 106.488569, -6.196538 ], [ 106.482182, -6.19078 ], [ 106.479057, -6.188509 ], [ 106.478366, -6.188408 ], [ 106.477879, -6.18838 ], [ 106.477196, -6.188507 ], [ 106.469667, -6.190234 ], [ 106.462713, -6.189426 ], [ 106.462207, -6.189587 ], [ 106.461827, -6.189797 ], [ 106.461501, -6.190048 ], [ 106.460295, -6.191183 ], [ 106.459917, -6.191537 ], [ 106.457228, -6.200037 ], [ 106.455771, -6.199858 ], [ 106.454867, -6.199538 ], [ 106.453279, -6.199126 ], [ 106.451387, -6.198827 ], [ 106.448881, -6.198584 ], [ 106.446374, -6.19834 ], [ 106.44428, -6.198137 ], [ 106.442187, -6.197934 ], [ 106.441839, -6.201517 ], [ 106.443933, -6.201721 ] ] ] } },
{ "type": "Feature", "properties": { "name": "Raxa Padel Club" }, "geometry": { "type": "Polygon", "coordinates": [ [ [ 106.334845, -6.167296 ], [ 106.337329, -6.168836 ], [ 106.342376, -6.174486 ], [ 106.345085, -6.176857 ], [ 106.352654, -6.177769 ], [ 106.354244, -6.178278 ], [ 106.354988, -6.178467 ], [ 106.356735, -6.178768 ], [ 106.357701, -6.178889 ], [ 106.358561, -6.178959 ], [ 106.360185, -6.178994 ], [ 106.364544, -6.178976 ], [ 106.368861, -6.178958 ], [ 106.371716, -6.178918 ], [ 106.373378, -6.178877 ], [ 106.376569, -6.178853 ], [ 106.379791, -6.178829 ], [ 106.382481, -6.178864 ], [ 106.383826, -6.178977 ], [ 106.389294, -6.180991 ], [ 106.391227, -6.182302 ], [ 106.391915, -6.182733 ], [ 106.392701, -6.183278 ], [ 106.393906, -6.183892 ], [ 106.395045, -6.184391 ], [ 106.396153, -6.184766 ], [ 106.397933, -6.185188 ], [ 106.399791, -6.185487 ], [ 106.402536, -6.185941 ], [ 106.403366, -6.186196 ], [ 106.404228, -6.186527 ], [ 106.406365, -6.187743 ], [ 106.407117, -6.188319 ], [ 106.408596, -6.189653 ], [ 106.410186, -6.191077 ], [ 106.41162, -6.19219 ], [ 106.413146, -6.193076 ], [ 106.413818, -6.19339 ], [ 106.414878, -6.193839 ], [ 106.416579, -6.194369 ], [ 106.418718, -6.202566 ], [ 106.416914, -6.203885 ], [ 106.416888, -6.204023 ], [ 106.416366, -6.206917 ], [ 106.416366, -6.206945 ], [ 106.416365, -6.20696 ], [ 106.416366, -6.206988 ], [ 106.41034, -6.212723 ], [ 106.407022, -6.211102 ], [ 106.404512, -6.208758 ], [ 106.39724, -6.207974 ], [ 106.394546, -6.20596 ], [ 106.387699, -6.205599 ], [ 106.386214, -6.20497 ], [ 106.384312, -6.205367 ], [ 106.382016, -6.206694 ], [ 106.378917, -6.208245 ], [ 106.377801, -6.209294 ], [ 106.377735, -6.209718 ], [ 106.377728, -6.209772 ], [ 106.377697, -6.21002 ], [ 106.379135, -6.211839 ], [ 106.379521, -6.211815 ], [ 106.379927, -6.211746 ], [ 106.387781, -6.212762 ], [ 106.391704, -6.217268 ], [ 106.392022, -6.221248 ], [ 106.392868, -6.224567 ], [ 106.395707, -6.226006 ], [ 106.403052, -6.228916 ], [ 106.402781, -6.232506 ], [ 106.405065, -6.233006 ], [ 106.405813, -6.233213 ], [ 106.411025, -6.240297 ], [ 106.410866, -6.241018 ], [ 106.412347, -6.243877 ], [ 106.412847, -6.243692 ], [ 106.41315, -6.24356 ], [ 106.413526, -6.243334 ], [ 106.420777, -6.248464 ], [ 106.420745, -6.248906 ], [ 106.42089, -6.251698 ], [ 106.42013, -6.254631 ], [ 106.420003, -6.254955 ], [ 106.420294, -6.25964 ], [ 106.420277, -6.259861 ], [ 106.421076, -6.262511 ], [ 106.422811, -6.264015 ], [ 106.422858, -6.264016 ], [ 106.424671, -6.262318 ], [ 106.426953, -6.257303 ], [ 106.430422, -6.254308 ], [ 106.431019, -6.253183 ], [ 106.434487, -6.246359 ], [ 106.435732, -6.244461 ], [ 106.435753, -6.244274 ], [ 106.435757, -6.24418 ], [ 106.43651, -6.236666 ], [ 106.437746, -6.234952 ], [ 106.443711, -6.229312 ], [ 106.444949, -6.228425 ], [ 106.453191, -6.231229 ], [ 106.45549, -6.234813 ], [ 106.455905, -6.235178 ], [ 106.463904, -6.237272 ], [ 106.464297, -6.242804 ], [ 106.464315, -6.242946 ], [ 106.465343, -6.250755 ], [ 106.463077, -6.252898 ], [ 106.463063, -6.253012 ], [ 106.463063, -6.253014 ], [ 106.463049, -6.253128 ], [ 106.463339, -6.257795 ], [ 106.460823, -6.263064 ], [ 106.460826, -6.263313 ], [ 106.461307, -6.26428 ], [ 106.461407, -6.264371 ], [ 106.467737, -6.265966 ], [ 106.469412, -6.265784 ], [ 106.472117, -6.265309 ], [ 106.472693, -6.265217 ], [ 106.472996, -6.265119 ], [ 106.476645, -6.264542 ], [ 106.4819, -6.26948 ], [ 106.484328, -6.27399 ], [ 106.485811, -6.27503 ], [ 106.486336, -6.275038 ], [ 106.492831, -6.278094 ], [ 106.494257, -6.28514 ], [ 106.494496, -6.285651 ], [ 106.496482, -6.292525 ], [ 106.495923, -6.29631 ], [ 106.495146, -6.298768 ], [ 106.49399, -6.302399 ], [ 106.494729, -6.3041 ], [ 106.495928, -6.305433 ], [ 106.498089, -6.305326 ], [ 106.50512, -6.306169 ], [ 106.51264, -6.308645 ], [ 106.520369, -6.312141 ], [ 106.52343, -6.315024 ], [ 106.527806, -6.317433 ], [ 106.528017, -6.317523 ], [ 106.531225, -6.316398 ], [ 106.536732, -6.319987 ], [ 106.538229, -6.325806 ], [ 106.538234, -6.326008 ], [ 106.53933, -6.327782 ], [ 106.539754, -6.328455 ], [ 106.543287, -6.330447 ], [ 106.543401, -6.330434 ], [ 106.547849, -6.331428 ], [ 106.55117, -6.338474 ], [ 106.550493, -6.340431 ], [ 106.550239, -6.341181 ], [ 106.550724, -6.344803 ], [ 106.54575, -6.350648 ], [ 106.545558, -6.350712 ], [ 106.544728, -6.351638 ], [ 106.544685, -6.352378 ], [ 106.546691, -6.354129 ], [ 106.551278, -6.360083 ], [ 106.551328, -6.362282 ], [ 106.551581, -6.362654 ], [ 106.551594, -6.362663 ], [ 106.554005, -6.362433 ], [ 106.554036, -6.362397 ], [ 106.555084, -6.361276 ], [ 106.560789, -6.357021 ], [ 106.562576, -6.35543 ], [ 106.570216, -6.35642 ], [ 106.571658, -6.357827 ], [ 106.571749, -6.357939 ], [ 106.574598, -6.359787 ], [ 106.574694, -6.359854 ], [ 106.57774, -6.362624 ], [ 106.582702, -6.367986 ], [ 106.582734, -6.371855 ], [ 106.582666, -6.372286 ], [ 106.582657, -6.372527 ], [ 106.582917, -6.377068 ], [ 106.583221, -6.379695 ], [ 106.583541, -6.379872 ], [ 106.585671, -6.379387 ], [ 106.588836, -6.377826 ], [ 106.589649, -6.376102 ], [ 106.589726, -6.375867 ], [ 106.589404, -6.371484 ], [ 106.59368, -6.367547 ], [ 106.595329, -6.366128 ], [ 106.595344, -6.366046 ], [ 106.595047, -6.364484 ], [ 106.594298, -6.358448 ], [ 106.594298, -6.358323 ], [ 106.588425, -6.355287 ], [ 106.587233, -6.352242 ], [ 106.58701, -6.351193 ], [ 106.588128, -6.344501 ], [ 106.595933, -6.344827 ], [ 106.598773, -6.347556 ], [ 106.6006, -6.348629 ], [ 106.600821, -6.348739 ], [ 106.601537, -6.349055 ], [ 106.601645, -6.34907 ], [ 106.604548, -6.347651 ], [ 106.604689, -6.347604 ], [ 106.606352, -6.346989 ], [ 106.614442, -6.349817 ], [ 106.614269, -6.352235 ], [ 106.614188, -6.353408 ], [ 106.613628, -6.355778 ], [ 106.614539, -6.3578 ], [ 106.61525, -6.357922 ], [ 106.616692, -6.35796 ], [ 106.617052, -6.35796 ], [ 106.618492, -6.356138 ], [ 106.618491, -6.356056 ], [ 106.619137, -6.351539 ], [ 106.624668, -6.34755 ], [ 106.633198, -6.347728 ], [ 106.633764, -6.351228 ], [ 106.633764, -6.351282 ], [ 106.635136, -6.354853 ], [ 106.634773, -6.35884 ], [ 106.634721, -6.359016 ], [ 106.634471, -6.361007 ], [ 106.634464, -6.36262 ], [ 106.635744, -6.364711 ], [ 106.635914, -6.364758 ], [ 106.637953, -6.363509 ], [ 106.637975, -6.363422 ], [ 106.638419, -6.361876 ], [ 106.640958, -6.356763 ], [ 106.64206, -6.354639 ], [ 106.650442, -6.351806 ], [ 106.651205, -6.352171 ], [ 106.655413, -6.350829 ], [ 106.655459, -6.350818 ], [ 106.656517, -6.349949 ], [ 106.657088, -6.349544 ], [ 106.661309, -6.347584 ], [ 106.668572, -6.347749 ], [ 106.670644, -6.348653 ], [ 106.671722, -6.349135 ], [ 106.67313, -6.349798 ], [ 106.673493, -6.349971 ], [ 106.676573, -6.35173 ], [ 106.677988, -6.358487 ], [ 106.677582, -6.36023 ], [ 106.676452, -6.363969 ], [ 106.675918, -6.366978 ], [ 106.675932, -6.367079 ], [ 106.680662, -6.374414 ], [ 106.68225, -6.375862 ], [ 106.682333, -6.375872 ], [ 106.684259, -6.374571 ], [ 106.684277, -6.374155 ], [ 106.683869, -6.368686 ], [ 106.683863, -6.368538 ], [ 106.683657, -6.367379 ], [ 106.683082, -6.366151 ], [ 106.683133, -6.361683 ], [ 106.691922, -6.362243 ], [ 106.693752, -6.36349 ], [ 106.695327, -6.365926 ], [ 106.695617, -6.36671 ], [ 106.696351, -6.369377 ], [ 106.701552, -6.374811 ], [ 106.703062, -6.377629 ], [ 106.705473, -6.38118 ], [ 106.705653, -6.381474 ], [ 106.70608, -6.38184 ], [ 106.712063, -6.384771 ], [ 106.714967, -6.385655 ], [ 106.722586, -6.385405 ], [ 106.724187, -6.386665 ], [ 106.724397, -6.386644 ], [ 106.730347, -6.389011 ], [ 106.729371, -6.39439 ], [ 106.727414, -6.396202 ], [ 106.722342, -6.398146 ], [ 106.722038, -6.398238 ], [ 106.721895, -6.398384 ], [ 106.720791, -6.400416 ], [ 106.718095, -6.404036 ], [ 106.717955, -6.404756 ], [ 106.71828, -6.405414 ], [ 106.721086, -6.411873 ], [ 106.721213, -6.412349 ], [ 106.721991, -6.419498 ], [ 106.722063, -6.420033 ], [ 106.71983, -6.427765 ], [ 106.717186, -6.429375 ], [ 106.715792, -6.431559 ], [ 106.715799, -6.431583 ], [ 106.717736, -6.432933 ], [ 106.717818, -6.43292 ], [ 106.723697, -6.432574 ], [ 106.724845, -6.432949 ], [ 106.72834, -6.440794 ], [ 106.72945, -6.444433 ], [ 106.729765, -6.450257 ], [ 106.729616, -6.451414 ], [ 106.729514, -6.452661 ], [ 106.731121, -6.45343 ], [ 106.731289, -6.453441 ], [ 106.733087, -6.4531 ], [ 106.73456, -6.44932 ], [ 106.73473, -6.448934 ], [ 106.734768, -6.448833 ], [ 106.734912, -6.44828 ], [ 106.737894, -6.440369 ], [ 106.737913, -6.440315 ], [ 106.738226, -6.437371 ], [ 106.738268, -6.436779 ], [ 106.736518, -6.428028 ], [ 106.736558, -6.427767 ], [ 106.736914, -6.424647 ], [ 106.738815, -6.420934 ], [ 106.740154, -6.419696 ], [ 106.740356, -6.419494 ], [ 106.748533, -6.423221 ], [ 106.748566, -6.423309 ], [ 106.749541, -6.424805 ], [ 106.750439, -6.428503 ], [ 106.750401, -6.430481 ], [ 106.750431, -6.430529 ], [ 106.751513, -6.431008 ], [ 106.751637, -6.431041 ], [ 106.753312, -6.430672 ], [ 106.753361, -6.430607 ], [ 106.753478, -6.428612 ], [ 106.754806, -6.425209 ], [ 106.756034, -6.423122 ], [ 106.763776, -6.426905 ], [ 106.763871, -6.427049 ], [ 106.765202, -6.427614 ], [ 106.765294, -6.427609 ], [ 106.765997, -6.427566 ], [ 106.76606, -6.427539 ], [ 106.771636, -6.422181 ], [ 106.773405, -6.420675 ], [ 106.780754, -6.422702 ], [ 106.782445, -6.424198 ], [ 106.78279, -6.424188 ], [ 106.784353, -6.422614 ], [ 106.784347, -6.422349 ], [ 106.790659, -6.416591 ], [ 106.79427, -6.419876 ], [ 106.794871, -6.421108 ], [ 106.794877, -6.421113 ], [ 106.795706, -6.420923 ], [ 106.797791, -6.4202 ], [ 106.797847, -6.420079 ], [ 106.797868, -6.419733 ], [ 106.797866, -6.419692 ], [ 106.797333, -6.41807 ], [ 106.79678, -6.416295 ], [ 106.796415, -6.41503 ], [ 106.796194, -6.414568 ], [ 106.800242, -6.406793 ], [ 106.800256, -6.406784 ], [ 106.808612, -6.404335 ], [ 106.8108, -6.40628 ], [ 106.812452, -6.407602 ], [ 106.812777, -6.407627 ], [ 106.8144, -6.406299 ], [ 106.820537, -6.401062 ], [ 106.825354, -6.397773 ], [ 106.830394, -6.393037 ], [ 106.830444, -6.392865 ], [ 106.832131, -6.388333 ], [ 106.83423, -6.383496 ], [ 106.842792, -6.384045 ], [ 106.85047, -6.387423 ], [ 106.851596, -6.3887 ], [ 106.851784, -6.388718 ], [ 106.854054, -6.387761 ], [ 106.860603, -6.386477 ], [ 106.86252, -6.39295 ], [ 106.862339, -6.393287 ], [ 106.861609, -6.394248 ], [ 106.861574, -6.394311 ], [ 106.859698, -6.39889 ], [ 106.859116, -6.400102 ], [ 106.859275, -6.400695 ], [ 106.860392, -6.406435 ], [ 106.859716, -6.410183 ], [ 106.86079, -6.412207 ], [ 106.860802, -6.412212 ], [ 106.86313, -6.411328 ], [ 106.863199, -6.411122 ], [ 106.86459, -6.406116 ], [ 106.870109, -6.403074 ], [ 106.871683, -6.40178 ], [ 106.87522, -6.395156 ], [ 106.875437, -6.394858 ], [ 106.879713, -6.387637 ], [ 106.886489, -6.386588 ], [ 106.88861, -6.387167 ], [ 106.889847, -6.387556 ], [ 106.89065, -6.387843 ], [ 106.890796, -6.387888 ], [ 106.891984, -6.388317 ], [ 106.893045, -6.388674 ], [ 106.893707, -6.38888 ], [ 106.894818, -6.389192 ], [ 106.896708, -6.389687 ], [ 106.897607, -6.389851 ], [ 106.89865, -6.390019 ], [ 106.899225, -6.386466 ], [ 106.898182, -6.386297 ], [ 106.893415, -6.384437 ], [ 106.889693, -6.383734 ], [ 106.887439, -6.383116 ], [ 106.886545, -6.38289 ], [ 106.883906, -6.382359 ], [ 106.881058, -6.374987 ], [ 106.881129, -6.374686 ], [ 106.878913, -6.372814 ], [ 106.876529, -6.369595 ], [ 106.876247, -6.369454 ], [ 106.875577, -6.369124 ], [ 106.875376, -6.369038 ], [ 106.868306, -6.365136 ], [ 106.867756, -6.36322 ], [ 106.867658, -6.362945 ], [ 106.867125, -6.362392 ], [ 106.866445, -6.362056 ], [ 106.86394, -6.353465 ], [ 106.864294, -6.351063 ], [ 106.864287, -6.351053 ], [ 106.862022, -6.350419 ], [ 106.861836, -6.350537 ], [ 106.855165, -6.354002 ], [ 106.854375, -6.357262 ], [ 106.85433, -6.357556 ], [ 106.854472, -6.358997 ], [ 106.853474, -6.367864 ], [ 106.852375, -6.368659 ], [ 106.84579, -6.370341 ], [ 106.845461, -6.370358 ], [ 106.843345, -6.370765 ], [ 106.835731, -6.366744 ], [ 106.835548, -6.364393 ], [ 106.835421, -6.363353 ], [ 106.835316, -6.362248 ], [ 106.8344, -6.357798 ], [ 106.83377, -6.35613 ], [ 106.832388, -6.35619 ], [ 106.831242, -6.356069 ], [ 106.827266, -6.349211 ], [ 106.830115, -6.346217 ], [ 106.833966, -6.34603 ], [ 106.834039, -6.345956 ], [ 106.834161, -6.34577 ], [ 106.832454, -6.342049 ], [ 106.830925, -6.34054 ], [ 106.830763, -6.340481 ], [ 106.826791, -6.337429 ], [ 106.825837, -6.335091 ], [ 106.833336, -6.330824 ], [ 106.835415, -6.331329 ], [ 106.835618, -6.331246 ], [ 106.839723, -6.325565 ], [ 106.841203, -6.324232 ], [ 106.843465, -6.316182 ], [ 106.850677, -6.311521 ], [ 106.855937, -6.317653 ], [ 106.856024, -6.317749 ], [ 106.857825, -6.318448 ], [ 106.865045, -6.322621 ], [ 106.865318, -6.322899 ], [ 106.865336, -6.322898 ], [ 106.867013, -6.32139 ], [ 106.867881, -6.319287 ], [ 106.868127, -6.318767 ], [ 106.868638, -6.317763 ], [ 106.868757, -6.317512 ], [ 106.871451, -6.31043 ], [ 106.87396, -6.309925 ], [ 106.877451, -6.308889 ], [ 106.884129, -6.313468 ], [ 106.884498, -6.315035 ], [ 106.884668, -6.315824 ], [ 106.884882, -6.316958 ], [ 106.88499, -6.31756 ], [ 106.885067, -6.318124 ], [ 106.88515, -6.318926 ], [ 106.885179, -6.319243 ], [ 106.885248, -6.320799 ], [ 106.885297, -6.323291 ], [ 106.885349, -6.325843 ], [ 106.885422, -6.327192 ], [ 106.885439, -6.328265 ], [ 106.885526, -6.330492 ], [ 106.885827, -6.332552 ], [ 106.886215, -6.334678 ], [ 106.886716, -6.337439 ], [ 106.886806, -6.337752 ], [ 106.887284, -6.340399 ], [ 106.887849, -6.343347 ], [ 106.888224, -6.345367 ], [ 106.888559, -6.34687 ], [ 106.889279, -6.349555 ], [ 106.890133, -6.352478 ], [ 106.89092, -6.355317 ], [ 106.891255, -6.356592 ], [ 106.891413, -6.357335 ], [ 106.891775, -6.359318 ], [ 106.895316, -6.358672 ], [ 106.894955, -6.356689 ], [ 106.894776, -6.355844 ], [ 106.894404, -6.35441 ], [ 106.893602, -6.351515 ], [ 106.892735, -6.348547 ], [ 106.892037, -6.345938 ], [ 106.891739, -6.344588 ], [ 106.891389, -6.342692 ], [ 106.891164, -6.340298 ], [ 106.891119, -6.340042 ], [ 106.89078, -6.338749 ], [ 106.890416, -6.337154 ], [ 106.889756, -6.334033 ], [ 106.889369, -6.331907 ], [ 106.889094, -6.330017 ], [ 106.889036, -6.328138 ], [ 106.889021, -6.327137 ], [ 106.888944, -6.325652 ], [ 106.888897, -6.32322 ], [ 106.894131, -6.316731 ], [ 106.896478, -6.316841 ], [ 106.896505, -6.316844 ], [ 106.898459, -6.317036 ], [ 106.898658, -6.317051 ], [ 106.899202, -6.31701 ], [ 106.900029, -6.316878 ], [ 106.902718, -6.316583 ], [ 106.902793, -6.316573 ], [ 106.907742, -6.315904 ], [ 106.907943, -6.3159 ], [ 106.911471, -6.3159 ], [ 106.911744, -6.315912 ], [ 106.911882, -6.315913 ], [ 106.912171, -6.315904 ], [ 106.918978, -6.313382 ], [ 106.921798, -6.312888 ], [ 106.924217, -6.312481 ], [ 106.926631, -6.312074 ], [ 106.929311, -6.311631 ], [ 106.930751, -6.311405 ], [ 106.931721, -6.311205 ], [ 106.932744, -6.310954 ], [ 106.931885, -6.307458 ], [ 106.930862, -6.307709 ], [ 106.930031, -6.307878 ], [ 106.924241, -6.301142 ], [ 106.925597, -6.298811 ], [ 106.925565, -6.29873 ], [ 106.924129, -6.295683 ], [ 106.92503, -6.288814 ], [ 106.929294, -6.286711 ], [ 106.930622, -6.286654 ], [ 106.931844, -6.286111 ], [ 106.933283, -6.284591 ], [ 106.933367, -6.284322 ], [ 106.935197, -6.278615 ], [ 106.935256, -6.278522 ], [ 106.941851, -6.273236 ], [ 106.95027, -6.276125 ], [ 106.951702, -6.276655 ], [ 106.95756, -6.281449 ], [ 106.957486, -6.284391 ], [ 106.957371, -6.28684 ], [ 106.957277, -6.287657 ], [ 106.957222, -6.288057 ], [ 106.956884, -6.289539 ], [ 106.956386, -6.291075 ], [ 106.9598, -6.292218 ], [ 106.960248, -6.290878 ], [ 106.96036, -6.290476 ], [ 106.960731, -6.28886 ], [ 106.960837, -6.288198 ], [ 106.960947, -6.287256 ], [ 106.961082, -6.284566 ], [ 106.961158, -6.28154 ], [ 106.961233, -6.278555 ], [ 106.961223, -6.276511 ], [ 106.961118, -6.274729 ], [ 106.960839, -6.271402 ], [ 106.963486, -6.265118 ], [ 106.963493, -6.265095 ], [ 106.962634, -6.262006 ], [ 106.966066, -6.255695 ], [ 106.967009, -6.255204 ], [ 106.968428, -6.254344 ], [ 106.969766, -6.253477 ], [ 106.971665, -6.252273 ], [ 106.97277, -6.251692 ], [ 106.981571, -6.251127 ], [ 106.982439, -6.251436 ], [ 106.983196, -6.251745 ], [ 106.984017, -6.252104 ], [ 106.985831, -6.252954 ], [ 106.986982, -6.253595 ], [ 106.987882, -6.254005 ], [ 106.989125, -6.254606 ], [ 106.991325, -6.255509 ], [ 106.992646, -6.255992 ], [ 106.993819, -6.256402 ], [ 106.995317, -6.256897 ], [ 106.998453, -6.258029 ], [ 107.000876, -6.258875 ], [ 107.003299, -6.259721 ], [ 107.005722, -6.260567 ], [ 107.008135, -6.26141 ], [ 107.010524, -6.262258 ], [ 107.012912, -6.263106 ], [ 107.014117, -6.259714 ], [ 107.011728, -6.258865 ], [ 107.00934, -6.258017 ], [ 107.008018, -6.257467 ], [ 107.006908, -6.257168 ], [ 107.004027, -6.256075 ], [ 107.002063, -6.255476 ], [ 107.000035, -6.254683 ], [ 106.994797, -6.248206 ], [ 106.994457, -6.244622 ], [ 106.994152, -6.244651 ], [ 106.993081, -6.244899 ], [ 106.99022, -6.24572 ], [ 106.981787, -6.246213 ], [ 106.980978, -6.246124 ], [ 106.980267, -6.246016 ], [ 106.978973, -6.245872 ], [ 106.97159, -6.240959 ], [ 106.968518, -6.239082 ], [ 106.968322, -6.239403 ], [ 106.966007, -6.241437 ], [ 106.959255, -6.235618 ], [ 106.959296, -6.235393 ], [ 106.958388, -6.234135 ], [ 106.95822, -6.234044 ], [ 106.954213, -6.226069 ], [ 106.95438, -6.224918 ], [ 106.954478, -6.224064 ], [ 106.954632, -6.222257 ], [ 106.954279, -6.216079 ], [ 106.953886, -6.214155 ], [ 106.953714, -6.213619 ], [ 106.953454, -6.212965 ], [ 106.950109, -6.214298 ], [ 106.948304, -6.221388 ], [ 106.948294, -6.221928 ], [ 106.943354, -6.229298 ], [ 106.935549, -6.228819 ], [ 106.931152, -6.225885 ], [ 106.925795, -6.220775 ], [ 106.925722, -6.21647 ], [ 106.925723, -6.216453 ], [ 106.925007, -6.214162 ], [ 106.924902, -6.214147 ], [ 106.923815, -6.214122 ], [ 106.920957, -6.21366 ], [ 106.920488, -6.213593 ], [ 106.917441, -6.213222 ], [ 106.914431, -6.212856 ], [ 106.911783, -6.21251 ], [ 106.910409, -6.212346 ], [ 106.90798, -6.204296 ], [ 106.908107, -6.203997 ], [ 106.907899, -6.202594 ], [ 106.906873, -6.197234 ], [ 106.907364, -6.194341 ], [ 106.907466, -6.193639 ], [ 106.907985, -6.191562 ], [ 106.915295, -6.187648 ], [ 106.91648, -6.187702 ], [ 106.916924, -6.187697 ], [ 106.918893, -6.187528 ], [ 106.923562, -6.185823 ], [ 106.926961, -6.185307 ], [ 106.927273, -6.185275 ], [ 106.928549, -6.183819 ], [ 106.928555, -6.183783 ], [ 106.926901, -6.181694 ], [ 106.920012, -6.177138 ], [ 106.918129, -6.17625 ], [ 106.913328, -6.174372 ], [ 106.913273, -6.17435 ], [ 106.907293, -6.174485 ], [ 106.903842, -6.168253 ], [ 106.905081, -6.164127 ], [ 106.906134, -6.162834 ], [ 106.906525, -6.162202 ], [ 106.906832, -6.160883 ], [ 106.906839, -6.160757 ], [ 106.908889, -6.152074 ], [ 106.907904, -6.151454 ], [ 106.904711, -6.143193 ], [ 106.905196, -6.141595 ], [ 106.905315, -6.140166 ], [ 106.905304, -6.140033 ], [ 106.908217, -6.134461 ], [ 106.913718, -6.134881 ], [ 106.913763, -6.134878 ], [ 106.916136, -6.134613 ], [ 106.918127, -6.134496 ], [ 106.923691, -6.132207 ], [ 106.924867, -6.131767 ], [ 106.932003, -6.136034 ], [ 106.932228, -6.136543 ], [ 106.932582, -6.13705 ], [ 106.933115, -6.137509 ], [ 106.933546, -6.137754 ], [ 106.938409, -6.14524 ], [ 106.938473, -6.146027 ], [ 106.938619, -6.147272 ], [ 106.942219, -6.147225 ], [ 106.942211, -6.146654 ], [ 106.942183, -6.145777 ], [ 106.942036, -6.144159 ], [ 106.941564, -6.138738 ], [ 106.941541, -6.138582 ], [ 106.940686, -6.13722 ], [ 106.94164, -6.128315 ], [ 106.940334, -6.12496 ], [ 106.933205, -6.12043 ], [ 106.936447, -6.115601 ], [ 106.938194, -6.114588 ], [ 106.938593, -6.114247 ], [ 106.94433, -6.111946 ], [ 106.944751, -6.111949 ], [ 106.945336, -6.111647 ], [ 106.945468, -6.111559 ], [ 106.944775, -6.108349 ], [ 106.943767, -6.101408 ], [ 106.943835, -6.099301 ], [ 106.943805, -6.099256 ], [ 106.936841, -6.096595 ], [ 106.936446, -6.096734 ], [ 106.936175, -6.096856 ], [ 106.934192, -6.097722 ], [ 106.926904, -6.096833 ], [ 106.926557, -6.096869 ], [ 106.918817, -6.098087 ], [ 106.916259, -6.099492 ], [ 106.91557, -6.09981 ], [ 106.915167, -6.10008 ], [ 106.914831, -6.10037 ], [ 106.91443, -6.100833 ], [ 106.906813, -6.101763 ], [ 106.904921, -6.09833 ], [ 106.904901, -6.09831 ], [ 106.902568, -6.096426 ], [ 106.900139, -6.095995 ], [ 106.897754, -6.0959 ], [ 106.893125, -6.097901 ], [ 106.885571, -6.096848 ], [ 106.884949, -6.096826 ], [ 106.879418, -6.097307 ], [ 106.877647, -6.098686 ], [ 106.877592, -6.099031 ], [ 106.877583, -6.09926 ], [ 106.871974, -6.105658 ], [ 106.869903, -6.105125 ], [ 106.865242, -6.108405 ], [ 106.864713, -6.108792 ], [ 106.864313, -6.10936 ], [ 106.86241, -6.112374 ], [ 106.856204, -6.115378 ], [ 106.855805, -6.115438 ], [ 106.849724, -6.118323 ], [ 106.847334, -6.118981 ], [ 106.845192, -6.11938 ], [ 106.84489, -6.119445 ], [ 106.844335, -6.119641 ], [ 106.840373, -6.121521 ], [ 106.83543, -6.121605 ], [ 106.829144, -6.118714 ], [ 106.820578, -6.116935 ], [ 106.818102, -6.115742 ], [ 106.817245, -6.115619 ], [ 106.809042, -6.116164 ], [ 106.80683, -6.110771 ], [ 106.806645, -6.109863 ], [ 106.80542, -6.10608 ], [ 106.805221, -6.105018 ], [ 106.804891, -6.101888 ], [ 106.804849, -6.101587 ], [ 106.804806, -6.101347 ], [ 106.804672, -6.100592 ], [ 106.804557, -6.099947 ], [ 106.804411, -6.099125 ], [ 106.804263, -6.098289 ], [ 106.804117, -6.097472 ], [ 106.803887, -6.096174 ], [ 106.803785, -6.095601 ], [ 106.803705, -6.095151 ], [ 106.803136, -6.094689 ], [ 106.800015, -6.096884 ], [ 106.799234, -6.098191 ], [ 106.799361, -6.098947 ], [ 106.799612, -6.100534 ], [ 106.799841, -6.101801 ], [ 106.796855, -6.109 ], [ 106.79193, -6.109899 ], [ 106.790052, -6.109798 ], [ 106.789919, -6.109792 ], [ 106.782896, -6.111219 ], [ 106.780881, -6.108071 ], [ 106.776497, -6.103987 ], [ 106.775848, -6.103423 ], [ 106.775635, -6.10334 ], [ 106.769319, -6.102662 ], [ 106.768719, -6.103061 ], [ 106.768639, -6.103116 ], [ 106.763462, -6.104816 ], [ 106.759582, -6.102845 ], [ 106.758637, -6.102846 ], [ 106.757711, -6.102964 ], [ 106.755816, -6.102773 ], [ 106.751433, -6.09508 ], [ 106.75156, -6.0946 ], [ 106.754244, -6.09068 ], [ 106.754784, -6.089825 ], [ 106.754876, -6.08903 ], [ 106.755035, -6.085547 ], [ 106.756496, -6.080789 ], [ 106.756608, -6.080427 ], [ 106.756131, -6.078551 ], [ 106.75309, -6.079623 ], [ 106.752365, -6.080261 ], [ 106.750973, -6.081463 ], [ 106.75048, -6.082031 ], [ 106.749135, -6.085 ], [ 106.740901, -6.086433 ], [ 106.739734, -6.085436 ], [ 106.73943, -6.085152 ], [ 106.737378, -6.083489 ], [ 106.736225, -6.082636 ], [ 106.735274, -6.081839 ], [ 106.734144, -6.081363 ], [ 106.727286, -6.083886 ], [ 106.725094, -6.083083 ], [ 106.722907, -6.08128 ], [ 106.721596, -6.080016 ], [ 106.720029, -6.077617 ], [ 106.717619, -6.074462 ], [ 106.717141, -6.073651 ], [ 106.715513, -6.071279 ], [ 106.715067, -6.070514 ], [ 106.712007, -6.062581 ], [ 106.711853, -6.061763 ], [ 106.711699, -6.060946 ], [ 106.711546, -6.060135 ], [ 106.711394, -6.059323 ], [ 106.709735, -6.056183 ], [ 106.709117, -6.049894 ], [ 106.709105, -6.049323 ], [ 106.708957, -6.048732 ], [ 106.70879, -6.048375 ], [ 106.708529, -6.047981 ], [ 106.708143, -6.047592 ], [ 106.707334, -6.046985 ], [ 106.706967, -6.046739 ], [ 106.705841, -6.046065 ], [ 106.70525, -6.045746 ], [ 106.704761, -6.045506 ], [ 106.698235, -6.039759 ], [ 106.697907, -6.037376 ], [ 106.697881, -6.036716 ], [ 106.697781, -6.036075 ], [ 106.6976, -6.035464 ], [ 106.697325, -6.034857 ], [ 106.697155, -6.034568 ], [ 106.695561, -6.033058 ], [ 106.694795, -6.032505 ], [ 106.69403, -6.032084 ], [ 106.693051, -6.031647 ], [ 106.692033, -6.031192 ], [ 106.690752, -6.032786 ], [ 106.690364, -6.033654 ], [ 106.690566, -6.034479 ], [ 106.690712, -6.041524 ], [ 106.685917, -6.046884 ], [ 106.682745, -6.05121 ], [ 106.68264, -6.051407 ], [ 106.68066, -6.056784 ], [ 106.679992, -6.058086 ], [ 106.679642, -6.058718 ], [ 106.675641, -6.063854 ], [ 106.675221, -6.064729 ], [ 106.674184, -6.066701 ], [ 106.673665, -6.067789 ], [ 106.664751, -6.06741 ], [ 106.662093, -6.064982 ], [ 106.65623, -6.060052 ], [ 106.655449, -6.058337 ], [ 106.653703, -6.051462 ], [ 106.653584, -6.051259 ], [ 106.652229, -6.050134 ], [ 106.651339, -6.050503 ], [ 106.648643, -6.051784 ], [ 106.641746, -6.051283 ], [ 106.640523, -6.053755 ], [ 106.632315, -6.056517 ], [ 106.631757, -6.056398 ], [ 106.62619, -6.057713 ], [ 106.624637, -6.058529 ], [ 106.624476, -6.059047 ], [ 106.625233, -6.061184 ], [ 106.63017, -6.067189 ], [ 106.630708, -6.068128 ], [ 106.63458, -6.075593 ], [ 106.632379, -6.083632 ], [ 106.629918, -6.086143 ], [ 106.628094, -6.089246 ], [ 106.626102, -6.097342 ], [ 106.626014, -6.098279 ], [ 106.625392, -6.103556 ], [ 106.62507, -6.107141 ], [ 106.624453, -6.112792 ], [ 106.618399, -6.115069 ], [ 106.617697, -6.115114 ], [ 106.611312, -6.117454 ], [ 106.604204, -6.117116 ], [ 106.603986, -6.117082 ], [ 106.598503, -6.117922 ], [ 106.594461, -6.117305 ], [ 106.590978, -6.116396 ], [ 106.584142, -6.116281 ], [ 106.576147, -6.113614 ], [ 106.574355, -6.111467 ], [ 106.572115, -6.109582 ], [ 106.571189, -6.10868 ], [ 106.56818, -6.106355 ], [ 106.565489, -6.108746 ], [ 106.565173, -6.114662 ], [ 106.559125, -6.120345 ], [ 106.558907, -6.12122 ], [ 106.559224, -6.122592 ], [ 106.561357, -6.127197 ], [ 106.55751, -6.133713 ], [ 106.556104, -6.135858 ], [ 106.547832, -6.132338 ], [ 106.546809, -6.130158 ], [ 106.546659, -6.130105 ], [ 106.544716, -6.130535 ], [ 106.537627, -6.132049 ], [ 106.534887, -6.130379 ], [ 106.529437, -6.126599 ], [ 106.52912, -6.123195 ], [ 106.528418, -6.121294 ], [ 106.528312, -6.121229 ], [ 106.522842, -6.12003 ], [ 106.520872, -6.12095 ], [ 106.515518, -6.125435 ], [ 106.514487, -6.126522 ], [ 106.51446, -6.126573 ], [ 106.514243, -6.127296 ], [ 106.514241, -6.127304 ], [ 106.51475, -6.128952 ], [ 106.512801, -6.137083 ], [ 106.511491, -6.138062 ], [ 106.507349, -6.140161 ], [ 106.506037, -6.141792 ], [ 106.506029, -6.141927 ], [ 106.508104, -6.143681 ], [ 106.508212, -6.143658 ], [ 106.514711, -6.14835 ], [ 106.512309, -6.152683 ], [ 106.511695, -6.153951 ], [ 106.505802, -6.157355 ], [ 106.505517, -6.157401 ], [ 106.504304, -6.158759 ], [ 106.497865, -6.162422 ], [ 106.495677, -6.163983 ], [ 106.49458, -6.165146 ], [ 106.494528, -6.165506 ], [ 106.495273, -6.167561 ], [ 106.495841, -6.168206 ], [ 106.495376, -6.17681 ], [ 106.489343, -6.175088 ], [ 106.487759, -6.173372 ], [ 106.487564, -6.173159 ], [ 106.485177, -6.172109 ], [ 106.48283, -6.165776 ], [ 106.483423, -6.164008 ], [ 106.483404, -6.16361 ], [ 106.482445, -6.162196 ], [ 106.477992, -6.160497 ], [ 106.477646, -6.160634 ], [ 106.473757, -6.163071 ], [ 106.473209, -6.164207 ], [ 106.471889, -6.165866 ], [ 106.471888, -6.166509 ], [ 106.471924, -6.167717 ], [ 106.472441, -6.170758 ], [ 106.47236, -6.17217 ], [ 106.472418, -6.172611 ], [ 106.472525, -6.174315 ], [ 106.472567, -6.174904 ], [ 106.46565, -6.179304 ], [ 106.463934, -6.177585 ], [ 106.462711, -6.175162 ], [ 106.462655, -6.174945 ], [ 106.46257, -6.174846 ], [ 106.460497, -6.16868 ], [ 106.460759, -6.162166 ], [ 106.460899, -6.161811 ], [ 106.458768, -6.160296 ], [ 106.45797, -6.160059 ], [ 106.453018, -6.161908 ], [ 106.452936, -6.161934 ], [ 106.44526, -6.160385 ], [ 106.444622, -6.157292 ], [ 106.442976, -6.156 ], [ 106.44238, -6.155877 ], [ 106.442187, -6.155856 ], [ 106.441198, -6.156181 ], [ 106.432207, -6.156207 ], [ 106.426147, -6.152764 ], [ 106.424688, -6.150809 ], [ 106.424601, -6.150677 ], [ 106.423373, -6.149295 ], [ 106.423304, -6.149274 ], [ 106.422238, -6.14933 ], [ 106.422237, -6.14933 ], [ 106.415873, -6.155337 ], [ 106.415813, -6.155537 ], [ 106.417106, -6.1578 ], [ 106.420715, -6.160549 ], [ 106.424625, -6.162344 ], [ 106.428959, -6.169115 ], [ 106.42745, -6.171207 ], [ 106.42751, -6.172154 ], [ 106.427555, -6.172265 ], [ 106.427775, -6.172669 ], [ 106.427947, -6.17291 ], [ 106.428245, -6.180795 ], [ 106.42221, -6.183331 ], [ 106.4203, -6.183591 ], [ 106.417622, -6.184836 ], [ 106.417297, -6.18499 ], [ 106.408393, -6.184768 ], [ 106.407274, -6.184019 ], [ 106.406428, -6.183577 ], [ 106.405503, -6.18316 ], [ 106.404414, -6.182752 ], [ 106.403406, -6.182448 ], [ 106.402212, -6.182164 ], [ 106.400355, -6.181932 ], [ 106.393821, -6.179679 ], [ 106.393252, -6.179326 ], [ 106.391192, -6.177932 ], [ 106.390497, -6.177502 ], [ 106.389753, -6.177083 ], [ 106.388916, -6.176666 ], [ 106.388102, -6.176329 ], [ 106.387366, -6.176078 ], [ 106.386173, -6.175739 ], [ 106.38516, -6.175535 ], [ 106.384117, -6.175389 ], [ 106.382527, -6.175264 ], [ 106.379765, -6.175229 ], [ 106.376542, -6.175253 ], [ 106.373289, -6.175278 ], [ 106.371665, -6.175318 ], [ 106.368846, -6.175358 ], [ 106.364529, -6.175376 ], [ 106.360255, -6.175395 ], [ 106.358141, -6.175316 ], [ 106.351025, -6.173018 ], [ 106.350625, -6.172794 ], [ 106.349425, -6.172073 ], [ 106.347884, -6.171123 ], [ 106.346314, -6.170155 ], [ 106.345014, -6.169315 ], [ 106.34245, -6.167734 ], [ 106.340831, -6.166751 ], [ 106.339226, -6.165776 ], [ 106.336742, -6.164236 ], [ 106.334259, -6.162697 ], [ 106.332362, -6.165757 ], [ 106.334845, -6.167296 ] ] ] } },
{ "type": "Feature", "properties": { "name": "SERV Padel - Alam Sutera" }, "geometry": { "type": "Polygon", "coordinates": [ [ [ 106.4087, -6.189746 ], [ 106.410186, -6.191077 ], [ 106.41162, -6.19219 ], [ 106.413146, -6.193076 ], [ 106.413818, -6.19339 ], [ 106.414878, -6.193839 ], [ 106.416579, -6.194369 ], [ 106.417845, -6.194623 ], [ 106.4191, -6.194782 ], [ 106.420545, -6.194854 ], [ 106.422366, -6.194908 ], [ 106.424093, -6.194985 ], [ 106.431901, -6.197863 ], [ 106.434041, -6.199136 ], [ 106.435678, -6.199931 ], [ 106.437481, -6.200622 ], [ 106.439548, -6.201179 ], [ 106.440877, -6.201419 ], [ 106.446334, -6.20631 ], [ 106.444039, -6.21013 ], [ 106.442331, -6.213392 ], [ 106.441965, -6.213797 ], [ 106.441312, -6.214606 ], [ 106.440396, -6.216333 ], [ 106.441426, -6.218601 ], [ 106.441611, -6.218685 ], [ 106.443286, -6.218479 ], [ 106.4447, -6.217251 ], [ 106.447049, -6.215485 ], [ 106.4504, -6.212123 ], [ 106.456165, -6.211661 ], [ 106.458239, -6.210703 ], [ 106.465297, -6.207606 ], [ 106.470573, -6.21471 ], [ 106.47062, -6.214963 ], [ 106.467735, -6.222953 ], [ 106.468028, -6.223977 ], [ 106.46822, -6.22442 ], [ 106.469757, -6.226513 ], [ 106.470429, -6.227511 ], [ 106.470858, -6.228177 ], [ 106.47269, -6.228173 ], [ 106.47299, -6.228037 ], [ 106.473885, -6.226228 ], [ 106.475804, -6.221639 ], [ 106.482934, -6.219501 ], [ 106.483161, -6.219523 ], [ 106.490553, -6.222506 ], [ 106.493937, -6.225019 ], [ 106.493801, -6.233267 ], [ 106.490319, -6.239857 ], [ 106.490176, -6.240143 ], [ 106.488528, -6.244438 ], [ 106.488244, -6.244873 ], [ 106.488874, -6.246804 ], [ 106.488951, -6.246862 ], [ 106.491255, -6.246846 ], [ 106.49154, -6.246411 ], [ 106.493865, -6.24337 ], [ 106.494795, -6.242257 ], [ 106.497005, -6.240661 ], [ 106.500253, -6.239843 ], [ 106.500992, -6.239515 ], [ 106.507762, -6.245368 ], [ 106.50775, -6.245462 ], [ 106.507748, -6.246052 ], [ 106.508057, -6.249088 ], [ 106.509448, -6.2518 ], [ 106.511012, -6.253313 ], [ 106.513955, -6.255274 ], [ 106.513223, -6.262975 ], [ 106.514854, -6.266184 ], [ 106.519251, -6.265973 ], [ 106.5233, -6.272157 ], [ 106.523406, -6.272326 ], [ 106.523769, -6.272787 ], [ 106.524212, -6.273192 ], [ 106.525737, -6.274113 ], [ 106.529476, -6.281006 ], [ 106.529817, -6.283356 ], [ 106.527031, -6.291537 ], [ 106.525972, -6.29306 ], [ 106.52544, -6.299294 ], [ 106.525504, -6.299601 ], [ 106.526801, -6.300684 ], [ 106.529189, -6.309238 ], [ 106.529154, -6.309473 ], [ 106.530524, -6.311497 ], [ 106.535843, -6.315528 ], [ 106.537537, -6.319328 ], [ 106.540974, -6.326429 ], [ 106.544691, -6.329412 ], [ 106.546572, -6.330277 ], [ 106.547192, -6.330449 ], [ 106.549281, -6.330719 ], [ 106.554212, -6.333563 ], [ 106.55426, -6.341891 ], [ 106.552735, -6.343719 ], [ 106.552992, -6.344315 ], [ 106.554336, -6.349793 ], [ 106.553462, -6.354965 ], [ 106.55336, -6.35531 ], [ 106.553801, -6.356976 ], [ 106.555475, -6.358103 ], [ 106.555793, -6.358227 ], [ 106.557068, -6.358231 ], [ 106.559705, -6.35575 ], [ 106.560686, -6.354462 ], [ 106.563292, -6.351623 ], [ 106.570974, -6.353312 ], [ 106.571745, -6.355207 ], [ 106.571805, -6.355413 ], [ 106.57311, -6.356592 ], [ 106.57426, -6.357783 ], [ 106.576387, -6.359932 ], [ 106.580254, -6.361377 ], [ 106.584046, -6.3687 ], [ 106.584035, -6.369248 ], [ 106.584086, -6.369954 ], [ 106.587683, -6.369813 ], [ 106.593482, -6.374446 ], [ 106.592156, -6.383164 ], [ 106.590971, -6.386567 ], [ 106.590983, -6.387083 ], [ 106.590955, -6.389027 ], [ 106.5925, -6.390199 ], [ 106.592807, -6.390268 ], [ 106.598325, -6.39733 ], [ 106.598245, -6.397726 ], [ 106.598528, -6.399454 ], [ 106.601432, -6.405362 ], [ 106.602219, -6.407158 ], [ 106.602222, -6.407161 ], [ 106.606518, -6.414933 ], [ 106.605047, -6.41636 ], [ 106.603195, -6.417158 ], [ 106.602792, -6.417491 ], [ 106.602909, -6.419636 ], [ 106.60306, -6.419835 ], [ 106.605085, -6.420266 ], [ 106.612457, -6.4212 ], [ 106.615165, -6.423388 ], [ 106.615603, -6.423798 ], [ 106.61606, -6.424115 ], [ 106.616239, -6.424209 ], [ 106.61673, -6.424424 ], [ 106.623515, -6.430271 ], [ 106.625095, -6.43227 ], [ 106.630665, -6.438898 ], [ 106.630944, -6.439044 ], [ 106.631458, -6.439045 ], [ 106.632298, -6.439007 ], [ 106.634233, -6.438418 ], [ 106.636429, -6.430993 ], [ 106.643879, -6.427677 ], [ 106.645803, -6.427772 ], [ 106.646177, -6.427589 ], [ 106.646761, -6.427072 ], [ 106.646904, -6.42689 ], [ 106.64747, -6.4186 ], [ 106.647955, -6.417885 ], [ 106.645787, -6.413157 ], [ 106.651408, -6.406891 ], [ 106.653539, -6.405481 ], [ 106.656524, -6.401373 ], [ 106.656942, -6.400912 ], [ 106.657564, -6.399981 ], [ 106.660248, -6.396945 ], [ 106.666467, -6.396815 ], [ 106.669793, -6.398363 ], [ 106.673839, -6.401837 ], [ 106.677439, -6.401794 ], [ 106.682702, -6.405078 ], [ 106.683376, -6.408615 ], [ 106.688342, -6.410851 ], [ 106.689459, -6.417026 ], [ 106.6883, -6.424256 ], [ 106.688334, -6.424471 ], [ 106.69181, -6.431806 ], [ 106.689642, -6.440381 ], [ 106.687908, -6.440878 ], [ 106.687707, -6.441184 ], [ 106.686015, -6.444417 ], [ 106.685244, -6.446261 ], [ 106.685312, -6.446475 ], [ 106.687534, -6.447681 ], [ 106.687788, -6.447563 ], [ 106.695903, -6.447945 ], [ 106.697952, -6.452386 ], [ 106.699003, -6.454858 ], [ 106.699335, -6.454988 ], [ 106.701647, -6.454765 ], [ 106.705869, -6.462511 ], [ 106.705857, -6.46404 ], [ 106.705987, -6.464182 ], [ 106.710717, -6.46959 ], [ 106.711931, -6.471121 ], [ 106.717661, -6.472817 ], [ 106.722891, -6.47952 ], [ 106.723639, -6.480442 ], [ 106.723872, -6.480586 ], [ 106.726783, -6.481723 ], [ 106.731362, -6.487042 ], [ 106.732649, -6.489384 ], [ 106.734512, -6.491395 ], [ 106.74007, -6.497505 ], [ 106.741382, -6.497671 ], [ 106.741542, -6.497691 ], [ 106.741936, -6.497476 ], [ 106.747973, -6.495994 ], [ 106.75273, -6.498242 ], [ 106.752993, -6.498426 ], [ 106.754257, -6.499268 ], [ 106.756393, -6.49637 ], [ 106.755132, -6.495441 ], [ 106.75369, -6.494301 ], [ 106.753249, -6.493996 ], [ 106.751639, -6.492415 ], [ 106.750836, -6.491615 ], [ 106.746481, -6.484958 ], [ 106.747102, -6.483213 ], [ 106.755555, -6.483715 ], [ 106.75772, -6.485227 ], [ 106.757837, -6.485194 ], [ 106.759155, -6.483718 ], [ 106.764482, -6.477864 ], [ 106.767098, -6.477544 ], [ 106.767245, -6.477545 ], [ 106.768898, -6.4759 ], [ 106.768899, -6.475874 ], [ 106.767258, -6.473945 ], [ 106.761053, -6.470846 ], [ 106.758279, -6.470027 ], [ 106.75789, -6.470216 ], [ 106.757786, -6.470273 ], [ 106.749948, -6.471253 ], [ 106.747151, -6.469236 ], [ 106.746788, -6.461261 ], [ 106.748617, -6.459489 ], [ 106.752725, -6.454361 ], [ 106.76062, -6.457652 ], [ 106.762095, -6.459672 ], [ 106.762129, -6.459678 ], [ 106.764138, -6.458419 ], [ 106.764167, -6.458283 ], [ 106.764417, -6.455749 ], [ 106.764384, -6.455613 ], [ 106.766301, -6.44694 ], [ 106.772925, -6.4465 ], [ 106.777061, -6.446776 ], [ 106.777513, -6.446881 ], [ 106.777965, -6.44693 ], [ 106.779379, -6.445294 ], [ 106.786632, -6.444438 ], [ 106.786802, -6.444493 ], [ 106.79202, -6.446418 ], [ 106.794321, -6.449786 ], [ 106.795268, -6.456473 ], [ 106.794629, -6.460453 ], [ 106.794619, -6.460849 ], [ 106.796151, -6.462276 ], [ 106.796236, -6.462289 ], [ 106.798218, -6.460938 ], [ 106.802655, -6.454051 ], [ 106.803367, -6.453058 ], [ 106.804502, -6.451306 ], [ 106.805825, -6.449025 ], [ 106.805917, -6.448686 ], [ 106.80694, -6.442845 ], [ 106.805314, -6.441663 ], [ 106.80892, -6.433735 ], [ 106.811192, -6.432951 ], [ 106.811833, -6.431828 ], [ 106.811835, -6.431821 ], [ 106.812438, -6.429928 ], [ 106.813316, -6.428016 ], [ 106.813431, -6.427777 ], [ 106.813573, -6.427393 ], [ 106.818186, -6.42056 ], [ 106.82153, -6.41947 ], [ 106.823752, -6.416338 ], [ 106.831231, -6.413753 ], [ 106.832871, -6.412974 ], [ 106.83944, -6.417991 ], [ 106.840656, -6.419722 ], [ 106.844739, -6.425301 ], [ 106.841687, -6.432947 ], [ 106.839348, -6.434578 ], [ 106.839338, -6.434793 ], [ 106.841449, -6.439154 ], [ 106.844676, -6.445502 ], [ 106.845124, -6.447378 ], [ 106.845143, -6.447392 ], [ 106.849737, -6.451668 ], [ 106.852576, -6.457462 ], [ 106.853257, -6.465516 ], [ 106.853562, -6.467691 ], [ 106.853619, -6.467749 ], [ 106.855809, -6.468055 ], [ 106.855974, -6.46789 ], [ 106.856249, -6.467564 ], [ 106.857684, -6.465407 ], [ 106.857884, -6.464989 ], [ 106.858043, -6.464508 ], [ 106.858242, -6.463529 ], [ 106.858188, -6.459935 ], [ 106.857987, -6.45831 ], [ 106.857961, -6.457966 ], [ 106.858086, -6.453728 ], [ 106.862804, -6.446408 ], [ 106.863697, -6.445855 ], [ 106.863907, -6.445313 ], [ 106.863664, -6.444306 ], [ 106.863598, -6.444216 ], [ 106.863264, -6.44387 ], [ 106.86136, -6.435778 ], [ 106.863504, -6.432432 ], [ 106.871766, -6.431347 ], [ 106.871877, -6.43139 ], [ 106.873178, -6.431393 ], [ 106.873412, -6.431133 ], [ 106.875065, -6.42848 ], [ 106.875163, -6.428351 ], [ 106.87491, -6.426173 ], [ 106.876806, -6.418278 ], [ 106.879382, -6.417751 ], [ 106.88562, -6.419402 ], [ 106.887105, -6.419983 ], [ 106.889168, -6.420008 ], [ 106.894629, -6.426649 ], [ 106.893867, -6.429 ], [ 106.893077, -6.431451 ], [ 106.892775, -6.432618 ], [ 106.892622, -6.433368 ], [ 106.892236, -6.435619 ], [ 106.891849, -6.43787 ], [ 106.895397, -6.438479 ], [ 106.897292, -6.430109 ], [ 106.898053, -6.427758 ], [ 106.898342, -6.426663 ], [ 106.898653, -6.425164 ], [ 106.900169, -6.419744 ], [ 106.900214, -6.419109 ], [ 106.900011, -6.411636 ], [ 106.900352, -6.40814 ], [ 106.900378, -6.407421 ], [ 106.900369, -6.406507 ], [ 106.900261, -6.404342 ], [ 106.900168, -6.40349 ], [ 106.899992, -6.402449 ], [ 106.899316, -6.399544 ], [ 106.898661, -6.396742 ], [ 106.903925, -6.390684 ], [ 106.90637, -6.391094 ], [ 106.907668, -6.39129 ], [ 106.908224, -6.391331 ], [ 106.908781, -6.391341 ], [ 106.909395, -6.391321 ], [ 106.910026, -6.391263 ], [ 106.910586, -6.391163 ], [ 106.91173, -6.390992 ], [ 106.912201, -6.390825 ], [ 106.912847, -6.390539 ], [ 106.913485, -6.390205 ], [ 106.914201, -6.389753 ], [ 106.915147, -6.388966 ], [ 106.915913, -6.388152 ], [ 106.917098, -6.386696 ], [ 106.92509, -6.383624 ], [ 106.926101, -6.383961 ], [ 106.926761, -6.384004 ], [ 106.927584, -6.384033 ], [ 106.935123, -6.385693 ], [ 106.935826, -6.386 ], [ 106.936422, -6.386216 ], [ 106.937227, -6.38645 ], [ 106.937925, -6.386601 ], [ 106.938694, -6.386724 ], [ 106.944308, -6.387719 ], [ 106.950011, -6.386157 ], [ 106.958613, -6.386759 ], [ 106.959516, -6.386941 ], [ 106.960401, -6.387055 ], [ 106.961101, -6.387083 ], [ 106.961779, -6.387063 ], [ 106.962417, -6.38699 ], [ 106.963114, -6.386851 ], [ 106.963896, -6.386629 ], [ 106.964535, -6.386388 ], [ 106.965231, -6.386054 ], [ 106.965829, -6.385705 ], [ 106.966445, -6.385288 ], [ 106.966918, -6.384902 ], [ 106.964641, -6.382113 ], [ 106.95822, -6.382885 ], [ 106.954866, -6.382247 ], [ 106.948841, -6.381407 ], [ 106.948369, -6.381364 ], [ 106.947371, -6.381387 ], [ 106.944826, -6.38208 ], [ 106.943774, -6.382434 ], [ 106.934832, -6.381463 ], [ 106.934314, -6.381223 ], [ 106.929926, -6.378919 ], [ 106.923313, -6.375416 ], [ 106.918339, -6.371315 ], [ 106.918289, -6.371293 ], [ 106.916454, -6.371557 ], [ 106.913471, -6.373624 ], [ 106.911937, -6.375484 ], [ 106.911946, -6.375732 ], [ 106.913375, -6.379874 ], [ 106.909112, -6.387732 ], [ 106.908674, -6.387743 ], [ 106.908305, -6.387732 ], [ 106.907953, -6.387701 ], [ 106.90692, -6.387537 ], [ 106.904521, -6.387134 ], [ 106.897653, -6.381892 ], [ 106.897688, -6.381246 ], [ 106.897801, -6.380338 ], [ 106.897969, -6.379481 ], [ 106.898107, -6.377371 ], [ 106.898843, -6.374933 ], [ 106.899189, -6.372671 ], [ 106.899212, -6.372068 ], [ 106.899063, -6.371482 ], [ 106.898686, -6.3709 ], [ 106.896485, -6.366162 ], [ 106.896056, -6.363811 ], [ 106.89571, -6.361917 ], [ 106.895366, -6.36003 ], [ 106.894762, -6.356663 ], [ 106.89455, -6.355699 ], [ 106.894304, -6.354727 ], [ 106.89328, -6.351154 ], [ 106.892265, -6.347612 ], [ 106.891757, -6.345579 ], [ 106.891391, -6.343714 ], [ 106.891008, -6.341567 ], [ 106.890564, -6.339327 ], [ 106.890127, -6.33713 ], [ 106.889817, -6.335342 ], [ 106.889227, -6.332195 ], [ 106.884444, -6.327286 ], [ 106.883007, -6.32552 ], [ 106.877786, -6.31898 ], [ 106.877614, -6.318925 ], [ 106.874804, -6.317444 ], [ 106.872681, -6.30992 ], [ 106.872896, -6.308439 ], [ 106.872898, -6.30836 ], [ 106.871928, -6.3064 ], [ 106.872632, -6.299105 ], [ 106.872661, -6.299045 ], [ 106.873905, -6.293937 ], [ 106.873953, -6.293246 ], [ 106.873935, -6.293049 ], [ 106.870349, -6.293367 ], [ 106.863207, -6.293181 ], [ 106.860011, -6.290771 ], [ 106.857302, -6.287885 ], [ 106.856423, -6.287004 ], [ 106.856147, -6.286719 ], [ 106.855851, -6.286569 ], [ 106.854657, -6.286714 ], [ 106.854626, -6.286729 ], [ 106.845952, -6.285347 ], [ 106.845373, -6.284211 ], [ 106.841975, -6.278227 ], [ 106.840252, -6.277372 ], [ 106.839917, -6.277375 ], [ 106.83852, -6.277215 ], [ 106.833524, -6.270147 ], [ 106.833525, -6.27014 ], [ 106.833738, -6.268857 ], [ 106.833406, -6.268372 ], [ 106.831358, -6.263762 ], [ 106.831357, -6.263748 ], [ 106.834828, -6.25604 ], [ 106.841617, -6.258918 ], [ 106.843352, -6.260737 ], [ 106.843509, -6.260744 ], [ 106.845188, -6.259372 ], [ 106.849063, -6.25737 ], [ 106.85086, -6.25555 ], [ 106.85226, -6.251696 ], [ 106.853357, -6.249587 ], [ 106.858447, -6.246207 ], [ 106.865468, -6.250645 ], [ 106.865516, -6.250668 ], [ 106.87127, -6.255836 ], [ 106.871295, -6.255846 ], [ 106.874618, -6.255609 ], [ 106.874766, -6.255359 ], [ 106.875016, -6.254782 ], [ 106.881217, -6.249311 ], [ 106.882542, -6.249262 ], [ 106.882409, -6.245664 ], [ 106.87961, -6.23751 ], [ 106.877603, -6.236445 ], [ 106.869729, -6.235204 ], [ 106.867633, -6.234456 ], [ 106.860072, -6.231108 ], [ 106.859772, -6.23111 ], [ 106.857941, -6.232822 ], [ 106.853344, -6.233944 ], [ 106.849135, -6.229242 ], [ 106.849071, -6.228667 ], [ 106.847949, -6.227215 ], [ 106.847511, -6.226856 ], [ 106.847478, -6.226851 ], [ 106.847157, -6.227081 ], [ 106.845485, -6.228346 ], [ 106.843053, -6.229171 ], [ 106.842714, -6.229344 ], [ 106.835739, -6.227233 ], [ 106.835327, -6.223656 ], [ 106.834488, -6.219625 ], [ 106.837071, -6.214664 ], [ 106.837205, -6.214495 ], [ 106.844404, -6.210048 ], [ 106.845861, -6.210651 ], [ 106.845861, -6.210651 ], [ 106.846146, -6.208874 ], [ 106.846488, -6.207096 ], [ 106.840689, -6.200718 ], [ 106.83929, -6.199292 ], [ 106.837844, -6.199067 ], [ 106.836072, -6.198942 ], [ 106.835468, -6.198864 ], [ 106.830829, -6.192395 ], [ 106.83367, -6.188723 ], [ 106.833836, -6.188611 ], [ 106.836946, -6.187237 ], [ 106.837155, -6.187098 ], [ 106.837941, -6.185657 ], [ 106.838715, -6.181271 ], [ 106.838704, -6.18122 ], [ 106.838351, -6.180466 ], [ 106.837787, -6.179971 ], [ 106.83496, -6.17184 ], [ 106.836494, -6.169992 ], [ 106.837034, -6.169572 ], [ 106.837974, -6.16895 ], [ 106.838494, -6.168696 ], [ 106.839767, -6.164724 ], [ 106.839452, -6.163472 ], [ 106.835971, -6.157833 ], [ 106.835508, -6.156865 ], [ 106.831474, -6.153816 ], [ 106.828651, -6.149947 ], [ 106.82701, -6.15003 ], [ 106.826665, -6.150048 ], [ 106.820029, -6.145676 ], [ 106.822109, -6.140035 ], [ 106.826026, -6.137841 ], [ 106.826507, -6.137771 ], [ 106.832508, -6.137538 ], [ 106.832666, -6.137512 ], [ 106.834146, -6.136329 ], [ 106.840667, -6.130519 ], [ 106.842679, -6.130152 ], [ 106.845095, -6.129153 ], [ 106.848539, -6.128292 ], [ 106.848891, -6.12822 ], [ 106.849783, -6.127994 ], [ 106.8489, -6.124504 ], [ 106.844845, -6.124274 ], [ 106.843988, -6.124353 ], [ 106.843816, -6.124435 ], [ 106.84325, -6.124848 ], [ 106.839519, -6.126545 ], [ 106.832446, -6.125921 ], [ 106.829279, -6.125516 ], [ 106.829169, -6.12551 ], [ 106.829097, -6.125506 ], [ 106.821603, -6.122318 ], [ 106.820037, -6.120423 ], [ 106.819995, -6.120418 ], [ 106.818105, -6.120899 ], [ 106.81673, -6.121488 ], [ 106.816155, -6.122056 ], [ 106.80907, -6.116644 ], [ 106.809042, -6.116164 ], [ 106.808724, -6.114503 ], [ 106.808671, -6.114186 ], [ 106.807657, -6.107932 ], [ 106.80763, -6.107774 ], [ 106.806965, -6.105769 ], [ 106.805636, -6.102271 ], [ 106.803765, -6.100792 ], [ 106.800333, -6.099898 ], [ 106.800176, -6.099923 ], [ 106.797859, -6.100955 ], [ 106.798069, -6.102121 ], [ 106.797063, -6.109301 ], [ 106.792081, -6.108857 ], [ 106.79208, -6.108857 ], [ 106.79185, -6.108855 ], [ 106.791734, -6.108861 ], [ 106.787414, -6.110531 ], [ 106.781332, -6.110586 ], [ 106.780816, -6.110478 ], [ 106.780193, -6.110403 ], [ 106.773011, -6.109741 ], [ 106.772136, -6.110615 ], [ 106.771442, -6.11648 ], [ 106.771351, -6.116632 ], [ 106.765432, -6.120279 ], [ 106.759266, -6.116061 ], [ 106.758086, -6.11451 ], [ 106.756964, -6.111832 ], [ 106.756669, -6.111406 ], [ 106.75318, -6.106535 ], [ 106.749593, -6.106842 ], [ 106.743707, -6.104111 ], [ 106.743342, -6.099915 ], [ 106.743534, -6.098912 ], [ 106.74368, -6.098022 ], [ 106.743922, -6.096807 ], [ 106.746633, -6.091879 ], [ 106.746935, -6.091571 ], [ 106.747193, -6.091324 ], [ 106.747127, -6.090845 ], [ 106.747104, -6.09077 ], [ 106.746672, -6.089384 ], [ 106.746549, -6.089274 ], [ 106.741944, -6.087615 ], [ 106.739975, -6.090629 ], [ 106.73941, -6.097515 ], [ 106.738343, -6.098969 ], [ 106.735588, -6.103787 ], [ 106.727495, -6.10669 ], [ 106.726714, -6.105844 ], [ 106.725332, -6.104296 ], [ 106.724632, -6.096802 ], [ 106.725943, -6.094788 ], [ 106.72689, -6.093617 ], [ 106.72477, -6.091992 ], [ 106.72409, -6.091353 ], [ 106.715885, -6.08846 ], [ 106.715551, -6.087976 ], [ 106.710742, -6.086102 ], [ 106.703317, -6.08223 ], [ 106.696962, -6.078537 ], [ 106.695478, -6.079101 ], [ 106.695368, -6.079202 ], [ 106.695221, -6.079387 ], [ 106.69411, -6.080997 ], [ 106.693534, -6.082497 ], [ 106.685105, -6.084926 ], [ 106.685053, -6.084902 ], [ 106.684001, -6.084731 ], [ 106.677788, -6.083604 ], [ 106.672514, -6.080736 ], [ 106.672407, -6.080729 ], [ 106.670495, -6.082099 ], [ 106.666135, -6.087907 ], [ 106.664486, -6.090101 ], [ 106.664518, -6.090211 ], [ 106.66093, -6.097221 ], [ 106.658526, -6.09744 ], [ 106.658457, -6.09744 ], [ 106.656854, -6.098568 ], [ 106.654858, -6.099488 ], [ 106.646439, -6.097659 ], [ 106.644292, -6.095876 ], [ 106.642542, -6.088539 ], [ 106.642605, -6.088046 ], [ 106.642523, -6.087464 ], [ 106.640824, -6.080282 ], [ 106.639801, -6.077388 ], [ 106.639767, -6.077381 ], [ 106.638245, -6.077771 ], [ 106.638127, -6.077891 ], [ 106.637183, -6.081288 ], [ 106.63714, -6.08174 ], [ 106.637142, -6.082278 ], [ 106.637129, -6.082874 ], [ 106.636028, -6.088459 ], [ 106.632642, -6.093879 ], [ 106.631693, -6.094855 ], [ 106.630854, -6.095846 ], [ 106.630666, -6.096066 ], [ 106.63063, -6.096157 ], [ 106.630526, -6.097631 ], [ 106.630539, -6.09932 ], [ 106.629545, -6.105214 ], [ 106.628895, -6.108618 ], [ 106.628991, -6.111167 ], [ 106.628938, -6.111583 ], [ 106.622745, -6.117981 ], [ 106.618068, -6.119185 ], [ 106.617182, -6.119456 ], [ 106.615826, -6.119917 ], [ 106.606966, -6.120423 ], [ 106.606889, -6.120412 ], [ 106.603066, -6.120564 ], [ 106.596791, -6.120984 ], [ 106.589965, -6.120168 ], [ 106.583075, -6.120564 ], [ 106.58027, -6.117989 ], [ 106.578513, -6.116351 ], [ 106.57426, -6.113469 ], [ 106.572261, -6.113179 ], [ 106.572126, -6.113257 ], [ 106.57138, -6.11563 ], [ 106.572777, -6.119434 ], [ 106.575238, -6.123052 ], [ 106.575271, -6.123132 ], [ 106.57695, -6.124159 ], [ 106.578859, -6.12611 ], [ 106.57941, -6.133545 ], [ 106.579382, -6.133648 ], [ 106.575639, -6.140219 ], [ 106.56859, -6.143414 ], [ 106.564088, -6.137039 ], [ 106.564066, -6.137004 ], [ 106.561245, -6.136797 ], [ 106.560264, -6.137742 ], [ 106.560104, -6.137917 ], [ 106.559628, -6.138418 ], [ 106.5522, -6.142538 ], [ 106.550941, -6.141757 ], [ 106.54939, -6.141014 ], [ 106.549251, -6.140928 ], [ 106.546788, -6.141835 ], [ 106.546772, -6.141872 ], [ 106.547356, -6.143988 ], [ 106.5476, -6.151265 ], [ 106.543948, -6.153733 ], [ 106.542064, -6.155291 ], [ 106.533731, -6.154321 ], [ 106.533286, -6.152611 ], [ 106.532665, -6.151742 ], [ 106.531533, -6.149629 ], [ 106.531437, -6.149573 ], [ 106.530955, -6.14954 ], [ 106.528933, -6.150554 ], [ 106.528927, -6.150571 ], [ 106.528506, -6.158965 ], [ 106.528511, -6.158985 ], [ 106.528305, -6.163027 ], [ 106.523047, -6.166146 ], [ 106.522585, -6.166192 ], [ 106.522526, -6.166204 ], [ 106.521569, -6.168637 ], [ 106.513249, -6.168342 ], [ 106.509649, -6.168342 ], [ 106.509649, -6.171701 ], [ 106.509649, -6.175059 ], [ 106.505968, -6.181026 ], [ 106.505693, -6.181429 ], [ 106.506014, -6.183248 ], [ 106.505986, -6.185825 ], [ 106.503152, -6.194013 ], [ 106.499973, -6.196548 ], [ 106.492998, -6.198303 ], [ 106.487573, -6.194749 ], [ 106.48471, -6.190213 ], [ 106.483118, -6.186984 ], [ 106.479089, -6.184037 ], [ 106.477197, -6.181851 ], [ 106.473809, -6.183066 ], [ 106.467454, -6.186329 ], [ 106.463878, -6.186832 ], [ 106.456689, -6.185746 ], [ 106.45426, -6.185065 ], [ 106.454162, -6.185118 ], [ 106.453632, -6.186167 ], [ 106.453364, -6.187126 ], [ 106.450528, -6.192773 ], [ 106.446674, -6.194568 ], [ 106.444518, -6.194727 ], [ 106.443144, -6.195029 ], [ 106.443046, -6.195051 ], [ 106.442919, -6.195109 ], [ 106.435882, -6.196042 ], [ 106.433742, -6.194769 ], [ 106.430916, -6.193151 ], [ 106.429455, -6.192527 ], [ 106.428645, -6.192237 ], [ 106.428128, -6.192077 ], [ 106.42766, -6.191957 ], [ 106.426101, -6.191614 ], [ 106.425176, -6.191477 ], [ 106.424253, -6.191389 ], [ 106.422472, -6.191309 ], [ 106.420711, -6.191257 ], [ 106.412589, -6.188396 ], [ 106.411103, -6.187065 ], [ 106.409617, -6.185733 ], [ 106.407214, -6.188414 ], [ 106.4087, -6.189746 ] ] ] } },
{ "type": "Feature", "properties": { "name": "Holywings Padel Club QBIG" }, "geometry": { "type": "Polygon", "coordinates": [ [ [ 106.420643, -6.194857 ], [ 106.425659, -6.195419 ], [ 106.431901, -6.197863 ], [ 106.434041, -6.199136 ], [ 106.435678, -6.199931 ], [ 106.437481, -6.200622 ], [ 106.439548, -6.201179 ], [ 106.440877, -6.201419 ], [ 106.443521, -6.201681 ], [ 106.448357, -6.206701 ], [ 106.449064, -6.20937 ], [ 106.449065, -6.20937 ], [ 106.451288, -6.208791 ], [ 106.458327, -6.206022 ], [ 106.46245, -6.206799 ], [ 106.46353, -6.207155 ], [ 106.465297, -6.207606 ], [ 106.466482, -6.207816 ], [ 106.467482, -6.207915 ], [ 106.472216, -6.215457 ], [ 106.472178, -6.215626 ], [ 106.47184, -6.219833 ], [ 106.47348, -6.221762 ], [ 106.473586, -6.221773 ], [ 106.474149, -6.221766 ], [ 106.47505, -6.221462 ], [ 106.480002, -6.21785 ], [ 106.485317, -6.217373 ], [ 106.489923, -6.219825 ], [ 106.490989, -6.221063 ], [ 106.492458, -6.22268 ], [ 106.494313, -6.231483 ], [ 106.49162, -6.234758 ], [ 106.491659, -6.235238 ], [ 106.491473, -6.239604 ], [ 106.492444, -6.241717 ], [ 106.492578, -6.241787 ], [ 106.493309, -6.241728 ], [ 106.494505, -6.241544 ], [ 106.499612, -6.240367 ], [ 106.502258, -6.240049 ], [ 106.507748, -6.246052 ], [ 106.506917, -6.248866 ], [ 106.506521, -6.251097 ], [ 106.506525, -6.251277 ], [ 106.507289, -6.255311 ], [ 106.508359, -6.256971 ], [ 106.509339, -6.259962 ], [ 106.511563, -6.265131 ], [ 106.514764, -6.271986 ], [ 106.514741, -6.272162 ], [ 106.514753, -6.272237 ], [ 106.514021, -6.276579 ], [ 106.511069, -6.281303 ], [ 106.511011, -6.281838 ], [ 106.511004, -6.282559 ], [ 106.511834, -6.287758 ], [ 106.506359, -6.293404 ], [ 106.502933, -6.29115 ], [ 106.5018, -6.290033 ], [ 106.500754, -6.284519 ], [ 106.501228, -6.280724 ], [ 106.502286, -6.279187 ], [ 106.502186, -6.278735 ], [ 106.502341, -6.275559 ], [ 106.495664, -6.270663 ], [ 106.491394, -6.266019 ], [ 106.489865, -6.264143 ], [ 106.488635, -6.262319 ], [ 106.48652, -6.260738 ], [ 106.486153, -6.260654 ], [ 106.48384, -6.260026 ], [ 106.482673, -6.259689 ], [ 106.482462, -6.26006 ], [ 106.4822, -6.260601 ], [ 106.481995, -6.261163 ], [ 106.482081, -6.262401 ], [ 106.482261, -6.263379 ], [ 106.484214, -6.271863 ], [ 106.488152, -6.277862 ], [ 106.488466, -6.280653 ], [ 106.488512, -6.28105 ], [ 106.48932, -6.285149 ], [ 106.48871, -6.291439 ], [ 106.488051, -6.293747 ], [ 106.486603, -6.299163 ], [ 106.479611, -6.29985 ], [ 106.477496, -6.29893 ], [ 106.477462, -6.298939 ], [ 106.476089, -6.300596 ], [ 106.476317, -6.305512 ], [ 106.47542, -6.312143 ], [ 106.472812, -6.316294 ], [ 106.471561, -6.321381 ], [ 106.472601, -6.323837 ], [ 106.472645, -6.323852 ], [ 106.474689, -6.323162 ], [ 106.474764, -6.32303 ], [ 106.482336, -6.321983 ], [ 106.483668, -6.324606 ], [ 106.48723, -6.324088 ], [ 106.495482, -6.320548 ], [ 106.497176, -6.321858 ], [ 106.500919, -6.321802 ], [ 106.50397, -6.319763 ], [ 106.505548, -6.31861 ], [ 106.505808, -6.317858 ], [ 106.50607, -6.315048 ], [ 106.509657, -6.308836 ], [ 106.516035, -6.310692 ], [ 106.516075, -6.31811 ], [ 106.518338, -6.320734 ], [ 106.523948, -6.327726 ], [ 106.523768, -6.330629 ], [ 106.523532, -6.332409 ], [ 106.523419, -6.333047 ], [ 106.523404, -6.333376 ], [ 106.524317, -6.334186 ], [ 106.526568, -6.335967 ], [ 106.527192, -6.336442 ], [ 106.52935, -6.338069 ], [ 106.530793, -6.34463 ], [ 106.523802, -6.347032 ], [ 106.523363, -6.3471 ], [ 106.523029, -6.347599 ], [ 106.522735, -6.348389 ], [ 106.516145, -6.353716 ], [ 106.513708, -6.3539 ], [ 106.513158, -6.353951 ], [ 106.507636, -6.353266 ], [ 106.504038, -6.35315 ], [ 106.499594, -6.352397 ], [ 106.498979, -6.352267 ], [ 106.498466, -6.352182 ], [ 106.498162, -6.352169 ], [ 106.492372, -6.356586 ], [ 106.491219, -6.357978 ], [ 106.491008, -6.358255 ], [ 106.49097, -6.358777 ], [ 106.492377, -6.360186 ], [ 106.500313, -6.362199 ], [ 106.505181, -6.363336 ], [ 106.508556, -6.36459 ], [ 106.513365, -6.367562 ], [ 106.52113, -6.369497 ], [ 106.523296, -6.370754 ], [ 106.523742, -6.370732 ], [ 106.530594, -6.369706 ], [ 106.534408, -6.36813 ], [ 106.538383, -6.375419 ], [ 106.537889, -6.376189 ], [ 106.533783, -6.383313 ], [ 106.53208, -6.384213 ], [ 106.532016, -6.38438 ], [ 106.531949, -6.384917 ], [ 106.531986, -6.385596 ], [ 106.532341, -6.386611 ], [ 106.532583, -6.386717 ], [ 106.539747, -6.391896 ], [ 106.539987, -6.392412 ], [ 106.540999, -6.392808 ], [ 106.543578, -6.391373 ], [ 106.552035, -6.390826 ], [ 106.552569, -6.392447 ], [ 106.556168, -6.392363 ], [ 106.564789, -6.392449 ], [ 106.567054, -6.394675 ], [ 106.569435, -6.397502 ], [ 106.570018, -6.397391 ], [ 106.570962, -6.396928 ], [ 106.573637, -6.395091 ], [ 106.577039, -6.394547 ], [ 106.581401, -6.394355 ], [ 106.581452, -6.402886 ], [ 106.580876, -6.40324 ], [ 106.580561, -6.403555 ], [ 106.580374, -6.403787 ], [ 106.580066, -6.40419 ], [ 106.580799, -6.406473 ], [ 106.581338, -6.406618 ], [ 106.585565, -6.414033 ], [ 106.580771, -6.417527 ], [ 106.579032, -6.417491 ], [ 106.577506, -6.417461 ], [ 106.571116, -6.423751 ], [ 106.570766, -6.423878 ], [ 106.569932, -6.426641 ], [ 106.569993, -6.42688 ], [ 106.570238, -6.427338 ], [ 106.570395, -6.427604 ], [ 106.573717, -6.4359 ], [ 106.575264, -6.437226 ], [ 106.575929, -6.437496 ], [ 106.582916, -6.44266 ], [ 106.586481, -6.442156 ], [ 106.591808, -6.441865 ], [ 106.595295, -6.445641 ], [ 106.596955, -6.446664 ], [ 106.598464, -6.446287 ], [ 106.606591, -6.445743 ], [ 106.60738, -6.44577 ], [ 106.607575, -6.445777 ], [ 106.608119, -6.445795 ], [ 106.608782, -6.445761 ], [ 106.616155, -6.450509 ], [ 106.620536, -6.453015 ], [ 106.622141, -6.452697 ], [ 106.623256, -6.452297 ], [ 106.623974, -6.451174 ], [ 106.624056, -6.45085 ], [ 106.623988, -6.450534 ], [ 106.623296, -6.445291 ], [ 106.630803, -6.441208 ], [ 106.632895, -6.442079 ], [ 106.637245, -6.448046 ], [ 106.635995, -6.451107 ], [ 106.63419, -6.452563 ], [ 106.633405, -6.453029 ], [ 106.632882, -6.453522 ], [ 106.632637, -6.453962 ], [ 106.632501, -6.454397 ], [ 106.632469, -6.455482 ], [ 106.63215, -6.456784 ], [ 106.63238, -6.457983 ], [ 106.632729, -6.458454 ], [ 106.635152, -6.466966 ], [ 106.635253, -6.467307 ], [ 106.636637, -6.474158 ], [ 106.636708, -6.474669 ], [ 106.636956, -6.475401 ], [ 106.637176, -6.476071 ], [ 106.63921, -6.481181 ], [ 106.640063, -6.482041 ], [ 106.641991, -6.483467 ], [ 106.649491, -6.483832 ], [ 106.650463, -6.483558 ], [ 106.652382, -6.482553 ], [ 106.652695, -6.478967 ], [ 106.648907, -6.474159 ], [ 106.650383, -6.469868 ], [ 106.658643, -6.466314 ], [ 106.660864, -6.468184 ], [ 106.662213, -6.469676 ], [ 106.665693, -6.470598 ], [ 106.668691, -6.472966 ], [ 106.670019, -6.474727 ], [ 106.670432, -6.475308 ], [ 106.670913, -6.475851 ], [ 106.671416, -6.476245 ], [ 106.672044, -6.4767 ], [ 106.67441, -6.473987 ], [ 106.671658, -6.46766 ], [ 106.670459, -6.463593 ], [ 106.669469, -6.459831 ], [ 106.668699, -6.457902 ], [ 106.668532, -6.457775 ], [ 106.666531, -6.45775 ], [ 106.66055, -6.45506 ], [ 106.665365, -6.447619 ], [ 106.665467, -6.447615 ], [ 106.667299, -6.44786 ], [ 106.670825, -6.443778 ], [ 106.677583, -6.443616 ], [ 106.680322, -6.448044 ], [ 106.681559, -6.449981 ], [ 106.685841, -6.449486 ], [ 106.690897, -6.448556 ], [ 106.696146, -6.45578 ], [ 106.697144, -6.457435 ], [ 106.698486, -6.458349 ], [ 106.704259, -6.460233 ], [ 106.705987, -6.460383 ], [ 106.706111, -6.460343 ], [ 106.707469, -6.458603 ], [ 106.707384, -6.457031 ], [ 106.707379, -6.456487 ], [ 106.707279, -6.455887 ], [ 106.707173, -6.455564 ], [ 106.706112, -6.453669 ], [ 106.704353, -6.451455 ], [ 106.703956, -6.450858 ], [ 106.702194, -6.448587 ], [ 106.704035, -6.441759 ], [ 106.704083, -6.441691 ], [ 106.704329, -6.441256 ], [ 106.706944, -6.438287 ], [ 106.708541, -6.437169 ], [ 106.711134, -6.43495 ], [ 106.714018, -6.433536 ], [ 106.718041, -6.432896 ], [ 106.724466, -6.435044 ], [ 106.726574, -6.441315 ], [ 106.728214, -6.4444 ], [ 106.728366, -6.444713 ], [ 106.729671, -6.450227 ], [ 106.729616, -6.451414 ], [ 106.729165, -6.455355 ], [ 106.728972, -6.457157 ], [ 106.728715, -6.458786 ], [ 106.728669, -6.459063 ], [ 106.730045, -6.460824 ], [ 106.730078, -6.460832 ], [ 106.730216, -6.460859 ], [ 106.730249, -6.460864 ], [ 106.732221, -6.459651 ], [ 106.736765, -6.452699 ], [ 106.738961, -6.448127 ], [ 106.73897, -6.448053 ], [ 106.738172, -6.441879 ], [ 106.739061, -6.437344 ], [ 106.739239, -6.436629 ], [ 106.739245, -6.436475 ], [ 106.737673, -6.428538 ], [ 106.737736, -6.427907 ], [ 106.738228, -6.424222 ], [ 106.73829, -6.422528 ], [ 106.738947, -6.420407 ], [ 106.740388, -6.418461 ], [ 106.740389, -6.418416 ], [ 106.744466, -6.412717 ], [ 106.75117, -6.417478 ], [ 106.750739, -6.421026 ], [ 106.750693, -6.42125 ], [ 106.752235, -6.423164 ], [ 106.752358, -6.423182 ], [ 106.754221, -6.421967 ], [ 106.754266, -6.421742 ], [ 106.756617, -6.416007 ], [ 106.758033, -6.414787 ], [ 106.765609, -6.414744 ], [ 106.766656, -6.42054 ], [ 106.766654, -6.420626 ], [ 106.768273, -6.422428 ], [ 106.768347, -6.422423 ], [ 106.768875, -6.422325 ], [ 106.770456, -6.420727 ], [ 106.772795, -6.41744 ], [ 106.780867, -6.416743 ], [ 106.780867, -6.416743 ], [ 106.781244, -6.416656 ], [ 106.782601, -6.414391 ], [ 106.791251, -6.41438 ], [ 106.793267, -6.415194 ], [ 106.793345, -6.41517 ], [ 106.794473, -6.412774 ], [ 106.794411, -6.412651 ], [ 106.791724, -6.407919 ], [ 106.796787, -6.403602 ], [ 106.798576, -6.401907 ], [ 106.807179, -6.400164 ], [ 106.812399, -6.400832 ], [ 106.812765, -6.400912 ], [ 106.814068, -6.400844 ], [ 106.814733, -6.400352 ], [ 106.814753, -6.400325 ], [ 106.81483, -6.400223 ], [ 106.822511, -6.395616 ], [ 106.824858, -6.395282 ], [ 106.824948, -6.395157 ], [ 106.830234, -6.388871 ], [ 106.830381, -6.388589 ], [ 106.832315, -6.385821 ], [ 106.838506, -6.380842 ], [ 106.842594, -6.381279 ], [ 106.843897, -6.381463 ], [ 106.844321, -6.381508 ], [ 106.851854, -6.382416 ], [ 106.855878, -6.383553 ], [ 106.856133, -6.383637 ], [ 106.857584, -6.383601 ], [ 106.860663, -6.384487 ], [ 106.862892, -6.392478 ], [ 106.862765, -6.392795 ], [ 106.862686, -6.393043 ], [ 106.862773, -6.397148 ], [ 106.8626, -6.398233 ], [ 106.862589, -6.398446 ], [ 106.863198, -6.399307 ], [ 106.863772, -6.399867 ], [ 106.863878, -6.399932 ], [ 106.864802, -6.400122 ], [ 106.864969, -6.400018 ], [ 106.866185, -6.398626 ], [ 106.866975, -6.397375 ], [ 106.867863, -6.393649 ], [ 106.874063, -6.38923 ], [ 106.876081, -6.387504 ], [ 106.883049, -6.385859 ], [ 106.885449, -6.386339 ], [ 106.886155, -6.382809 ], [ 106.883755, -6.382329 ], [ 106.881355, -6.381849 ], [ 106.875046, -6.378519 ], [ 106.874023, -6.376244 ], [ 106.867134, -6.370571 ], [ 106.862664, -6.365107 ], [ 106.860942, -6.363469 ], [ 106.859098, -6.361703 ], [ 106.859095, -6.361703 ], [ 106.85909, -6.361703 ], [ 106.859087, -6.361703 ], [ 106.857342, -6.363483 ], [ 106.857342, -6.363509 ], [ 106.857565, -6.371281 ], [ 106.857092, -6.372532 ], [ 106.850582, -6.377148 ], [ 106.848885, -6.37696 ], [ 106.847517, -6.376581 ], [ 106.847095, -6.376585 ], [ 106.845807, -6.376857 ], [ 106.842751, -6.377054 ], [ 106.837781, -6.374895 ], [ 106.835806, -6.368334 ], [ 106.835813, -6.367823 ], [ 106.835731, -6.366744 ], [ 106.835708, -6.366061 ], [ 106.835634, -6.365213 ], [ 106.833826, -6.364421 ], [ 106.833683, -6.364428 ], [ 106.832048, -6.365528 ], [ 106.824192, -6.361326 ], [ 106.824635, -6.35998 ], [ 106.824503, -6.358722 ], [ 106.824755, -6.354142 ], [ 106.824764, -6.354115 ], [ 106.826823, -6.348134 ], [ 106.826942, -6.347975 ], [ 106.827249, -6.347513 ], [ 106.827848, -6.346158 ], [ 106.827987, -6.345485 ], [ 106.828001, -6.345387 ], [ 106.827276, -6.344271 ], [ 106.826679, -6.344082 ], [ 106.820014, -6.341108 ], [ 106.81953, -6.340766 ], [ 106.819509, -6.340752 ], [ 106.817188, -6.339274 ], [ 106.815271, -6.337693 ], [ 106.817135, -6.329276 ], [ 106.818884, -6.327783 ], [ 106.818909, -6.327475 ], [ 106.818801, -6.32604 ], [ 106.817689, -6.324728 ], [ 106.814124, -6.320728 ], [ 106.813523, -6.316667 ], [ 106.813514, -6.316365 ], [ 106.811865, -6.314993 ], [ 106.811668, -6.31492 ], [ 106.805283, -6.309165 ], [ 106.805409, -6.307151 ], [ 106.805379, -6.305543 ], [ 106.805287, -6.304314 ], [ 106.805225, -6.303214 ], [ 106.805363, -6.301677 ], [ 106.805911, -6.298482 ], [ 106.813734, -6.294262 ], [ 106.814849, -6.294313 ], [ 106.817719, -6.293957 ], [ 106.818153, -6.293953 ], [ 106.819876, -6.292223 ], [ 106.819877, -6.292216 ], [ 106.818322, -6.289229 ], [ 106.818307, -6.28922 ], [ 106.817938, -6.289188 ], [ 106.813787, -6.28936 ], [ 106.808981, -6.284146 ], [ 106.807915, -6.283123 ], [ 106.807855, -6.283095 ], [ 106.805388, -6.283912 ], [ 106.798728, -6.27977 ], [ 106.796571, -6.279301 ], [ 106.795272, -6.278762 ], [ 106.787536, -6.278382 ], [ 106.784923, -6.271673 ], [ 106.785287, -6.270388 ], [ 106.790869, -6.265646 ], [ 106.792677, -6.264263 ], [ 106.792685, -6.264233 ], [ 106.790898, -6.260164 ], [ 106.789742, -6.258063 ], [ 106.789722, -6.258055 ], [ 106.783478, -6.251947 ], [ 106.783088, -6.249265 ], [ 106.783284, -6.247211 ], [ 106.782342, -6.244126 ], [ 106.780867, -6.243182 ], [ 106.773788, -6.239036 ], [ 106.770669, -6.237618 ], [ 106.767922, -6.236038 ], [ 106.763964, -6.232451 ], [ 106.76246, -6.225187 ], [ 106.762471, -6.22506 ], [ 106.760627, -6.223234 ], [ 106.75865, -6.221981 ], [ 106.758524, -6.221971 ], [ 106.756604, -6.223333 ], [ 106.748748, -6.220709 ], [ 106.748497, -6.220379 ], [ 106.747372, -6.218555 ], [ 106.747004, -6.217779 ], [ 106.746877, -6.217554 ], [ 106.74526, -6.214269 ], [ 106.745165, -6.214098 ], [ 106.74375, -6.211615 ], [ 106.74185, -6.206508 ], [ 106.744634, -6.201453 ], [ 106.744596, -6.200765 ], [ 106.748324, -6.192934 ], [ 106.750228, -6.192828 ], [ 106.752158, -6.19272 ], [ 106.754598, -6.192548 ], [ 106.757523, -6.192333 ], [ 106.759538, -6.192151 ], [ 106.761508, -6.191973 ], [ 106.767214, -6.196928 ], [ 106.769574, -6.198459 ], [ 106.769613, -6.198444 ], [ 106.770601, -6.197558 ], [ 106.770809, -6.196749 ], [ 106.770808, -6.196727 ], [ 106.771212, -6.193972 ], [ 106.77687, -6.189283 ], [ 106.780342, -6.187956 ], [ 106.785966, -6.186979 ], [ 106.78823, -6.186928 ], [ 106.788992, -6.186837 ], [ 106.79563, -6.192459 ], [ 106.797501, -6.193614 ], [ 106.797534, -6.193613 ], [ 106.799226, -6.192302 ], [ 106.799576, -6.187618 ], [ 106.800792, -6.178746 ], [ 106.798754, -6.175778 ], [ 106.791679, -6.172445 ], [ 106.789455, -6.167326 ], [ 106.788953, -6.166325 ], [ 106.788863, -6.166232 ], [ 106.786991, -6.166313 ], [ 106.786082, -6.166365 ], [ 106.786044, -6.166469 ], [ 106.785856, -6.167389 ], [ 106.785856, -6.167411 ], [ 106.785751, -6.169587 ], [ 106.784997, -6.173575 ], [ 106.784983, -6.173697 ], [ 106.783027, -6.181951 ], [ 106.778619, -6.181165 ], [ 106.777737, -6.181164 ], [ 106.76879, -6.180797 ], [ 106.767499, -6.174408 ], [ 106.767498, -6.173553 ], [ 106.767484, -6.173445 ], [ 106.765533, -6.172001 ], [ 106.765514, -6.172003 ], [ 106.763916, -6.173922 ], [ 106.763919, -6.174789 ], [ 106.761908, -6.179983 ], [ 106.759479, -6.181625 ], [ 106.751176, -6.180955 ], [ 106.750801, -6.178792 ], [ 106.750492, -6.172936 ], [ 106.750539, -6.171896 ], [ 106.749232, -6.171598 ], [ 106.749016, -6.171557 ], [ 106.746943, -6.171731 ], [ 106.739453, -6.168549 ], [ 106.737239, -6.164447 ], [ 106.736031, -6.162514 ], [ 106.735682, -6.162396 ], [ 106.729713, -6.156037 ], [ 106.729569, -6.15357 ], [ 106.729636, -6.152686 ], [ 106.729807, -6.148121 ], [ 106.730593, -6.14496 ], [ 106.7271, -6.144091 ], [ 106.718969, -6.146129 ], [ 106.718687, -6.146131 ], [ 106.718112, -6.146122 ], [ 106.718037, -6.146122 ], [ 106.71282, -6.14837 ], [ 106.707074, -6.146782 ], [ 106.701201, -6.144822 ], [ 106.694581, -6.139808 ], [ 106.692206, -6.136721 ], [ 106.690504, -6.128445 ], [ 106.690933, -6.126645 ], [ 106.690016, -6.124378 ], [ 106.690617, -6.118726 ], [ 106.697321, -6.114359 ], [ 106.697571, -6.114222 ], [ 106.69808, -6.113845 ], [ 106.704119, -6.110041 ], [ 106.704295, -6.10992 ], [ 106.706314, -6.106869 ], [ 106.708406, -6.100178 ], [ 106.717041, -6.100582 ], [ 106.718601, -6.102335 ], [ 106.720161, -6.104088 ], [ 106.72172, -6.105841 ], [ 106.723292, -6.107607 ], [ 106.725786, -6.110353 ], [ 106.72828, -6.113098 ], [ 106.730945, -6.110678 ], [ 106.729241, -6.108638 ], [ 106.727896, -6.107115 ], [ 106.723114, -6.101793 ], [ 106.721533, -6.100042 ], [ 106.718606, -6.09679 ], [ 106.716968, -6.095309 ], [ 106.716333, -6.094893 ], [ 106.715666, -6.094563 ], [ 106.714984, -6.094313 ], [ 106.71402, -6.09411 ], [ 106.713288, -6.094051 ], [ 106.712525, -6.094081 ], [ 106.71177, -6.094197 ], [ 106.711192, -6.094352 ], [ 106.710502, -6.09462 ], [ 106.70979, -6.095001 ], [ 106.706451, -6.097155 ], [ 106.703213, -6.099249 ], [ 106.701453, -6.100385 ], [ 106.699748, -6.101485 ], [ 106.696406, -6.103398 ], [ 106.695524, -6.103878 ], [ 106.694908, -6.104263 ], [ 106.694165, -6.10492 ], [ 106.691398, -6.106604 ], [ 106.684496, -6.105193 ], [ 106.682622, -6.104798 ], [ 106.67833, -6.106191 ], [ 106.677038, -6.108705 ], [ 106.676828, -6.109137 ], [ 106.676697, -6.109717 ], [ 106.676724, -6.110325 ], [ 106.67429, -6.116826 ], [ 106.669507, -6.118779 ], [ 106.668934, -6.11895 ], [ 106.664606, -6.120795 ], [ 106.664225, -6.121069 ], [ 106.66381, -6.12139 ], [ 106.661805, -6.123195 ], [ 106.663176, -6.126523 ], [ 106.667094, -6.126265 ], [ 106.668147, -6.126352 ], [ 106.668961, -6.126548 ], [ 106.673538, -6.132931 ], [ 106.670089, -6.137314 ], [ 106.667902, -6.137851 ], [ 106.667205, -6.138054 ], [ 106.666662, -6.138253 ], [ 106.666109, -6.138493 ], [ 106.665493, -6.138787 ], [ 106.664928, -6.139088 ], [ 106.663957, -6.139709 ], [ 106.66322, -6.140278 ], [ 106.660774, -6.141619 ], [ 106.656134, -6.14211 ], [ 106.649756, -6.146241 ], [ 106.641908, -6.145992 ], [ 106.640957, -6.145887 ], [ 106.634885, -6.140193 ], [ 106.635007, -6.138262 ], [ 106.635131, -6.136296 ], [ 106.635015, -6.13286 ], [ 106.635143, -6.130773 ], [ 106.635741, -6.126074 ], [ 106.635816, -6.124566 ], [ 106.635883, -6.123903 ], [ 106.635888, -6.123586 ], [ 106.636245, -6.120819 ], [ 106.636255, -6.118383 ], [ 106.634074, -6.11778 ], [ 106.633972, -6.11778 ], [ 106.632656, -6.118368 ], [ 106.632326, -6.118808 ], [ 106.631014, -6.121971 ], [ 106.630385, -6.124147 ], [ 106.629805, -6.125896 ], [ 106.629805, -6.125907 ], [ 106.627713, -6.132594 ], [ 106.627121, -6.133242 ], [ 106.627121, -6.133283 ], [ 106.619302, -6.137327 ], [ 106.6183, -6.135129 ], [ 106.617061, -6.133562 ], [ 106.616954, -6.133518 ], [ 106.615814, -6.133716 ], [ 106.614869, -6.13404 ], [ 106.612516, -6.138032 ], [ 106.612502, -6.138377 ], [ 106.612631, -6.139131 ], [ 106.612789, -6.13985 ], [ 106.611115, -6.14649 ], [ 106.603108, -6.148301 ], [ 106.601675, -6.143711 ], [ 106.601376, -6.141819 ], [ 106.601321, -6.141743 ], [ 106.600788, -6.1413 ], [ 106.598967, -6.14134 ], [ 106.592891, -6.141673 ], [ 106.589857, -6.141154 ], [ 106.587726, -6.141253 ], [ 106.586307, -6.141749 ], [ 106.580639, -6.146085 ], [ 106.578908, -6.147916 ], [ 106.57891, -6.148023 ], [ 106.579102, -6.153388 ], [ 106.579102, -6.153458 ], [ 106.580954, -6.155203 ], [ 106.581188, -6.155165 ], [ 106.586839, -6.161143 ], [ 106.583655, -6.164595 ], [ 106.57758, -6.16362 ], [ 106.577367, -6.163585 ], [ 106.57643, -6.163344 ], [ 106.570349, -6.160096 ], [ 106.569144, -6.158423 ], [ 106.566279, -6.158004 ], [ 106.562828, -6.156526 ], [ 106.56268, -6.156524 ], [ 106.562345, -6.156546 ], [ 106.560969, -6.157304 ], [ 106.560901, -6.15755 ], [ 106.556294, -6.164399 ], [ 106.55543, -6.164772 ], [ 106.555395, -6.164802 ], [ 106.550558, -6.168452 ], [ 106.546992, -6.16959 ], [ 106.542795, -6.170948 ], [ 106.541343, -6.173051 ], [ 106.541372, -6.173167 ], [ 106.542348, -6.177293 ], [ 106.534566, -6.18176 ], [ 106.531275, -6.176647 ], [ 106.529615, -6.174776 ], [ 106.529609, -6.174775 ], [ 106.527681, -6.176439 ], [ 106.527679, -6.176466 ], [ 106.527085, -6.180591 ], [ 106.52573, -6.18375 ], [ 106.525682, -6.184191 ], [ 106.527428, -6.188124 ], [ 106.526248, -6.193585 ], [ 106.522787, -6.195935 ], [ 106.514335, -6.193977 ], [ 106.514011, -6.193213 ], [ 106.513311, -6.190603 ], [ 106.514067, -6.186093 ], [ 106.51379, -6.182503 ], [ 106.513248, -6.179087 ], [ 106.513249, -6.175726 ], [ 106.509649, -6.175726 ], [ 106.50868, -6.180803 ], [ 106.50813, -6.184192 ], [ 106.509322, -6.189012 ], [ 106.504396, -6.194915 ], [ 106.504134, -6.195142 ], [ 106.497302, -6.199183 ], [ 106.494737, -6.198614 ], [ 106.492998, -6.198303 ], [ 106.48915, -6.196784 ], [ 106.488569, -6.196538 ], [ 106.482158, -6.191443 ], [ 106.481516, -6.189301 ], [ 106.481453, -6.188854 ], [ 106.481059, -6.188015 ], [ 106.47887, -6.185995 ], [ 106.476871, -6.18528 ], [ 106.476703, -6.185304 ], [ 106.475402, -6.186959 ], [ 106.466504, -6.187289 ], [ 106.465994, -6.187224 ], [ 106.465481, -6.187155 ], [ 106.46184, -6.188843 ], [ 106.459551, -6.190166 ], [ 106.458503, -6.191018 ], [ 106.456242, -6.193091 ], [ 106.449809, -6.195908 ], [ 106.441499, -6.197873 ], [ 106.440469, -6.197699 ], [ 106.438758, -6.197256 ], [ 106.437238, -6.196686 ], [ 106.435882, -6.196042 ], [ 106.433742, -6.194769 ], [ 106.430916, -6.193151 ], [ 106.429455, -6.192527 ], [ 106.428645, -6.192237 ], [ 106.428128, -6.192077 ], [ 106.42766, -6.191957 ], [ 106.426101, -6.191614 ], [ 106.425176, -6.191477 ], [ 106.424253, -6.191389 ], [ 106.422472, -6.191309 ], [ 106.42075, -6.191258 ], [ 106.420643, -6.194857 ] ] ] } },
{ "type": "Feature", "properties": { "name": "Phoenix Padel Arena - Alam Sutera" }, "geometry": { "type": "Polygon", "coordinates": [ [ [ 106.36488, -6.178975 ], [ 106.368861, -6.178958 ], [ 106.371716, -6.178918 ], [ 106.373378, -6.178877 ], [ 106.376569, -6.178853 ], [ 106.379791, -6.178829 ], [ 106.382481, -6.178864 ], [ 106.389294, -6.180991 ], [ 106.391227, -6.182302 ], [ 106.392701, -6.183278 ], [ 106.393906, -6.183892 ], [ 106.395045, -6.184391 ], [ 106.396153, -6.184766 ], [ 106.397933, -6.185188 ], [ 106.399791, -6.185487 ], [ 106.407117, -6.188319 ], [ 106.408596, -6.189653 ], [ 106.410186, -6.191077 ], [ 106.41162, -6.19219 ], [ 106.413146, -6.193076 ], [ 106.413818, -6.19339 ], [ 106.414878, -6.193839 ], [ 106.416579, -6.194369 ], [ 106.423407, -6.19957 ], [ 106.424523, -6.200738 ], [ 106.42481, -6.200839 ], [ 106.426892, -6.200475 ], [ 106.4332, -6.203715 ], [ 106.434181, -6.205039 ], [ 106.434657, -6.205227 ], [ 106.435378, -6.205503 ], [ 106.438303, -6.209384 ], [ 106.430395, -6.213542 ], [ 106.429882, -6.213373 ], [ 106.428237, -6.21236 ], [ 106.42741, -6.212529 ], [ 106.426519, -6.212757 ], [ 106.426288, -6.212841 ], [ 106.419891, -6.211762 ], [ 106.419513, -6.211621 ], [ 106.417691, -6.212565 ], [ 106.410196, -6.215396 ], [ 106.408559, -6.214581 ], [ 106.407604, -6.214272 ], [ 106.406973, -6.214122 ], [ 106.405302, -6.213951 ], [ 106.405176, -6.213949 ], [ 106.403998, -6.214879 ], [ 106.403461, -6.215714 ], [ 106.403461, -6.215737 ], [ 106.405094, -6.217548 ], [ 106.407429, -6.217999 ], [ 106.412515, -6.224811 ], [ 106.41404, -6.226165 ], [ 106.414151, -6.226202 ], [ 106.414985, -6.226335 ], [ 106.421832, -6.227943 ], [ 106.423512, -6.232991 ], [ 106.42608, -6.239817 ], [ 106.426305, -6.245456 ], [ 106.427729, -6.246934 ], [ 106.428071, -6.246968 ], [ 106.428371, -6.246977 ], [ 106.429592, -6.246924 ], [ 106.429964, -6.24609 ], [ 106.432971, -6.241241 ], [ 106.437551, -6.234932 ], [ 106.437849, -6.234658 ], [ 106.439137, -6.233232 ], [ 106.440241, -6.230076 ], [ 106.44592, -6.223112 ], [ 106.447453, -6.222369 ], [ 106.447578, -6.222128 ], [ 106.45109, -6.218754 ], [ 106.455883, -6.217289 ], [ 106.458223, -6.225764 ], [ 106.455957, -6.227725 ], [ 106.455936, -6.227913 ], [ 106.455958, -6.228663 ], [ 106.456756, -6.229637 ], [ 106.45689, -6.229707 ], [ 106.459674, -6.231155 ], [ 106.464885, -6.233195 ], [ 106.467464, -6.239484 ], [ 106.467505, -6.23977 ], [ 106.468823, -6.246735 ], [ 106.468825, -6.246896 ], [ 106.468547, -6.252002 ], [ 106.468575, -6.252238 ], [ 106.469481, -6.253144 ], [ 106.469713, -6.25326 ], [ 106.470348, -6.252906 ], [ 106.472174, -6.252309 ], [ 106.473682, -6.248522 ], [ 106.475928, -6.244241 ], [ 106.477128, -6.242864 ], [ 106.47742, -6.24172 ], [ 106.485736, -6.239953 ], [ 106.487657, -6.246633 ], [ 106.487427, -6.247502 ], [ 106.485995, -6.249904 ], [ 106.484956, -6.250948 ], [ 106.484928, -6.251175 ], [ 106.482777, -6.255337 ], [ 106.482668, -6.255539 ], [ 106.479538, -6.258685 ], [ 106.479486, -6.262285 ], [ 106.485338, -6.268093 ], [ 106.487644, -6.269292 ], [ 106.487784, -6.269248 ], [ 106.488928, -6.267836 ], [ 106.489109, -6.266027 ], [ 106.489135, -6.265873 ], [ 106.489312, -6.263956 ], [ 106.489276, -6.263733 ], [ 106.48965, -6.259295 ], [ 106.490215, -6.256494 ], [ 106.490589, -6.251439 ], [ 106.490881, -6.250899 ], [ 106.491005, -6.250431 ], [ 106.498021, -6.245561 ], [ 106.501081, -6.250066 ], [ 106.501112, -6.250202 ], [ 106.502007, -6.252368 ], [ 106.502274, -6.252979 ], [ 106.502456, -6.253438 ], [ 106.502636, -6.253763 ], [ 106.507452, -6.258876 ], [ 106.507847, -6.259265 ], [ 106.511402, -6.267062 ], [ 106.511397, -6.268879 ], [ 106.511412, -6.271661 ], [ 106.511431, -6.274568 ], [ 106.511491, -6.274989 ], [ 106.51156, -6.27525 ], [ 106.511745, -6.275743 ], [ 106.512007, -6.276174 ], [ 106.51229, -6.276519 ], [ 106.512885, -6.277135 ], [ 106.515117, -6.278704 ], [ 106.519837, -6.279248 ], [ 106.523749, -6.283301 ], [ 106.521619, -6.289219 ], [ 106.52104, -6.290758 ], [ 106.516087, -6.29822 ], [ 106.507318, -6.298994 ], [ 106.506392, -6.29882 ], [ 106.505203, -6.300505 ], [ 106.505189, -6.301291 ], [ 106.505213, -6.301416 ], [ 106.505725, -6.302357 ], [ 106.506914, -6.303146 ], [ 106.506992, -6.303182 ], [ 106.509378, -6.304259 ], [ 106.51171, -6.304866 ], [ 106.51528, -6.305331 ], [ 106.522175, -6.309711 ], [ 106.522951, -6.310252 ], [ 106.524834, -6.311481 ], [ 106.527486, -6.312862 ], [ 106.533224, -6.316579 ], [ 106.535065, -6.319621 ], [ 106.536998, -6.326745 ], [ 106.538842, -6.328493 ], [ 106.542182, -6.330609 ], [ 106.542438, -6.330647 ], [ 106.543159, -6.330608 ], [ 106.54774, -6.331527 ], [ 106.54837, -6.339835 ], [ 106.548431, -6.34001 ], [ 106.548809, -6.340683 ], [ 106.549204, -6.341174 ], [ 106.547031, -6.349539 ], [ 106.545671, -6.350243 ], [ 106.543292, -6.351223 ], [ 106.542084, -6.35326 ], [ 106.542099, -6.353342 ], [ 106.544076, -6.354737 ], [ 106.55027, -6.361226 ], [ 106.551238, -6.362596 ], [ 106.552547, -6.364261 ], [ 106.552561, -6.364265 ], [ 106.554804, -6.363091 ], [ 106.555918, -6.361697 ], [ 106.560813, -6.357787 ], [ 106.561509, -6.357375 ], [ 106.570223, -6.357193 ], [ 106.57088, -6.357836 ], [ 106.570971, -6.35794 ], [ 106.57748, -6.363261 ], [ 106.577615, -6.363296 ], [ 106.584046, -6.3687 ], [ 106.583059, -6.371191 ], [ 106.582734, -6.371855 ], [ 106.582666, -6.372286 ], [ 106.582668, -6.372869 ], [ 106.580737, -6.37933 ], [ 106.58291, -6.3822 ], [ 106.583286, -6.381916 ], [ 106.583868, -6.381427 ], [ 106.584421, -6.3809 ], [ 106.584866, -6.380403 ], [ 106.588798, -6.378105 ], [ 106.59565, -6.383742 ], [ 106.597444, -6.385901 ], [ 106.598412, -6.385518 ], [ 106.601318, -6.385327 ], [ 106.6062, -6.390231 ], [ 106.606655, -6.39123 ], [ 106.607128, -6.39144 ], [ 106.611513, -6.394521 ], [ 106.609004, -6.400795 ], [ 106.606523, -6.402697 ], [ 106.604005, -6.40323 ], [ 106.603859, -6.403676 ], [ 106.60428, -6.405513 ], [ 106.604447, -6.405646 ], [ 106.60851, -6.406965 ], [ 106.61157, -6.414936 ], [ 106.611532, -6.415099 ], [ 106.612724, -6.41618 ], [ 106.612902, -6.416325 ], [ 106.614573, -6.416441 ], [ 106.614983, -6.416 ], [ 106.615515, -6.415482 ], [ 106.617427, -6.413842 ], [ 106.620801, -6.412423 ], [ 106.621177, -6.412308 ], [ 106.622603, -6.407046 ], [ 106.62509, -6.40444 ], [ 106.632397, -6.408573 ], [ 106.632296, -6.412171 ], [ 106.633559, -6.417349 ], [ 106.633942, -6.419203 ], [ 106.631827, -6.426514 ], [ 106.631646, -6.427746 ], [ 106.631647, -6.428075 ], [ 106.632494, -6.430052 ], [ 106.635031, -6.430446 ], [ 106.635785, -6.430278 ], [ 106.636113, -6.430127 ], [ 106.642876, -6.426756 ], [ 106.647171, -6.422454 ], [ 106.646446, -6.416061 ], [ 106.646416, -6.415827 ], [ 106.64502, -6.411835 ], [ 106.645127, -6.404284 ], [ 106.644893, -6.403839 ], [ 106.644381, -6.401575 ], [ 106.644383, -6.399512 ], [ 106.653163, -6.399205 ], [ 106.653374, -6.39992 ], [ 106.653543, -6.400217 ], [ 106.655727, -6.401757 ], [ 106.655856, -6.401721 ], [ 106.656524, -6.401373 ], [ 106.656942, -6.400912 ], [ 106.657223, -6.39956 ], [ 106.657899, -6.396311 ], [ 106.657896, -6.3962 ], [ 106.657956, -6.39111 ], [ 106.666568, -6.391627 ], [ 106.666847, -6.392045 ], [ 106.666935, -6.392189 ], [ 106.668542, -6.395063 ], [ 106.669358, -6.395881 ], [ 106.669766, -6.396084 ], [ 106.673202, -6.396608 ], [ 106.67468, -6.395768 ], [ 106.682399, -6.399834 ], [ 106.68765, -6.406656 ], [ 106.688535, -6.408571 ], [ 106.690611, -6.410221 ], [ 106.692197, -6.417513 ], [ 106.693312, -6.418628 ], [ 106.693618, -6.418758 ], [ 106.695579, -6.418749 ], [ 106.695968, -6.417819 ], [ 106.697029, -6.415582 ], [ 106.698418, -6.413558 ], [ 106.698546, -6.413176 ], [ 106.699718, -6.408416 ], [ 106.700088, -6.406549 ], [ 106.700088, -6.406459 ], [ 106.698816, -6.404931 ], [ 106.694603, -6.401146 ], [ 106.693665, -6.398025 ], [ 106.692698, -6.396123 ], [ 106.694229, -6.387477 ], [ 106.696788, -6.386665 ], [ 106.697041, -6.386642 ], [ 106.701757, -6.386951 ], [ 106.702778, -6.38717 ], [ 106.70463, -6.387822 ], [ 106.709059, -6.394392 ], [ 106.709276, -6.395052 ], [ 106.710772, -6.397767 ], [ 106.711511, -6.399739 ], [ 106.712539, -6.401398 ], [ 106.714196, -6.404638 ], [ 106.715911, -6.406102 ], [ 106.719381, -6.411661 ], [ 106.720827, -6.41321 ], [ 106.721251, -6.413667 ], [ 106.725297, -6.418272 ], [ 106.731584, -6.424213 ], [ 106.731607, -6.424226 ], [ 106.732154, -6.42424 ], [ 106.734095, -6.42361 ], [ 106.734224, -6.423177 ], [ 106.734797, -6.420947 ], [ 106.734877, -6.420552 ], [ 106.735179, -6.419019 ], [ 106.736718, -6.415011 ], [ 106.740527, -6.410709 ], [ 106.745869, -6.409422 ], [ 106.750662, -6.409283 ], [ 106.754953, -6.411189 ], [ 106.755108, -6.411223 ], [ 106.757056, -6.410005 ], [ 106.761794, -6.407413 ], [ 106.770063, -6.409596 ], [ 106.770301, -6.409575 ], [ 106.771943, -6.407811 ], [ 106.775533, -6.405057 ], [ 106.782074, -6.404543 ], [ 106.783536, -6.404204 ], [ 106.791289, -6.400222 ], [ 106.798275, -6.396776 ], [ 106.799596, -6.395182 ], [ 106.799607, -6.394598 ], [ 106.79841, -6.393179 ], [ 106.794823, -6.391616 ], [ 106.794768, -6.391619 ], [ 106.792528, -6.391522 ], [ 106.792016, -6.391387 ], [ 106.790232, -6.390477 ], [ 106.790586, -6.38152 ], [ 106.791416, -6.380707 ], [ 106.792141, -6.379871 ], [ 106.792107, -6.379304 ], [ 106.791874, -6.378149 ], [ 106.792373, -6.372375 ], [ 106.798638, -6.371928 ], [ 106.800684, -6.372628 ], [ 106.804859, -6.376677 ], [ 106.80563, -6.378443 ], [ 106.806359, -6.38228 ], [ 106.808038, -6.383081 ], [ 106.809641, -6.383758 ], [ 106.812667, -6.386161 ], [ 106.813796, -6.387854 ], [ 106.814059, -6.388061 ], [ 106.814144, -6.388083 ], [ 106.816105, -6.387228 ], [ 106.816222, -6.38685 ], [ 106.816625, -6.385558 ], [ 106.816721, -6.384939 ], [ 106.816862, -6.382948 ], [ 106.817183, -6.381525 ], [ 106.817216, -6.381305 ], [ 106.817228, -6.381213 ], [ 106.817249, -6.380991 ], [ 106.817725, -6.378428 ], [ 106.825238, -6.375513 ], [ 106.826256, -6.375833 ], [ 106.831659, -6.377829 ], [ 106.833626, -6.378601 ], [ 106.833803, -6.378663 ], [ 106.836189, -6.379653 ], [ 106.837389, -6.380106 ], [ 106.842984, -6.380646 ], [ 106.850189, -6.380727 ], [ 106.854263, -6.381207 ], [ 106.85464, -6.381267 ], [ 106.858986, -6.38212 ], [ 106.861008, -6.382427 ], [ 106.863577, -6.382668 ], [ 106.866878, -6.382994 ], [ 106.868317, -6.383152 ], [ 106.86871, -6.379574 ], [ 106.863445, -6.378106 ], [ 106.862644, -6.377864 ], [ 106.861793, -6.37791 ], [ 106.854199, -6.377549 ], [ 106.850582, -6.377148 ], [ 106.848885, -6.37696 ], [ 106.848144, -6.376894 ], [ 106.847748, -6.376873 ], [ 106.846711, -6.376838 ], [ 106.845807, -6.376857 ], [ 106.837778, -6.375321 ], [ 106.837054, -6.375044 ], [ 106.836546, -6.375012 ], [ 106.834041, -6.374685 ], [ 106.832975, -6.374478 ], [ 106.827447, -6.372436 ], [ 106.82632, -6.37208 ], [ 106.823458, -6.371121 ], [ 106.821932, -6.362927 ], [ 106.821976, -6.362732 ], [ 106.822051, -6.359892 ], [ 106.821238, -6.35318 ], [ 106.821585, -6.350765 ], [ 106.821563, -6.350514 ], [ 106.820323, -6.349203 ], [ 106.820002, -6.349104 ], [ 106.81626, -6.350596 ], [ 106.810387, -6.344782 ], [ 106.810382, -6.344744 ], [ 106.810209, -6.3444 ], [ 106.807603, -6.337894 ], [ 106.806438, -6.335832 ], [ 106.806273, -6.335629 ], [ 106.807563, -6.32684 ], [ 106.807857, -6.326308 ], [ 106.807873, -6.32616 ], [ 106.806491, -6.323403 ], [ 106.805508, -6.316095 ], [ 106.805527, -6.315144 ], [ 106.805486, -6.314517 ], [ 106.805283, -6.309165 ], [ 106.805409, -6.307151 ], [ 106.805379, -6.305543 ], [ 106.805827, -6.299405 ], [ 106.800311, -6.292513 ], [ 106.800232, -6.291571 ], [ 106.800156, -6.291148 ], [ 106.799538, -6.29025 ], [ 106.794891, -6.282589 ], [ 106.795335, -6.281855 ], [ 106.798439, -6.273628 ], [ 106.799486, -6.27257 ], [ 106.800263, -6.271858 ], [ 106.80468, -6.268418 ], [ 106.805888, -6.266952 ], [ 106.814026, -6.267126 ], [ 106.815083, -6.268607 ], [ 106.815389, -6.268911 ], [ 106.815494, -6.268932 ], [ 106.815851, -6.26873 ], [ 106.817574, -6.267733 ], [ 106.823249, -6.262977 ], [ 106.828913, -6.265986 ], [ 106.831017, -6.267399 ], [ 106.836117, -6.269469 ], [ 106.837916, -6.270536 ], [ 106.844065, -6.276686 ], [ 106.843333, -6.279899 ], [ 106.842954, -6.281993 ], [ 106.846496, -6.282634 ], [ 106.846875, -6.280539 ], [ 106.847575, -6.277488 ], [ 106.849301, -6.273453 ], [ 106.849624, -6.272707 ], [ 106.850122, -6.271251 ], [ 106.858426, -6.268394 ], [ 106.859407, -6.269313 ], [ 106.863093, -6.272896 ], [ 106.865062, -6.274215 ], [ 106.869054, -6.28057 ], [ 106.869134, -6.280687 ], [ 106.869495, -6.281054 ], [ 106.870966, -6.280678 ], [ 106.873119, -6.280105 ], [ 106.876456, -6.278756 ], [ 106.875479, -6.276338 ], [ 106.8754, -6.276092 ], [ 106.875211, -6.27549 ], [ 106.874855, -6.274048 ], [ 106.876513, -6.265786 ], [ 106.876866, -6.265016 ], [ 106.88511, -6.261588 ], [ 106.88805, -6.25951 ], [ 106.886873, -6.257845 ], [ 106.884999, -6.255276 ], [ 106.8874, -6.248118 ], [ 106.888048, -6.247707 ], [ 106.889875, -6.246403 ], [ 106.897215, -6.248136 ], [ 106.897851, -6.249057 ], [ 106.89935, -6.251565 ], [ 106.900398, -6.25309 ], [ 106.901249, -6.254056 ], [ 106.90406, -6.256135 ], [ 106.904757, -6.256501 ], [ 106.905447, -6.256798 ], [ 106.907418, -6.25756 ], [ 106.909388, -6.258321 ], [ 106.910715, -6.258835 ], [ 106.912016, -6.255479 ], [ 106.908804, -6.253964 ], [ 106.908419, -6.253835 ], [ 106.90233, -6.249545 ], [ 106.900943, -6.247214 ], [ 106.899751, -6.242109 ], [ 106.898552, -6.241159 ], [ 106.89603, -6.239051 ], [ 106.891298, -6.233118 ], [ 106.891042, -6.232784 ], [ 106.889842, -6.231962 ], [ 106.889705, -6.231875 ], [ 106.889211, -6.231804 ], [ 106.880546, -6.229476 ], [ 106.876364, -6.223017 ], [ 106.876257, -6.221512 ], [ 106.876139, -6.219618 ], [ 106.87614, -6.21904 ], [ 106.876112, -6.218409 ], [ 106.876025, -6.217128 ], [ 106.875949, -6.21541 ], [ 106.87588, -6.213374 ], [ 106.875728, -6.210022 ], [ 106.875556, -6.205993 ], [ 106.875531, -6.205629 ], [ 106.875452, -6.20508 ], [ 106.871831, -6.205556 ], [ 106.870753, -6.209416 ], [ 106.870747, -6.209541 ], [ 106.868528, -6.215597 ], [ 106.863612, -6.217815 ], [ 106.859325, -6.216802 ], [ 106.85897, -6.216779 ], [ 106.858919, -6.216785 ], [ 106.852618, -6.211981 ], [ 106.853788, -6.208577 ], [ 106.852667, -6.203015 ], [ 106.852702, -6.201525 ], [ 106.852763, -6.200357 ], [ 106.852042, -6.195066 ], [ 106.85175, -6.194614 ], [ 106.850252, -6.19223 ], [ 106.845035, -6.189619 ], [ 106.844048, -6.184859 ], [ 106.844717, -6.182556 ], [ 106.8456, -6.177663 ], [ 106.845743, -6.177289 ], [ 106.845268, -6.175752 ], [ 106.845255, -6.175706 ], [ 106.843685, -6.171235 ], [ 106.845504, -6.165882 ], [ 106.848085, -6.162712 ], [ 106.849369, -6.160755 ], [ 106.8493, -6.156985 ], [ 106.847654, -6.153952 ], [ 106.847588, -6.153905 ], [ 106.845262, -6.152714 ], [ 106.847237, -6.144442 ], [ 106.850783, -6.143819 ], [ 106.85134, -6.142989 ], [ 106.850703, -6.139446 ], [ 106.852056, -6.133699 ], [ 106.856208, -6.129275 ], [ 106.8588, -6.127932 ], [ 106.860494, -6.127053 ], [ 106.867993, -6.125383 ], [ 106.870185, -6.125798 ], [ 106.871178, -6.125999 ], [ 106.871893, -6.12247 ], [ 106.87566, -6.114533 ], [ 106.877534, -6.113234 ], [ 106.878331, -6.111167 ], [ 106.878318, -6.111127 ], [ 106.876117, -6.109924 ], [ 106.875895, -6.11002 ], [ 106.875238, -6.110348 ], [ 106.868135, -6.113903 ], [ 106.862412, -6.115823 ], [ 106.85369, -6.117072 ], [ 106.852829, -6.117155 ], [ 106.845192, -6.11938 ], [ 106.84489, -6.119445 ], [ 106.844335, -6.119641 ], [ 106.840444, -6.122209 ], [ 106.831928, -6.121666 ], [ 106.831351, -6.121179 ], [ 106.830201, -6.120335 ], [ 106.822178, -6.117092 ], [ 106.818358, -6.11396 ], [ 106.818274, -6.113948 ], [ 106.817616, -6.114586 ], [ 106.815339, -6.116142 ], [ 106.809042, -6.116164 ], [ 106.80683, -6.110771 ], [ 106.806645, -6.109863 ], [ 106.80542, -6.10608 ], [ 106.805221, -6.105018 ], [ 106.804969, -6.102359 ], [ 106.804968, -6.102259 ], [ 106.805421, -6.097238 ], [ 106.805694, -6.096086 ], [ 106.80568, -6.095996 ], [ 106.802121, -6.096536 ], [ 106.800241, -6.096849 ], [ 106.800015, -6.096884 ], [ 106.799234, -6.098191 ], [ 106.797961, -6.105062 ], [ 106.797022, -6.106609 ], [ 106.789986, -6.109781 ], [ 106.789919, -6.109792 ], [ 106.789854, -6.109837 ], [ 106.781321, -6.108571 ], [ 106.78074, -6.107392 ], [ 106.780486, -6.106623 ], [ 106.780382, -6.106583 ], [ 106.779484, -6.106221 ], [ 106.779426, -6.106201 ], [ 106.775107, -6.104351 ], [ 106.775062, -6.104354 ], [ 106.772122, -6.105767 ], [ 106.763462, -6.104816 ], [ 106.759582, -6.102845 ], [ 106.758637, -6.102846 ], [ 106.75306, -6.095966 ], [ 106.754244, -6.09068 ], [ 106.754784, -6.089825 ], [ 106.754876, -6.08903 ], [ 106.754499, -6.087994 ], [ 106.753913, -6.086154 ], [ 106.752708, -6.085527 ], [ 106.749898, -6.084211 ], [ 106.749805, -6.084179 ], [ 106.749135, -6.085 ], [ 106.740901, -6.086433 ], [ 106.739734, -6.085436 ], [ 106.73943, -6.085152 ], [ 106.737378, -6.083489 ], [ 106.736225, -6.082636 ], [ 106.735274, -6.081839 ], [ 106.734144, -6.081363 ], [ 106.732481, -6.084338 ], [ 106.727747, -6.085912 ], [ 106.722907, -6.08128 ], [ 106.721596, -6.080016 ], [ 106.719646, -6.077412 ], [ 106.719613, -6.077363 ], [ 106.717877, -6.075504 ], [ 106.714952, -6.077603 ], [ 106.709093, -6.077568 ], [ 106.707861, -6.077008 ], [ 106.706478, -6.076939 ], [ 106.698585, -6.074421 ], [ 106.692685, -6.069823 ], [ 106.692231, -6.069391 ], [ 106.688798, -6.06973 ], [ 106.685127, -6.069449 ], [ 106.680354, -6.065284 ], [ 106.676997, -6.063984 ], [ 106.675802, -6.067071 ], [ 106.66897, -6.070701 ], [ 106.667208, -6.070042 ], [ 106.660106, -6.07196 ], [ 106.657496, -6.069779 ], [ 106.654154, -6.063886 ], [ 106.65346, -6.062616 ], [ 106.64835, -6.056581 ], [ 106.647474, -6.055595 ], [ 106.64715, -6.055479 ], [ 106.647052, -6.055447 ], [ 106.64683, -6.055381 ], [ 106.638718, -6.057403 ], [ 106.632662, -6.0611 ], [ 106.632606, -6.06124 ], [ 106.631759, -6.064607 ], [ 106.631585, -6.065549 ], [ 106.631539, -6.065997 ], [ 106.631546, -6.066406 ], [ 106.631618, -6.066823 ], [ 106.631928, -6.070607 ], [ 106.632376, -6.071948 ], [ 106.633294, -6.076758 ], [ 106.628587, -6.082926 ], [ 106.627897, -6.083201 ], [ 106.621762, -6.084518 ], [ 106.621253, -6.084606 ], [ 106.620128, -6.08537 ], [ 106.620039, -6.085697 ], [ 106.619981, -6.086371 ], [ 106.620699, -6.087957 ], [ 106.6227, -6.096115 ], [ 106.62217, -6.097524 ], [ 106.62206, -6.097955 ], [ 106.622025, -6.098259 ], [ 106.621325, -6.106458 ], [ 106.615075, -6.112644 ], [ 106.611518, -6.114266 ], [ 106.609986, -6.114768 ], [ 106.609978, -6.114771 ], [ 106.603189, -6.114458 ], [ 106.597052, -6.108243 ], [ 106.595131, -6.103879 ], [ 106.595109, -6.103863 ], [ 106.594947, -6.103778 ], [ 106.5946, -6.103668 ], [ 106.594535, -6.103657 ], [ 106.593244, -6.103699 ], [ 106.58659, -6.098641 ], [ 106.585129, -6.096551 ], [ 106.584996, -6.096523 ], [ 106.583282, -6.09722 ], [ 106.577749, -6.101128 ], [ 106.570902, -6.098755 ], [ 106.570074, -6.098321 ], [ 106.569756, -6.098175 ], [ 106.568746, -6.097688 ], [ 106.567746, -6.097204 ], [ 106.56026, -6.095149 ], [ 106.555165, -6.092137 ], [ 106.551891, -6.089608 ], [ 106.551648, -6.089552 ], [ 106.550473, -6.089339 ], [ 106.549042, -6.089773 ], [ 106.548958, -6.089836 ], [ 106.548704, -6.090881 ], [ 106.54855, -6.091482 ], [ 106.548542, -6.092373 ], [ 106.548666, -6.092453 ], [ 106.549005, -6.092649 ], [ 106.552845, -6.096148 ], [ 106.554049, -6.09748 ], [ 106.556744, -6.100446 ], [ 106.560068, -6.106555 ], [ 106.556805, -6.112794 ], [ 106.553101, -6.11347 ], [ 106.550146, -6.113353 ], [ 106.550068, -6.113444 ], [ 106.549261, -6.114901 ], [ 106.549237, -6.11498 ], [ 106.548656, -6.11661 ], [ 106.548647, -6.116885 ], [ 106.549659, -6.118485 ], [ 106.548327, -6.126793 ], [ 106.546839, -6.127127 ], [ 106.545644, -6.12803 ], [ 106.545626, -6.128067 ], [ 106.539156, -6.130971 ], [ 106.536256, -6.129102 ], [ 106.535369, -6.128564 ], [ 106.534658, -6.128317 ], [ 106.527827, -6.12338 ], [ 106.526878, -6.1218 ], [ 106.526562, -6.121689 ], [ 106.525577, -6.121765 ], [ 106.52303, -6.122508 ], [ 106.518362, -6.126084 ], [ 106.516508, -6.127578 ], [ 106.516495, -6.127645 ], [ 106.517655, -6.129614 ], [ 106.517924, -6.129668 ], [ 106.519292, -6.129775 ], [ 106.523542, -6.131644 ], [ 106.525842, -6.139557 ], [ 106.524348, -6.141062 ], [ 106.518839, -6.14137 ], [ 106.518166, -6.141309 ], [ 106.514706, -6.139587 ], [ 106.513767, -6.138575 ], [ 106.5133, -6.138511 ], [ 106.511117, -6.139302 ], [ 106.508934, -6.139767 ], [ 106.508802, -6.139829 ], [ 106.509509, -6.141493 ], [ 106.510323, -6.143092 ], [ 106.514833, -6.148276 ], [ 106.513035, -6.153801 ], [ 106.509599, -6.156208 ], [ 106.504545, -6.163307 ], [ 106.502848, -6.165596 ], [ 106.504189, -6.168937 ], [ 106.501459, -6.176737 ], [ 106.499201, -6.179805 ], [ 106.493027, -6.180515 ], [ 106.491255, -6.180758 ], [ 106.487836, -6.184613 ], [ 106.486645, -6.185209 ], [ 106.486041, -6.185533 ], [ 106.477543, -6.18292 ], [ 106.477283, -6.182091 ], [ 106.476768, -6.180588 ], [ 106.476629, -6.180161 ], [ 106.476256, -6.175738 ], [ 106.47838, -6.169903 ], [ 106.478427, -6.169681 ], [ 106.477244, -6.168302 ], [ 106.476905, -6.168229 ], [ 106.473807, -6.168818 ], [ 106.472441, -6.170758 ], [ 106.47236, -6.17217 ], [ 106.472418, -6.172611 ], [ 106.472525, -6.174315 ], [ 106.466932, -6.179751 ], [ 106.465698, -6.18015 ], [ 106.460395, -6.179495 ], [ 106.457922, -6.175235 ], [ 106.456448, -6.171819 ], [ 106.456286, -6.170461 ], [ 106.455866, -6.16854 ], [ 106.453849, -6.166992 ], [ 106.448819, -6.165561 ], [ 106.448751, -6.165558 ], [ 106.448633, -6.165557 ], [ 106.448565, -6.165558 ], [ 106.442138, -6.167534 ], [ 106.438962, -6.164489 ], [ 106.438942, -6.164472 ], [ 106.434453, -6.162884 ], [ 106.432828, -6.163959 ], [ 106.431873, -6.165394 ], [ 106.433131, -6.168332 ], [ 106.434857, -6.170247 ], [ 106.436967, -6.175766 ], [ 106.434268, -6.180982 ], [ 106.432645, -6.182863 ], [ 106.432692, -6.183885 ], [ 106.425991, -6.189583 ], [ 106.418523, -6.191087 ], [ 106.415313, -6.190115 ], [ 106.412589, -6.188396 ], [ 106.410999, -6.186972 ], [ 106.4093, -6.185456 ], [ 106.408393, -6.184768 ], [ 106.407274, -6.184019 ], [ 106.406428, -6.183577 ], [ 106.405503, -6.18316 ], [ 106.404414, -6.182752 ], [ 106.403406, -6.182448 ], [ 106.402212, -6.182164 ], [ 106.400355, -6.181932 ], [ 106.393252, -6.179326 ], [ 106.391192, -6.177932 ], [ 106.390497, -6.177502 ], [ 106.389753, -6.177083 ], [ 106.388916, -6.176666 ], [ 106.388102, -6.176329 ], [ 106.387366, -6.176078 ], [ 106.386173, -6.175739 ], [ 106.38516, -6.175535 ], [ 106.384117, -6.175389 ], [ 106.382527, -6.175264 ], [ 106.379765, -6.175229 ], [ 106.376542, -6.175253 ], [ 106.373289, -6.175278 ], [ 106.371665, -6.175318 ], [ 106.368846, -6.175358 ], [ 106.364865, -6.175375 ], [ 106.360883, -6.175392 ], [ 106.360898, -6.178991 ], [ 106.36488, -6.178975 ] ] ] } },
{ "type": "Feature", "properties": { "name": "Alba Padel Court BSD" }, "geometry": { "type": "Polygon", "coordinates": [ [ [ 106.41162, -6.19219 ], [ 106.413146, -6.193076 ], [ 106.413818, -6.19339 ], [ 106.414878, -6.193839 ], [ 106.416579, -6.194369 ], [ 106.417845, -6.194623 ], [ 106.4191, -6.194782 ], [ 106.420545, -6.194854 ], [ 106.422366, -6.194908 ], [ 106.424093, -6.194985 ], [ 106.431901, -6.197863 ], [ 106.434041, -6.199136 ], [ 106.435678, -6.199931 ], [ 106.437481, -6.200622 ], [ 106.439548, -6.201179 ], [ 106.440877, -6.201419 ], [ 106.445993, -6.208748 ], [ 106.443391, -6.212888 ], [ 106.442443, -6.214218 ], [ 106.443909, -6.216082 ], [ 106.44487, -6.216877 ], [ 106.44573, -6.216092 ], [ 106.446104, -6.215684 ], [ 106.449036, -6.213005 ], [ 106.454984, -6.211289 ], [ 106.456717, -6.210168 ], [ 106.465297, -6.207606 ], [ 106.466482, -6.207816 ], [ 106.470647, -6.215112 ], [ 106.470609, -6.21745 ], [ 106.470614, -6.219102 ], [ 106.470494, -6.221937 ], [ 106.469437, -6.225378 ], [ 106.469788, -6.226392 ], [ 106.469908, -6.226649 ], [ 106.472096, -6.227297 ], [ 106.472111, -6.227291 ], [ 106.473169, -6.225123 ], [ 106.47508, -6.22178 ], [ 106.482934, -6.219501 ], [ 106.483155, -6.219519 ], [ 106.489787, -6.222676 ], [ 106.489864, -6.22273 ], [ 106.492633, -6.225098 ], [ 106.493801, -6.233267 ], [ 106.488846, -6.240201 ], [ 106.488774, -6.24047 ], [ 106.484793, -6.247973 ], [ 106.484744, -6.248043 ], [ 106.484449, -6.248664 ], [ 106.480989, -6.254469 ], [ 106.474404, -6.257091 ], [ 106.473695, -6.257458 ], [ 106.472531, -6.25859 ], [ 106.468483, -6.261487 ], [ 106.467643, -6.263243 ], [ 106.468607, -6.265052 ], [ 106.469283, -6.265784 ], [ 106.469377, -6.265784 ], [ 106.470436, -6.26549 ], [ 106.472117, -6.265309 ], [ 106.472693, -6.265217 ], [ 106.472982, -6.265123 ], [ 106.476622, -6.264537 ], [ 106.480976, -6.271879 ], [ 106.4799, -6.273204 ], [ 106.479902, -6.273505 ], [ 106.480442, -6.274778 ], [ 106.475962, -6.282255 ], [ 106.473674, -6.283276 ], [ 106.4699, -6.285704 ], [ 106.468099, -6.287593 ], [ 106.468277, -6.291643 ], [ 106.468466, -6.295239 ], [ 106.47114, -6.302162 ], [ 106.471373, -6.303473 ], [ 106.470242, -6.311389 ], [ 106.470439, -6.311807 ], [ 106.468658, -6.317734 ], [ 106.463409, -6.317667 ], [ 106.460694, -6.317754 ], [ 106.459971, -6.318738 ], [ 106.458724, -6.326971 ], [ 106.457924, -6.328817 ], [ 106.45799, -6.329028 ], [ 106.458387, -6.329237 ], [ 106.460397, -6.330159 ], [ 106.462382, -6.331102 ], [ 106.462617, -6.331152 ], [ 106.46635, -6.329801 ], [ 106.471902, -6.330614 ], [ 106.472101, -6.330655 ], [ 106.473656, -6.330221 ], [ 106.48153, -6.332411 ], [ 106.482837, -6.33491 ], [ 106.482895, -6.334964 ], [ 106.486275, -6.340323 ], [ 106.486731, -6.341339 ], [ 106.488296, -6.343325 ], [ 106.486757, -6.351946 ], [ 106.480406, -6.351101 ], [ 106.480399, -6.3511 ], [ 106.477762, -6.351936 ], [ 106.471515, -6.353416 ], [ 106.470632, -6.353635 ], [ 106.469801, -6.353834 ], [ 106.467455, -6.355234 ], [ 106.467435, -6.355276 ], [ 106.468161, -6.357605 ], [ 106.46895, -6.357976 ], [ 106.47342, -6.36006 ], [ 106.478832, -6.362019 ], [ 106.479909, -6.362381 ], [ 106.485185, -6.364082 ], [ 106.488406, -6.365692 ], [ 106.496255, -6.367538 ], [ 106.499277, -6.369495 ], [ 106.507603, -6.369438 ], [ 106.50981, -6.372963 ], [ 106.510733, -6.37539 ], [ 106.510957, -6.375416 ], [ 106.511322, -6.375431 ], [ 106.511934, -6.375335 ], [ 106.512798, -6.375011 ], [ 106.519863, -6.374557 ], [ 106.521162, -6.383097 ], [ 106.520298, -6.383863 ], [ 106.520236, -6.384954 ], [ 106.519743, -6.387672 ], [ 106.520428, -6.391206 ], [ 106.521148, -6.39108 ], [ 106.52154, -6.390974 ], [ 106.528692, -6.391242 ], [ 106.532813, -6.396118 ], [ 106.532731, -6.399577 ], [ 106.532942, -6.401366 ], [ 106.533003, -6.403166 ], [ 106.535455, -6.403999 ], [ 106.543895, -6.405246 ], [ 106.546501, -6.405311 ], [ 106.552739, -6.408897 ], [ 106.552934, -6.408929 ], [ 106.553822, -6.409061 ], [ 106.554093, -6.409001 ], [ 106.555155, -6.407988 ], [ 106.555195, -6.407787 ], [ 106.557251, -6.403652 ], [ 106.56547, -6.401418 ], [ 106.568644, -6.404494 ], [ 106.575335, -6.406338 ], [ 106.576473, -6.406789 ], [ 106.577058, -6.407025 ], [ 106.578277, -6.407107 ], [ 106.579403, -6.406986 ], [ 106.586297, -6.410162 ], [ 106.581649, -6.4175 ], [ 106.580771, -6.417527 ], [ 106.579032, -6.417491 ], [ 106.576704, -6.417453 ], [ 106.576176, -6.417569 ], [ 106.575905, -6.417659 ], [ 106.570068, -6.422051 ], [ 106.567958, -6.422042 ], [ 106.566706, -6.422108 ], [ 106.565937, -6.422357 ], [ 106.565626, -6.422545 ], [ 106.564977, -6.423003 ], [ 106.564605, -6.423374 ], [ 106.564274, -6.423926 ], [ 106.563567, -6.425157 ], [ 106.563712, -6.42586 ], [ 106.566223, -6.427587 ], [ 106.57265, -6.430061 ], [ 106.572239, -6.437243 ], [ 106.571998, -6.437802 ], [ 106.571866, -6.438226 ], [ 106.572899, -6.440241 ], [ 106.573231, -6.440307 ], [ 106.574115, -6.44029 ], [ 106.579052, -6.441055 ], [ 106.582852, -6.444929 ], [ 106.583043, -6.44532 ], [ 106.583362, -6.445558 ], [ 106.583769, -6.445839 ], [ 106.584073, -6.44599 ], [ 106.584276, -6.446074 ], [ 106.587509, -6.444094 ], [ 106.594091, -6.446347 ], [ 106.595827, -6.44797 ], [ 106.59803, -6.448019 ], [ 106.605809, -6.4467 ], [ 106.609337, -6.447418 ], [ 106.617439, -6.451315 ], [ 106.617459, -6.453581 ], [ 106.617418, -6.453798 ], [ 106.620572, -6.454922 ], [ 106.622383, -6.45455 ], [ 106.623677, -6.454376 ], [ 106.624275, -6.454181 ], [ 106.631762, -6.457633 ], [ 106.632261, -6.461064 ], [ 106.63208, -6.466907 ], [ 106.63623, -6.474255 ], [ 106.637176, -6.476071 ], [ 106.63807, -6.483916 ], [ 106.639863, -6.485611 ], [ 106.641106, -6.485814 ], [ 106.642543, -6.485501 ], [ 106.646901, -6.484792 ], [ 106.653768, -6.486605 ], [ 106.654154, -6.486736 ], [ 106.655973, -6.486569 ], [ 106.656339, -6.485842 ], [ 106.656958, -6.484615 ], [ 106.657149, -6.484024 ], [ 106.657104, -6.482861 ], [ 106.65682, -6.481997 ], [ 106.656479, -6.480147 ], [ 106.655967, -6.478981 ], [ 106.653837, -6.479069 ], [ 106.648907, -6.474159 ], [ 106.650383, -6.469868 ], [ 106.657691, -6.466332 ], [ 106.659406, -6.469497 ], [ 106.660588, -6.471115 ], [ 106.663224, -6.472714 ], [ 106.670432, -6.475308 ], [ 106.670913, -6.475851 ], [ 106.671416, -6.476245 ], [ 106.674344, -6.480219 ], [ 106.674854, -6.482095 ], [ 106.678328, -6.48115 ], [ 106.677816, -6.476931 ], [ 106.677808, -6.476714 ], [ 106.676478, -6.475263 ], [ 106.673794, -6.468978 ], [ 106.673054, -6.462932 ], [ 106.673329, -6.455852 ], [ 106.678116, -6.451814 ], [ 106.680448, -6.451231 ], [ 106.689167, -6.450193 ], [ 106.692463, -6.45592 ], [ 106.694426, -6.457785 ], [ 106.6962, -6.460212 ], [ 106.697251, -6.46154 ], [ 106.697501, -6.461646 ], [ 106.705576, -6.464818 ], [ 106.707293, -6.465686 ], [ 106.709655, -6.46685 ], [ 106.711857, -6.465947 ], [ 106.711954, -6.465764 ], [ 106.711593, -6.463816 ], [ 106.710226, -6.456834 ], [ 106.70994, -6.456433 ], [ 106.70513, -6.449822 ], [ 106.704454, -6.44845 ], [ 106.705888, -6.439949 ], [ 106.71047, -6.436943 ], [ 106.716912, -6.435244 ], [ 106.723675, -6.440818 ], [ 106.723714, -6.441252 ], [ 106.724799, -6.442103 ], [ 106.726635, -6.443451 ], [ 106.727208, -6.451307 ], [ 106.727268, -6.457685 ], [ 106.727396, -6.459001 ], [ 106.7277, -6.463985 ], [ 106.727564, -6.464595 ], [ 106.727396, -6.46559 ], [ 106.727363, -6.466084 ], [ 106.727381, -6.469271 ], [ 106.727393, -6.469768 ], [ 106.728984, -6.471018 ], [ 106.729177, -6.471039 ], [ 106.730992, -6.469683 ], [ 106.731189, -6.467568 ], [ 106.732222, -6.464526 ], [ 106.732289, -6.464308 ], [ 106.733283, -6.461138 ], [ 106.739485, -6.458902 ], [ 106.739727, -6.458878 ], [ 106.741069, -6.456733 ], [ 106.741049, -6.456656 ], [ 106.742553, -6.449295 ], [ 106.744373, -6.448033 ], [ 106.744396, -6.447951 ], [ 106.742648, -6.441943 ], [ 106.742635, -6.44159 ], [ 106.740572, -6.435782 ], [ 106.740571, -6.435697 ], [ 106.739194, -6.429379 ], [ 106.739422, -6.42852 ], [ 106.739423, -6.42815 ], [ 106.73986, -6.423776 ], [ 106.739862, -6.423764 ], [ 106.741078, -6.420159 ], [ 106.749354, -6.421196 ], [ 106.749427, -6.42378 ], [ 106.749541, -6.424805 ], [ 106.75018, -6.427543 ], [ 106.750199, -6.428077 ], [ 106.75162, -6.428955 ], [ 106.751832, -6.42896 ], [ 106.751902, -6.428956 ], [ 106.753797, -6.427948 ], [ 106.753777, -6.427413 ], [ 106.753835, -6.426153 ], [ 106.754525, -6.423883 ], [ 106.75533, -6.42177 ], [ 106.763936, -6.423275 ], [ 106.764373, -6.4258 ], [ 106.764364, -6.42613 ], [ 106.764556, -6.426234 ], [ 106.766284, -6.426003 ], [ 106.766392, -6.42591 ], [ 106.770958, -6.422084 ], [ 106.7729, -6.420455 ], [ 106.780562, -6.421055 ], [ 106.78264, -6.422016 ], [ 106.782737, -6.421985 ], [ 106.784156, -6.420855 ], [ 106.790704, -6.416027 ], [ 106.794043, -6.419349 ], [ 106.795521, -6.420926 ], [ 106.795986, -6.421388 ], [ 106.796, -6.421387 ], [ 106.796164, -6.421347 ], [ 106.79683, -6.416706 ], [ 106.796818, -6.416608 ], [ 106.796415, -6.41503 ], [ 106.795975, -6.41456 ], [ 106.794501, -6.409666 ], [ 106.798999, -6.405845 ], [ 106.799016, -6.405844 ], [ 106.800619, -6.403863 ], [ 106.80776, -6.403685 ], [ 106.812645, -6.406475 ], [ 106.812802, -6.406476 ], [ 106.814453, -6.40469 ], [ 106.820701, -6.400574 ], [ 106.821438, -6.400035 ], [ 106.82459, -6.397316 ], [ 106.826448, -6.39553 ], [ 106.827831, -6.393898 ], [ 106.832131, -6.388333 ], [ 106.832344, -6.387442 ], [ 106.832387, -6.387239 ], [ 106.83461, -6.38292 ], [ 106.839582, -6.381782 ], [ 106.839973, -6.381793 ], [ 106.840707, -6.381767 ], [ 106.841236, -6.381675 ], [ 106.846867, -6.382413 ], [ 106.849715, -6.38479 ], [ 106.850596, -6.386024 ], [ 106.85118, -6.38671 ], [ 106.852242, -6.387848 ], [ 106.852284, -6.387851 ], [ 106.854182, -6.386334 ], [ 106.857382, -6.385172 ], [ 106.863324, -6.389408 ], [ 106.86252, -6.39295 ], [ 106.861918, -6.39382 ], [ 106.860276, -6.398585 ], [ 106.859563, -6.399588 ], [ 106.859556, -6.399722 ], [ 106.860377, -6.406833 ], [ 106.860253, -6.407957 ], [ 106.861848, -6.408806 ], [ 106.861931, -6.408814 ], [ 106.863832, -6.408349 ], [ 106.868174, -6.402241 ], [ 106.870558, -6.401368 ], [ 106.870711, -6.40102 ], [ 106.873819, -6.393374 ], [ 106.874958, -6.39288 ], [ 106.876285, -6.392384 ], [ 106.876675, -6.389496 ], [ 106.8832, -6.385889 ], [ 106.885663, -6.38638 ], [ 106.886489, -6.386588 ], [ 106.88861, -6.387167 ], [ 106.889847, -6.387556 ], [ 106.89065, -6.387843 ], [ 106.890796, -6.387888 ], [ 106.891984, -6.388317 ], [ 106.893045, -6.388674 ], [ 106.893707, -6.38888 ], [ 106.894698, -6.389159 ], [ 106.895674, -6.385694 ], [ 106.893644, -6.384903 ], [ 106.891058, -6.384166 ], [ 106.888663, -6.383273 ], [ 106.88817, -6.383064 ], [ 106.887835, -6.382978 ], [ 106.886545, -6.38289 ], [ 106.883906, -6.382359 ], [ 106.879738, -6.375071 ], [ 106.878158, -6.373047 ], [ 106.874958, -6.370147 ], [ 106.873264, -6.369656 ], [ 106.867222, -6.36342 ], [ 106.867086, -6.363356 ], [ 106.861086, -6.357955 ], [ 106.861373, -6.355782 ], [ 106.861838, -6.35473 ], [ 106.862085, -6.352269 ], [ 106.862082, -6.352266 ], [ 106.859853, -6.351727 ], [ 106.859658, -6.351855 ], [ 106.858596, -6.352953 ], [ 106.855728, -6.355997 ], [ 106.85569, -6.356075 ], [ 106.855689, -6.357901 ], [ 106.856868, -6.359931 ], [ 106.854083, -6.368464 ], [ 106.847024, -6.37061 ], [ 106.846704, -6.37063 ], [ 106.845832, -6.370692 ], [ 106.845068, -6.37072 ], [ 106.837653, -6.372803 ], [ 106.835806, -6.368334 ], [ 106.835813, -6.367823 ], [ 106.835731, -6.366744 ], [ 106.835548, -6.364393 ], [ 106.835421, -6.363353 ], [ 106.835316, -6.362248 ], [ 106.834358, -6.358078 ], [ 106.834354, -6.35803 ], [ 106.834273, -6.357652 ], [ 106.834246, -6.357571 ], [ 106.832432, -6.357598 ], [ 106.832213, -6.357648 ], [ 106.82592, -6.353203 ], [ 106.82737, -6.348964 ], [ 106.831483, -6.346825 ], [ 106.831668, -6.346806 ], [ 106.831861, -6.346752 ], [ 106.832616, -6.345666 ], [ 106.832666, -6.345468 ], [ 106.831866, -6.343453 ], [ 106.830951, -6.341735 ], [ 106.828579, -6.33967 ], [ 106.828571, -6.339665 ], [ 106.825562, -6.336556 ], [ 106.825553, -6.336542 ], [ 106.825059, -6.336199 ], [ 106.824093, -6.328157 ], [ 106.825149, -6.327175 ], [ 106.825537, -6.326816 ], [ 106.825537, -6.326745 ], [ 106.824868, -6.325384 ], [ 106.822657, -6.32368 ], [ 106.821226, -6.322641 ], [ 106.820453, -6.32209 ], [ 106.816786, -6.319001 ], [ 106.81513, -6.314225 ], [ 106.814997, -6.311452 ], [ 106.814997, -6.311319 ], [ 106.813454, -6.309662 ], [ 106.813375, -6.309654 ], [ 106.805697, -6.305445 ], [ 106.805363, -6.301677 ], [ 106.805391, -6.300421 ], [ 106.811868, -6.294407 ], [ 106.813083, -6.294129 ], [ 106.815898, -6.294006 ], [ 106.819182, -6.294329 ], [ 106.821419, -6.295097 ], [ 106.821539, -6.295148 ], [ 106.823987, -6.294223 ], [ 106.824189, -6.293947 ], [ 106.823845, -6.292816 ], [ 106.82381, -6.292744 ], [ 106.82319, -6.291486 ], [ 106.820593, -6.285987 ], [ 106.819126, -6.283986 ], [ 106.819123, -6.283985 ], [ 106.818927, -6.284134 ], [ 106.817025, -6.285507 ], [ 106.809073, -6.282713 ], [ 106.809551, -6.279225 ], [ 106.80659, -6.277176 ], [ 106.799437, -6.274307 ], [ 106.797593, -6.272673 ], [ 106.797355, -6.264254 ], [ 106.797374, -6.264148 ], [ 106.796433, -6.262194 ], [ 106.796122, -6.262101 ], [ 106.79184, -6.25874 ], [ 106.792889, -6.253632 ], [ 106.792907, -6.2535 ], [ 106.791406, -6.251617 ], [ 106.786464, -6.245158 ], [ 106.786246, -6.243921 ], [ 106.78562, -6.23736 ], [ 106.782316, -6.235929 ], [ 106.782238, -6.235916 ], [ 106.773742, -6.234041 ], [ 106.77218, -6.232477 ], [ 106.772141, -6.232472 ], [ 106.771952, -6.232462 ], [ 106.771926, -6.232463 ], [ 106.764551, -6.231036 ], [ 106.76404, -6.227223 ], [ 106.764285, -6.226239 ], [ 106.764259, -6.225956 ], [ 106.762144, -6.218081 ], [ 106.762094, -6.21739 ], [ 106.761315, -6.217067 ], [ 106.761256, -6.217043 ], [ 106.760406, -6.216904 ], [ 106.757347, -6.216992 ], [ 106.757159, -6.21701 ], [ 106.749614, -6.215628 ], [ 106.749533, -6.215602 ], [ 106.748968, -6.215503 ], [ 106.74375, -6.211615 ], [ 106.743796, -6.207068 ], [ 106.743892, -6.20657 ], [ 106.743925, -6.206137 ], [ 106.744634, -6.201453 ], [ 106.746094, -6.197336 ], [ 106.752158, -6.19272 ], [ 106.754598, -6.192548 ], [ 106.757523, -6.192333 ], [ 106.759538, -6.192151 ], [ 106.766208, -6.195208 ], [ 106.767446, -6.201504 ], [ 106.767505, -6.201939 ], [ 106.769489, -6.203032 ], [ 106.769498, -6.203031 ], [ 106.770848, -6.201838 ], [ 106.77265, -6.199389 ], [ 106.773956, -6.197416 ], [ 106.773928, -6.197194 ], [ 106.777737, -6.189061 ], [ 106.781656, -6.18821 ], [ 106.785223, -6.187674 ], [ 106.788781, -6.186953 ], [ 106.789142, -6.186892 ], [ 106.789752, -6.186736 ], [ 106.797386, -6.191222 ], [ 106.797412, -6.191816 ], [ 106.797417, -6.192105 ], [ 106.79742, -6.192199 ], [ 106.797433, -6.192491 ], [ 106.796657, -6.1958 ], [ 106.795971, -6.196939 ], [ 106.796095, -6.197366 ], [ 106.797642, -6.201132 ], [ 106.798625, -6.203055 ], [ 106.798665, -6.203137 ], [ 106.799164, -6.203394 ], [ 106.800931, -6.203871 ], [ 106.800948, -6.203863 ], [ 106.801911, -6.201581 ], [ 106.801872, -6.201498 ], [ 106.800683, -6.198612 ], [ 106.802547, -6.191016 ], [ 106.803476, -6.189056 ], [ 106.803317, -6.187126 ], [ 106.803311, -6.187032 ], [ 106.803055, -6.18476 ], [ 106.804304, -6.175867 ], [ 106.804303, -6.175847 ], [ 106.803727, -6.174416 ], [ 106.80352, -6.174131 ], [ 106.802317, -6.173317 ], [ 106.796438, -6.172021 ], [ 106.791585, -6.164449 ], [ 106.791676, -6.164161 ], [ 106.791759, -6.16371 ], [ 106.791962, -6.162631 ], [ 106.792584, -6.160563 ], [ 106.792967, -6.159665 ], [ 106.793457, -6.158298 ], [ 106.793558, -6.15807 ], [ 106.790268, -6.156609 ], [ 106.789303, -6.15831 ], [ 106.78925, -6.158394 ], [ 106.787683, -6.162031 ], [ 106.782328, -6.16436 ], [ 106.778688, -6.16289 ], [ 106.778455, -6.1628 ], [ 106.777696, -6.164784 ], [ 106.777151, -6.166155 ], [ 106.777385, -6.166246 ], [ 106.783026, -6.172508 ], [ 106.77988, -6.176533 ], [ 106.77821, -6.177972 ], [ 106.773578, -6.180705 ], [ 106.768074, -6.176967 ], [ 106.76829, -6.172962 ], [ 106.768285, -6.172687 ], [ 106.767136, -6.169903 ], [ 106.767007, -6.169019 ], [ 106.766993, -6.168996 ], [ 106.765637, -6.167346 ], [ 106.763663, -6.167611 ], [ 106.762805, -6.16839 ], [ 106.762472, -6.169062 ], [ 106.762564, -6.16949 ], [ 106.762707, -6.170102 ], [ 106.762361, -6.174585 ], [ 106.757275, -6.179043 ], [ 106.756772, -6.179368 ], [ 106.750492, -6.172936 ], [ 106.750865, -6.172048 ], [ 106.751129, -6.170837 ], [ 106.7511, -6.170118 ], [ 106.7511, -6.170113 ], [ 106.751071, -6.169425 ], [ 106.751011, -6.168465 ], [ 106.750451, -6.165632 ], [ 106.750424, -6.165503 ], [ 106.748446, -6.164972 ], [ 106.74811, -6.164976 ], [ 106.739287, -6.164881 ], [ 106.739555, -6.156311 ], [ 106.741469, -6.154736 ], [ 106.741469, -6.154733 ], [ 106.741402, -6.154433 ], [ 106.739906, -6.152728 ], [ 106.739858, -6.152724 ], [ 106.737449, -6.152869 ], [ 106.736627, -6.152855 ], [ 106.733631, -6.152131 ], [ 106.730404, -6.145721 ], [ 106.731011, -6.143278 ], [ 106.731408, -6.141483 ], [ 106.731703, -6.13977 ], [ 106.731804, -6.13893 ], [ 106.72823, -6.138499 ], [ 106.728128, -6.139339 ], [ 106.721498, -6.143446 ], [ 106.719242, -6.142037 ], [ 106.718655, -6.141776 ], [ 106.718151, -6.141657 ], [ 106.718026, -6.141636 ], [ 106.709651, -6.144261 ], [ 106.70252, -6.142654 ], [ 106.702471, -6.142644 ], [ 106.699874, -6.141763 ], [ 106.699811, -6.141741 ], [ 106.693789, -6.137052 ], [ 106.693938, -6.133186 ], [ 106.693935, -6.133135 ], [ 106.693596, -6.128042 ], [ 106.69397, -6.125934 ], [ 106.693884, -6.125703 ], [ 106.693279, -6.125134 ], [ 106.693115, -6.125053 ], [ 106.690617, -6.118726 ], [ 106.696117, -6.115527 ], [ 106.696958, -6.115147 ], [ 106.705614, -6.114806 ], [ 106.70847, -6.112614 ], [ 106.711473, -6.10712 ], [ 106.71223, -6.104737 ], [ 106.720161, -6.104088 ], [ 106.72172, -6.105841 ], [ 106.723292, -6.107607 ], [ 106.724068, -6.108285 ], [ 106.724881, -6.109166 ], [ 106.726108, -6.110707 ], [ 106.727401, -6.111992 ], [ 106.72891, -6.113792 ], [ 106.730502, -6.115584 ], [ 106.732153, -6.11744 ], [ 106.733241, -6.118542 ], [ 106.733798, -6.119018 ], [ 106.734558, -6.11959 ], [ 106.734835, -6.119545 ], [ 106.736901, -6.116596 ], [ 106.734243, -6.113801 ], [ 106.730071, -6.109577 ], [ 106.727896, -6.107115 ], [ 106.725332, -6.104296 ], [ 106.723114, -6.101793 ], [ 106.721533, -6.100042 ], [ 106.719971, -6.098311 ], [ 106.718606, -6.09679 ], [ 106.716968, -6.095309 ], [ 106.716333, -6.094893 ], [ 106.715666, -6.094563 ], [ 106.714984, -6.094313 ], [ 106.71402, -6.09411 ], [ 106.713288, -6.094051 ], [ 106.712525, -6.094081 ], [ 106.71177, -6.094197 ], [ 106.711192, -6.094352 ], [ 106.710502, -6.09462 ], [ 106.70979, -6.095001 ], [ 106.706451, -6.097155 ], [ 106.698573, -6.098141 ], [ 106.698502, -6.09817 ], [ 106.698383, -6.098575 ], [ 106.697587, -6.10068 ], [ 106.694908, -6.104263 ], [ 106.687304, -6.104405 ], [ 106.684652, -6.101971 ], [ 106.679382, -6.09888 ], [ 106.676062, -6.10027 ], [ 106.676828, -6.109137 ], [ 106.676697, -6.109717 ], [ 106.676724, -6.110325 ], [ 106.67429, -6.116826 ], [ 106.669507, -6.118779 ], [ 106.668934, -6.11895 ], [ 106.664023, -6.121288 ], [ 106.660973, -6.12203 ], [ 106.660727, -6.122107 ], [ 106.659754, -6.122492 ], [ 106.658291, -6.124615 ], [ 106.659618, -6.127962 ], [ 106.660598, -6.127573 ], [ 106.666349, -6.127622 ], [ 106.669606, -6.134292 ], [ 106.666109, -6.138493 ], [ 106.665493, -6.138787 ], [ 106.661512, -6.139376 ], [ 106.66105, -6.139344 ], [ 106.659912, -6.139976 ], [ 106.655567, -6.141845 ], [ 106.655057, -6.142649 ], [ 106.649458, -6.146645 ], [ 106.642208, -6.14574 ], [ 106.640929, -6.1457 ], [ 106.634885, -6.140193 ], [ 106.635007, -6.138262 ], [ 106.635131, -6.136296 ], [ 106.635015, -6.13286 ], [ 106.635487, -6.130485 ], [ 106.635612, -6.128333 ], [ 106.635736, -6.126182 ], [ 106.635816, -6.124566 ], [ 106.635883, -6.123903 ], [ 106.638977, -6.116682 ], [ 106.639638, -6.115711 ], [ 106.639677, -6.115589 ], [ 106.639376, -6.114576 ], [ 106.637275, -6.111222 ], [ 106.635833, -6.110545 ], [ 106.635575, -6.110438 ], [ 106.633821, -6.110205 ], [ 106.63195, -6.114541 ], [ 106.627148, -6.120532 ], [ 106.626397, -6.12167 ], [ 106.626115, -6.122281 ], [ 106.626018, -6.122898 ], [ 106.626032, -6.122931 ], [ 106.627568, -6.12615 ], [ 106.619686, -6.129968 ], [ 106.618672, -6.128938 ], [ 106.61841, -6.128841 ], [ 106.618296, -6.128803 ], [ 106.61803, -6.128724 ], [ 106.616124, -6.129444 ], [ 106.612509, -6.134021 ], [ 106.612479, -6.134095 ], [ 106.612635, -6.134766 ], [ 106.612375, -6.137931 ], [ 106.604058, -6.14094 ], [ 106.603128, -6.13858 ], [ 106.602959, -6.138496 ], [ 106.594612, -6.136279 ], [ 106.594416, -6.136171 ], [ 106.593936, -6.136037 ], [ 106.587883, -6.133972 ], [ 106.587869, -6.133969 ], [ 106.587045, -6.134404 ], [ 106.586201, -6.134859 ], [ 106.585853, -6.135086 ], [ 106.585792, -6.135452 ], [ 106.584857, -6.140553 ], [ 106.579667, -6.144522 ], [ 106.575111, -6.145667 ], [ 106.573307, -6.14739 ], [ 106.573306, -6.147404 ], [ 106.565787, -6.151935 ], [ 106.565301, -6.151555 ], [ 106.564081, -6.150076 ], [ 106.564058, -6.150075 ], [ 106.562205, -6.151574 ], [ 106.561214, -6.154288 ], [ 106.556789, -6.158973 ], [ 106.556323, -6.15978 ], [ 106.552524, -6.165501 ], [ 106.545964, -6.168492 ], [ 106.544711, -6.168618 ], [ 106.54458, -6.16863 ], [ 106.540687, -6.169439 ], [ 106.539554, -6.170076 ], [ 106.530789, -6.168751 ], [ 106.530224, -6.168654 ], [ 106.528876, -6.16936 ], [ 106.528757, -6.169895 ], [ 106.528698, -6.170308 ], [ 106.528604, -6.171513 ], [ 106.526848, -6.17922 ], [ 106.525626, -6.181856 ], [ 106.524016, -6.183566 ], [ 106.51599, -6.182376 ], [ 106.513249, -6.17506 ], [ 106.513249, -6.172084 ], [ 106.513249, -6.169109 ], [ 106.509649, -6.169109 ], [ 106.509649, -6.172084 ], [ 106.509649, -6.175059 ], [ 106.506859, -6.181913 ], [ 106.506686, -6.182861 ], [ 106.50665, -6.18307 ], [ 106.506358, -6.185547 ], [ 106.506373, -6.186128 ], [ 106.503238, -6.193975 ], [ 106.500206, -6.196544 ], [ 106.492237, -6.198122 ], [ 106.48915, -6.196784 ], [ 106.484561, -6.190287 ], [ 106.48297, -6.187058 ], [ 106.477362, -6.182396 ], [ 106.473959, -6.183572 ], [ 106.46748, -6.186504 ], [ 106.46162, -6.186576 ], [ 106.461442, -6.186559 ], [ 106.459751, -6.186572 ], [ 106.457548, -6.186464 ], [ 106.455283, -6.187745 ], [ 106.450195, -6.193047 ], [ 106.446912, -6.194582 ], [ 106.444914, -6.195742 ], [ 106.437238, -6.196686 ], [ 106.435882, -6.196042 ], [ 106.433742, -6.194769 ], [ 106.430916, -6.193151 ], [ 106.429455, -6.192527 ], [ 106.428645, -6.192237 ], [ 106.428128, -6.192077 ], [ 106.42766, -6.191957 ], [ 106.426101, -6.191614 ], [ 106.425176, -6.191477 ], [ 106.424253, -6.191389 ], [ 106.422472, -6.191309 ], [ 106.420711, -6.191257 ], [ 106.412517, -6.188335 ], [ 106.410318, -6.191185 ], [ 106.41162, -6.19219 ] ] ] } },
{ "type": "Feature", "properties": { "name": "Galeri Padel | The Loop BSD" }, "geometry": { "type": "Polygon", "coordinates": [ [ [ 106.408737, -6.189779 ], [ 106.410186, -6.191077 ], [ 106.41162, -6.19219 ], [ 106.413146, -6.193076 ], [ 106.413818, -6.19339 ], [ 106.414878, -6.193839 ], [ 106.416579, -6.194369 ], [ 106.417845, -6.194623 ], [ 106.4191, -6.194782 ], [ 106.420545, -6.194854 ], [ 106.422366, -6.194908 ], [ 106.424093, -6.194985 ], [ 106.431901, -6.197863 ], [ 106.434041, -6.199136 ], [ 106.435678, -6.199931 ], [ 106.437481, -6.200622 ], [ 106.439548, -6.201179 ], [ 106.440877, -6.201419 ], [ 106.446334, -6.20631 ], [ 106.444042, -6.210421 ], [ 106.443895, -6.21085 ], [ 106.442331, -6.213392 ], [ 106.441941, -6.213847 ], [ 106.441876, -6.213979 ], [ 106.440843, -6.215739 ], [ 106.441506, -6.217963 ], [ 106.4416, -6.218192 ], [ 106.441636, -6.218211 ], [ 106.443658, -6.217983 ], [ 106.4447, -6.217251 ], [ 106.447007, -6.21548 ], [ 106.449036, -6.213005 ], [ 106.455752, -6.211528 ], [ 106.457469, -6.210246 ], [ 106.465297, -6.207606 ], [ 106.470598, -6.214845 ], [ 106.47062, -6.214963 ], [ 106.467776, -6.223096 ], [ 106.468028, -6.223977 ], [ 106.46822, -6.22442 ], [ 106.470429, -6.227511 ], [ 106.470694, -6.227922 ], [ 106.47269, -6.228173 ], [ 106.472911, -6.228073 ], [ 106.473721, -6.225973 ], [ 106.475804, -6.221639 ], [ 106.482934, -6.219501 ], [ 106.483156, -6.21952 ], [ 106.48917, -6.221913 ], [ 106.489876, -6.22259 ], [ 106.49267, -6.224935 ], [ 106.493801, -6.233267 ], [ 106.492487, -6.236691 ], [ 106.490645, -6.239233 ], [ 106.488714, -6.241026 ], [ 106.488717, -6.24108 ], [ 106.487477, -6.246849 ], [ 106.483863, -6.250257 ], [ 106.483391, -6.250587 ], [ 106.483341, -6.250953 ], [ 106.48246, -6.255065 ], [ 106.476331, -6.258513 ], [ 106.474621, -6.258299 ], [ 106.474321, -6.25834 ], [ 106.472767, -6.259975 ], [ 106.47164, -6.261508 ], [ 106.471964, -6.265093 ], [ 106.472245, -6.265068 ], [ 106.472307, -6.265044 ], [ 106.476996, -6.264145 ], [ 106.477594, -6.264298 ], [ 106.478069, -6.26432 ], [ 106.482421, -6.266503 ], [ 106.481011, -6.273264 ], [ 106.481012, -6.273343 ], [ 106.482033, -6.27466 ], [ 106.482791, -6.276025 ], [ 106.483298, -6.276977 ], [ 106.484878, -6.279397 ], [ 106.485491, -6.281127 ], [ 106.485959, -6.28177 ], [ 106.487847, -6.285727 ], [ 106.484057, -6.292229 ], [ 106.476128, -6.29217 ], [ 106.474806, -6.286712 ], [ 106.474801, -6.286608 ], [ 106.472104, -6.285203 ], [ 106.470609, -6.28584 ], [ 106.469596, -6.287132 ], [ 106.468887, -6.291454 ], [ 106.468853, -6.293483 ], [ 106.468947, -6.29368 ], [ 106.471327, -6.299655 ], [ 106.471807, -6.302651 ], [ 106.470365, -6.31134 ], [ 106.470395, -6.311541 ], [ 106.470548, -6.312052 ], [ 106.46821, -6.319317 ], [ 106.462554, -6.319464 ], [ 106.462539, -6.319462 ], [ 106.460615, -6.32047 ], [ 106.460612, -6.320477 ], [ 106.460719, -6.32727 ], [ 106.461154, -6.328534 ], [ 106.462303, -6.330097 ], [ 106.462612, -6.330186 ], [ 106.462698, -6.330179 ], [ 106.465711, -6.32974 ], [ 106.472694, -6.328994 ], [ 106.474226, -6.32869 ], [ 106.475051, -6.327861 ], [ 106.482567, -6.332348 ], [ 106.48257, -6.332376 ], [ 106.484902, -6.334874 ], [ 106.490041, -6.342009 ], [ 106.48999, -6.343018 ], [ 106.491056, -6.345615 ], [ 106.487766, -6.353269 ], [ 106.481484, -6.354267 ], [ 106.481046, -6.354242 ], [ 106.480976, -6.354239 ], [ 106.48063, -6.354233 ], [ 106.477234, -6.354478 ], [ 106.47593, -6.355044 ], [ 106.476032, -6.356396 ], [ 106.476392, -6.358614 ], [ 106.483288, -6.361801 ], [ 106.486818, -6.36328 ], [ 106.491725, -6.36293 ], [ 106.496007, -6.3653 ], [ 106.500871, -6.366466 ], [ 106.501232, -6.365618 ], [ 106.50166, -6.364457 ], [ 106.507909, -6.361295 ], [ 106.511085, -6.366489 ], [ 106.510662, -6.370064 ], [ 106.511125, -6.371428 ], [ 106.514602, -6.372361 ], [ 106.521625, -6.374243 ], [ 106.523316, -6.374262 ], [ 106.523771, -6.383211 ], [ 106.523164, -6.383475 ], [ 106.522531, -6.383756 ], [ 106.522326, -6.384078 ], [ 106.521982, -6.384864 ], [ 106.521945, -6.384991 ], [ 106.52229, -6.386014 ], [ 106.529392, -6.389623 ], [ 106.530348, -6.390597 ], [ 106.530709, -6.390931 ], [ 106.534177, -6.398847 ], [ 106.535508, -6.400954 ], [ 106.535619, -6.400987 ], [ 106.542776, -6.401591 ], [ 106.546074, -6.400147 ], [ 106.552707, -6.402456 ], [ 106.554493, -6.403645 ], [ 106.554821, -6.403662 ], [ 106.555827, -6.403246 ], [ 106.556256, -6.403056 ], [ 106.556315, -6.402711 ], [ 106.564519, -6.399143 ], [ 106.566939, -6.400513 ], [ 106.568618, -6.401167 ], [ 106.570373, -6.401594 ], [ 106.576595, -6.405561 ], [ 106.576935, -6.406123 ], [ 106.577832, -6.407138 ], [ 106.578277, -6.407107 ], [ 106.579403, -6.406986 ], [ 106.585809, -6.413243 ], [ 106.585565, -6.414033 ], [ 106.580771, -6.417527 ], [ 106.579032, -6.417491 ], [ 106.576704, -6.417453 ], [ 106.575481, -6.417348 ], [ 106.57483, -6.417403 ], [ 106.574238, -6.417628 ], [ 106.573938, -6.417821 ], [ 106.573633, -6.418075 ], [ 106.568475, -6.420729 ], [ 106.566296, -6.421932 ], [ 106.564026, -6.422819 ], [ 106.559096, -6.428039 ], [ 106.558461, -6.431582 ], [ 106.559616, -6.432238 ], [ 106.563206, -6.43165 ], [ 106.564006, -6.431433 ], [ 106.569362, -6.438367 ], [ 106.568998, -6.439546 ], [ 106.568811, -6.441416 ], [ 106.568872, -6.441483 ], [ 106.569237, -6.441811 ], [ 106.569551, -6.442029 ], [ 106.570062, -6.442267 ], [ 106.570311, -6.442381 ], [ 106.578974, -6.44377 ], [ 106.583301, -6.44652 ], [ 106.586848, -6.447133 ], [ 106.595386, -6.449499 ], [ 106.596027, -6.44971 ], [ 106.597367, -6.449389 ], [ 106.60393, -6.447953 ], [ 106.607517, -6.448261 ], [ 106.615166, -6.445819 ], [ 106.617439, -6.451315 ], [ 106.617551, -6.454254 ], [ 106.617401, -6.455032 ], [ 106.617396, -6.455333 ], [ 106.617909, -6.455664 ], [ 106.62119, -6.455597 ], [ 106.621509, -6.455616 ], [ 106.629471, -6.459122 ], [ 106.628788, -6.46487 ], [ 106.62873, -6.468165 ], [ 106.634534, -6.473403 ], [ 106.636963, -6.479612 ], [ 106.636947, -6.483188 ], [ 106.637017, -6.484102 ], [ 106.637419, -6.486311 ], [ 106.640296, -6.488669 ], [ 106.643865, -6.488199 ], [ 106.651894, -6.491737 ], [ 106.65208, -6.492274 ], [ 106.652468, -6.493039 ], [ 106.653018, -6.493933 ], [ 106.654839, -6.495245 ], [ 106.65514, -6.495182 ], [ 106.656589, -6.493474 ], [ 106.656552, -6.493191 ], [ 106.656131, -6.489406 ], [ 106.657663, -6.48398 ], [ 106.658838, -6.482321 ], [ 106.658908, -6.481897 ], [ 106.658349, -6.480446 ], [ 106.655965, -6.477843 ], [ 106.658074, -6.470682 ], [ 106.664276, -6.472316 ], [ 106.670432, -6.475308 ], [ 106.672082, -6.479891 ], [ 106.672159, -6.480684 ], [ 106.672336, -6.481235 ], [ 106.675855, -6.487667 ], [ 106.676738, -6.488969 ], [ 106.677962, -6.490701 ], [ 106.679752, -6.491864 ], [ 106.679875, -6.491857 ], [ 106.681518, -6.490452 ], [ 106.681507, -6.490164 ], [ 106.681331, -6.489433 ], [ 106.680104, -6.483964 ], [ 106.678921, -6.477843 ], [ 106.67871, -6.475168 ], [ 106.676739, -6.472691 ], [ 106.678097, -6.464188 ], [ 106.678144, -6.463834 ], [ 106.678157, -6.463635 ], [ 106.677949, -6.463164 ], [ 106.677716, -6.462854 ], [ 106.676856, -6.462122 ], [ 106.678533, -6.453482 ], [ 106.681034, -6.453755 ], [ 106.682986, -6.453097 ], [ 106.690376, -6.457459 ], [ 106.690482, -6.457619 ], [ 106.691019, -6.458487 ], [ 106.696168, -6.463231 ], [ 106.697503, -6.465334 ], [ 106.69832, -6.465871 ], [ 106.703896, -6.46528 ], [ 106.710717, -6.46959 ], [ 106.711317, -6.469724 ], [ 106.711452, -6.469756 ], [ 106.715901, -6.471205 ], [ 106.717592, -6.470089 ], [ 106.717994, -6.46935 ], [ 106.726981, -6.469614 ], [ 106.725982, -6.474766 ], [ 106.725939, -6.474842 ], [ 106.726265, -6.47593 ], [ 106.726833, -6.47731 ], [ 106.729612, -6.47998 ], [ 106.73181, -6.481057 ], [ 106.731961, -6.481014 ], [ 106.733132, -6.479226 ], [ 106.733493, -6.477509 ], [ 106.73397, -6.47394 ], [ 106.731535, -6.470875 ], [ 106.733435, -6.46449 ], [ 106.739231, -6.464288 ], [ 106.740002, -6.464757 ], [ 106.740126, -6.464754 ], [ 106.741546, -6.463925 ], [ 106.741681, -6.46345 ], [ 106.742743, -6.46015 ], [ 106.742434, -6.456519 ], [ 106.747738, -6.449514 ], [ 106.749576, -6.44943 ], [ 106.749754, -6.449313 ], [ 106.749824, -6.446619 ], [ 106.749792, -6.446589 ], [ 106.749512, -6.446382 ], [ 106.747067, -6.440231 ], [ 106.750124, -6.436007 ], [ 106.750343, -6.435786 ], [ 106.756017, -6.432497 ], [ 106.756618, -6.431694 ], [ 106.756761, -6.431288 ], [ 106.763715, -6.428043 ], [ 106.766021, -6.431944 ], [ 106.766552, -6.43256 ], [ 106.766642, -6.432618 ], [ 106.768085, -6.432677 ], [ 106.768138, -6.432655 ], [ 106.768721, -6.432376 ], [ 106.768751, -6.432348 ], [ 106.768569, -6.429576 ], [ 106.771586, -6.422781 ], [ 106.774866, -6.421223 ], [ 106.780495, -6.4248 ], [ 106.782226, -6.428422 ], [ 106.782342, -6.428728 ], [ 106.783912, -6.429582 ], [ 106.784276, -6.429581 ], [ 106.785707, -6.427448 ], [ 106.794437, -6.426691 ], [ 106.796047, -6.428004 ], [ 106.796129, -6.428007 ], [ 106.798034, -6.426553 ], [ 106.800164, -6.422308 ], [ 106.80017, -6.422266 ], [ 106.799506, -6.420637 ], [ 106.79918, -6.418416 ], [ 106.799241, -6.417322 ], [ 106.799994, -6.414061 ], [ 106.802353, -6.410814 ], [ 106.809806, -6.411664 ], [ 106.811481, -6.41327 ], [ 106.811571, -6.413276 ], [ 106.813399, -6.41188 ], [ 106.818898, -6.406564 ], [ 106.82087, -6.405188 ], [ 106.826367, -6.402257 ], [ 106.828328, -6.401026 ], [ 106.828356, -6.400925 ], [ 106.831565, -6.393043 ], [ 106.838187, -6.388777 ], [ 106.838928, -6.388509 ], [ 106.846642, -6.388238 ], [ 106.850042, -6.39212 ], [ 106.851619, -6.393734 ], [ 106.851726, -6.393743 ], [ 106.851803, -6.393749 ], [ 106.858674, -6.399448 ], [ 106.858743, -6.399839 ], [ 106.856823, -6.407126 ], [ 106.85672, -6.407253 ], [ 106.856837, -6.409482 ], [ 106.856826, -6.417302 ], [ 106.856291, -6.419041 ], [ 106.856261, -6.419123 ], [ 106.857233, -6.421295 ], [ 106.857238, -6.421297 ], [ 106.85729, -6.42132 ], [ 106.857295, -6.421322 ], [ 106.859643, -6.420357 ], [ 106.859673, -6.420275 ], [ 106.860266, -6.418365 ], [ 106.866385, -6.413245 ], [ 106.866472, -6.41311 ], [ 106.865796, -6.411165 ], [ 106.869933, -6.404589 ], [ 106.87468, -6.403656 ], [ 106.878289, -6.399599 ], [ 106.87833, -6.39951 ], [ 106.878403, -6.399329 ], [ 106.878483, -6.399091 ], [ 106.877892, -6.397405 ], [ 106.87742, -6.394507 ], [ 106.883058, -6.38874 ], [ 106.885334, -6.388154 ], [ 106.891984, -6.388317 ], [ 106.893045, -6.388674 ], [ 106.893707, -6.38888 ], [ 106.894818, -6.389192 ], [ 106.896708, -6.389687 ], [ 106.897607, -6.389851 ], [ 106.899078, -6.390087 ], [ 106.903925, -6.390684 ], [ 106.90637, -6.391094 ], [ 106.907668, -6.39129 ], [ 106.908224, -6.391331 ], [ 106.908781, -6.391341 ], [ 106.909395, -6.391321 ], [ 106.909817, -6.391288 ], [ 106.909534, -6.387699 ], [ 106.90692, -6.387537 ], [ 106.904521, -6.387134 ], [ 106.897611, -6.382231 ], [ 106.894046, -6.381727 ], [ 106.887439, -6.383116 ], [ 106.886545, -6.38289 ], [ 106.882922, -6.374715 ], [ 106.88442, -6.371086 ], [ 106.884407, -6.370923 ], [ 106.882569, -6.369424 ], [ 106.882404, -6.369444 ], [ 106.875165, -6.368336 ], [ 106.871631, -6.360115 ], [ 106.870567, -6.359115 ], [ 106.868353, -6.357424 ], [ 106.86745, -6.350262 ], [ 106.86783, -6.349516 ], [ 106.866787, -6.348046 ], [ 106.866644, -6.347975 ], [ 106.864622, -6.347882 ], [ 106.858191, -6.351092 ], [ 106.849981, -6.353612 ], [ 106.848424, -6.354555 ], [ 106.848359, -6.354707 ], [ 106.848404, -6.355166 ], [ 106.84979, -6.357207 ], [ 106.851248, -6.358324 ], [ 106.84969, -6.367112 ], [ 106.847674, -6.36685 ], [ 106.843494, -6.365444 ], [ 106.843484, -6.365441 ], [ 106.843405, -6.365461 ], [ 106.835316, -6.362248 ], [ 106.835099, -6.356457 ], [ 106.83512, -6.356289 ], [ 106.835071, -6.355542 ], [ 106.834789, -6.354827 ], [ 106.835106, -6.346229 ], [ 106.835361, -6.345259 ], [ 106.835362, -6.345248 ], [ 106.835571, -6.340624 ], [ 106.83563, -6.34034 ], [ 106.832497, -6.335269 ], [ 106.830132, -6.326853 ], [ 106.828627, -6.321693 ], [ 106.826907, -6.3189 ], [ 106.825453, -6.317669 ], [ 106.825202, -6.317496 ], [ 106.818045, -6.312139 ], [ 106.817481, -6.309358 ], [ 106.815745, -6.305881 ], [ 106.820376, -6.299853 ], [ 106.822998, -6.29838 ], [ 106.830113, -6.299433 ], [ 106.830435, -6.299629 ], [ 106.832701, -6.298602 ], [ 106.832718, -6.298561 ], [ 106.832302, -6.296551 ], [ 106.831979, -6.296355 ], [ 106.828699, -6.293285 ], [ 106.827076, -6.288013 ], [ 106.825876, -6.28645 ], [ 106.821745, -6.279573 ], [ 106.820241, -6.277697 ], [ 106.820206, -6.277692 ], [ 106.813583, -6.277037 ], [ 106.810475, -6.272671 ], [ 106.80862, -6.270975 ], [ 106.808599, -6.270976 ], [ 106.808579, -6.270977 ], [ 106.807993, -6.271009 ], [ 106.800776, -6.265637 ], [ 106.800116, -6.263498 ], [ 106.798691, -6.257804 ], [ 106.7948, -6.249894 ], [ 106.793763, -6.246655 ], [ 106.791329, -6.242149 ], [ 106.789524, -6.236315 ], [ 106.791916, -6.230429 ], [ 106.792136, -6.230051 ], [ 106.792373, -6.229402 ], [ 106.792455, -6.228663 ], [ 106.792423, -6.228283 ], [ 106.792281, -6.227725 ], [ 106.792144, -6.227394 ], [ 106.791639, -6.226902 ], [ 106.788901, -6.228469 ], [ 106.784248, -6.230259 ], [ 106.780022, -6.229955 ], [ 106.772336, -6.22536 ], [ 106.766611, -6.218537 ], [ 106.766626, -6.217043 ], [ 106.76642, -6.214942 ], [ 106.763553, -6.212709 ], [ 106.760789, -6.209777 ], [ 106.758774, -6.208815 ], [ 106.758616, -6.208844 ], [ 106.757237, -6.210359 ], [ 106.751589, -6.216375 ], [ 106.745186, -6.214206 ], [ 106.74375, -6.211615 ], [ 106.744018, -6.205084 ], [ 106.744741, -6.202703 ], [ 106.744858, -6.202424 ], [ 106.744882, -6.202362 ], [ 106.744989, -6.202079 ], [ 106.744643, -6.200543 ], [ 106.744776, -6.195927 ], [ 106.750228, -6.192828 ], [ 106.752158, -6.19272 ], [ 106.754598, -6.192548 ], [ 106.757523, -6.192333 ], [ 106.759538, -6.192151 ], [ 106.767063, -6.196689 ], [ 106.767237, -6.197406 ], [ 106.76903, -6.197225 ], [ 106.770833, -6.197244 ], [ 106.770828, -6.197144 ], [ 106.77121, -6.193731 ], [ 106.77687, -6.189283 ], [ 106.780342, -6.187956 ], [ 106.78499, -6.187001 ], [ 106.786186, -6.186863 ], [ 106.78823, -6.186928 ], [ 106.788992, -6.186837 ], [ 106.789528, -6.186721 ], [ 106.795774, -6.192824 ], [ 106.79573, -6.19329 ], [ 106.795689, -6.193996 ], [ 106.795767, -6.194553 ], [ 106.797527, -6.194742 ], [ 106.799176, -6.194332 ], [ 106.799332, -6.194056 ], [ 106.801984, -6.185747 ], [ 106.801984, -6.185743 ], [ 106.801148, -6.17849 ], [ 106.801013, -6.175652 ], [ 106.800958, -6.175572 ], [ 106.798548, -6.175153 ], [ 106.791584, -6.172363 ], [ 106.790178, -6.165894 ], [ 106.788676, -6.164152 ], [ 106.78859, -6.16413 ], [ 106.786849, -6.164523 ], [ 106.784473, -6.165891 ], [ 106.78447, -6.165898 ], [ 106.784849, -6.169156 ], [ 106.784849, -6.169158 ], [ 106.784997, -6.173575 ], [ 106.784943, -6.174035 ], [ 106.780366, -6.18066 ], [ 106.776801, -6.182045 ], [ 106.772783, -6.182349 ], [ 106.76879, -6.180797 ], [ 106.767376, -6.173876 ], [ 106.767361, -6.173766 ], [ 106.767285, -6.172159 ], [ 106.767253, -6.171995 ], [ 106.765169, -6.17096 ], [ 106.764359, -6.171124 ], [ 106.764319, -6.17116 ], [ 106.763719, -6.172681 ], [ 106.763796, -6.174267 ], [ 106.759057, -6.181111 ], [ 106.751509, -6.179575 ], [ 106.750492, -6.172936 ], [ 106.750497, -6.171347 ], [ 106.750556, -6.170602 ], [ 106.750552, -6.170456 ], [ 106.750529, -6.170315 ], [ 106.747149, -6.170025 ], [ 106.739564, -6.167363 ], [ 106.737275, -6.164223 ], [ 106.736311, -6.162887 ], [ 106.732768, -6.154662 ], [ 106.732758, -6.154489 ], [ 106.730269, -6.146264 ], [ 106.730731, -6.144406 ], [ 106.727237, -6.143537 ], [ 106.719863, -6.146053 ], [ 106.718018, -6.144742 ], [ 106.717912, -6.144746 ], [ 106.713821, -6.147074 ], [ 106.70806, -6.147056 ], [ 106.707345, -6.14683 ], [ 106.70173, -6.145033 ], [ 106.695762, -6.140433 ], [ 106.692635, -6.1358 ], [ 106.691225, -6.126963 ], [ 106.690617, -6.118726 ], [ 106.696485, -6.114654 ], [ 106.696929, -6.114601 ], [ 106.697571, -6.114222 ], [ 106.704693, -6.111098 ], [ 106.704734, -6.111076 ], [ 106.707291, -6.106203 ], [ 106.707826, -6.103936 ], [ 106.711545, -6.098144 ], [ 106.715657, -6.099026 ], [ 106.716605, -6.099974 ], [ 106.717041, -6.100582 ], [ 106.718601, -6.102335 ], [ 106.720161, -6.104088 ], [ 106.72172, -6.105841 ], [ 106.723292, -6.107607 ], [ 106.724881, -6.109166 ], [ 106.725935, -6.110517 ], [ 106.727294, -6.111871 ], [ 106.728579, -6.113427 ], [ 106.731244, -6.111007 ], [ 106.729992, -6.109488 ], [ 106.727896, -6.107115 ], [ 106.723114, -6.101793 ], [ 106.721533, -6.100042 ], [ 106.719971, -6.098311 ], [ 106.718606, -6.09679 ], [ 106.716968, -6.095309 ], [ 106.716333, -6.094893 ], [ 106.715666, -6.094563 ], [ 106.714984, -6.094313 ], [ 106.71402, -6.09411 ], [ 106.713288, -6.094051 ], [ 106.712525, -6.094081 ], [ 106.71177, -6.094197 ], [ 106.711192, -6.094352 ], [ 106.710502, -6.09462 ], [ 106.70979, -6.095001 ], [ 106.706451, -6.097155 ], [ 106.703213, -6.099249 ], [ 106.701453, -6.100385 ], [ 106.699748, -6.101485 ], [ 106.696637, -6.103292 ], [ 106.696406, -6.103398 ], [ 106.695524, -6.103878 ], [ 106.694908, -6.104263 ], [ 106.694165, -6.10492 ], [ 106.691398, -6.106604 ], [ 106.684224, -6.104486 ], [ 106.681457, -6.104216 ], [ 106.678057, -6.105398 ], [ 106.676828, -6.109137 ], [ 106.676697, -6.109717 ], [ 106.676724, -6.110325 ], [ 106.67429, -6.116826 ], [ 106.669507, -6.118779 ], [ 106.668934, -6.11895 ], [ 106.664023, -6.121288 ], [ 106.663167, -6.121634 ], [ 106.661029, -6.123521 ], [ 106.662426, -6.126839 ], [ 106.666655, -6.126431 ], [ 106.667657, -6.126349 ], [ 106.668147, -6.126352 ], [ 106.673511, -6.133036 ], [ 106.670089, -6.137314 ], [ 106.667902, -6.137851 ], [ 106.667205, -6.138054 ], [ 106.666662, -6.138253 ], [ 106.666109, -6.138493 ], [ 106.665493, -6.138787 ], [ 106.664928, -6.139088 ], [ 106.663957, -6.139709 ], [ 106.66322, -6.140278 ], [ 106.660461, -6.14148 ], [ 106.659223, -6.14179 ], [ 106.656029, -6.142061 ], [ 106.649756, -6.146241 ], [ 106.641958, -6.146025 ], [ 106.640929, -6.1457 ], [ 106.634885, -6.140193 ], [ 106.635007, -6.138262 ], [ 106.635131, -6.136296 ], [ 106.635015, -6.13286 ], [ 106.635143, -6.130773 ], [ 106.635623, -6.128134 ], [ 106.635736, -6.126182 ], [ 106.635816, -6.124566 ], [ 106.635883, -6.123903 ], [ 106.635888, -6.123586 ], [ 106.636245, -6.120819 ], [ 106.636258, -6.117669 ], [ 106.634439, -6.116416 ], [ 106.634313, -6.116392 ], [ 106.634169, -6.116384 ], [ 106.632407, -6.117357 ], [ 106.630614, -6.120522 ], [ 106.630296, -6.121365 ], [ 106.62937, -6.125866 ], [ 106.62937, -6.125868 ], [ 106.629365, -6.126036 ], [ 106.627019, -6.132835 ], [ 106.618602, -6.134238 ], [ 106.616739, -6.133294 ], [ 106.616594, -6.133245 ], [ 106.615205, -6.133048 ], [ 106.614446, -6.134459 ], [ 106.61444, -6.134479 ], [ 106.612502, -6.138377 ], [ 106.612559, -6.139732 ], [ 106.611234, -6.145245 ], [ 106.611182, -6.145596 ], [ 106.603108, -6.148301 ], [ 106.60206, -6.143307 ], [ 106.601972, -6.14095 ], [ 106.601941, -6.140919 ], [ 106.599428, -6.140852 ], [ 106.593709, -6.140604 ], [ 106.587732, -6.138664 ], [ 106.587716, -6.138666 ], [ 106.586133, -6.140653 ], [ 106.579329, -6.145974 ], [ 106.577626, -6.147567 ], [ 106.577622, -6.147611 ], [ 106.578489, -6.153695 ], [ 106.571697, -6.157314 ], [ 106.569298, -6.15697 ], [ 106.565429, -6.154097 ], [ 106.564106, -6.152678 ], [ 106.563884, -6.152629 ], [ 106.561938, -6.15322 ], [ 106.560152, -6.156467 ], [ 106.557993, -6.160695 ], [ 106.555075, -6.16392 ], [ 106.552691, -6.165951 ], [ 106.546942, -6.168467 ], [ 106.544883, -6.169155 ], [ 106.541214, -6.17035 ], [ 106.532619, -6.168896 ], [ 106.531122, -6.167272 ], [ 106.531, -6.167247 ], [ 106.529072, -6.168279 ], [ 106.527885, -6.171206 ], [ 106.526327, -6.179294 ], [ 106.524809, -6.182364 ], [ 106.51609, -6.182372 ], [ 106.513249, -6.17506 ], [ 106.513249, -6.171815 ], [ 106.513249, -6.168571 ], [ 106.509649, -6.168571 ], [ 106.509649, -6.171815 ], [ 106.509649, -6.175059 ], [ 106.505968, -6.181026 ], [ 106.505734, -6.181368 ], [ 106.506028, -6.183257 ], [ 106.506261, -6.185632 ], [ 106.504859, -6.192224 ], [ 106.503014, -6.194071 ], [ 106.499997, -6.19655 ], [ 106.492237, -6.198122 ], [ 106.48915, -6.196784 ], [ 106.484666, -6.190235 ], [ 106.483074, -6.187006 ], [ 106.479107, -6.184144 ], [ 106.477361, -6.182383 ], [ 106.473818, -6.183018 ], [ 106.467462, -6.186381 ], [ 106.461944, -6.186599 ], [ 106.461121, -6.186519 ], [ 106.456512, -6.185554 ], [ 106.453929, -6.185944 ], [ 106.453866, -6.186047 ], [ 106.450445, -6.192841 ], [ 106.446745, -6.194572 ], [ 106.443263, -6.195036 ], [ 106.443022, -6.195062 ], [ 106.442919, -6.195109 ], [ 106.435882, -6.196042 ], [ 106.433742, -6.194769 ], [ 106.430916, -6.193151 ], [ 106.429455, -6.192527 ], [ 106.428645, -6.192237 ], [ 106.428128, -6.192077 ], [ 106.42766, -6.191957 ], [ 106.426101, -6.191614 ], [ 106.425176, -6.191477 ], [ 106.424253, -6.191389 ], [ 106.422472, -6.191309 ], [ 106.420711, -6.191257 ], [ 106.412589, -6.188396 ], [ 106.41114, -6.187098 ], [ 106.409692, -6.1858 ], [ 106.407289, -6.188481 ], [ 106.408737, -6.189779 ] ] ] } },
{ "type": "Feature", "properties": { "name": "padel cempaka" }, "geometry": { "type": "Polygon", "coordinates": [ [ [ 106.513375, -6.206597 ], [ 106.515711, -6.206927 ], [ 106.51782, -6.207149 ], [ 106.52159, -6.207425 ], [ 106.523412, -6.207561 ], [ 106.524318, -6.207554 ], [ 106.524992, -6.207477 ], [ 106.528931, -6.207419 ], [ 106.531032, -6.207552 ], [ 106.533056, -6.207785 ], [ 106.537282, -6.208529 ], [ 106.541615, -6.209288 ], [ 106.542195, -6.20945 ], [ 106.543258, -6.209787 ], [ 106.543755, -6.209997 ], [ 106.544568, -6.210377 ], [ 106.545322, -6.210797 ], [ 106.545988, -6.211219 ], [ 106.546956, -6.211949 ], [ 106.548426, -6.213261 ], [ 106.545826, -6.221204 ], [ 106.542706, -6.220357 ], [ 106.539679, -6.219604 ], [ 106.539419, -6.21957 ], [ 106.537658, -6.221233 ], [ 106.537626, -6.221602 ], [ 106.538962, -6.223141 ], [ 106.541744, -6.226103 ], [ 106.54787, -6.232298 ], [ 106.551706, -6.235996 ], [ 106.553417, -6.237562 ], [ 106.561558, -6.239558 ], [ 106.562814, -6.240091 ], [ 106.563693, -6.240115 ], [ 106.563767, -6.240081 ], [ 106.564786, -6.237965 ], [ 106.56463, -6.237649 ], [ 106.563964, -6.233732 ], [ 106.568818, -6.228461 ], [ 106.570775, -6.227413 ], [ 106.571642, -6.226549 ], [ 106.577488, -6.223739 ], [ 106.580145, -6.22399 ], [ 106.586213, -6.23041 ], [ 106.584104, -6.23448 ], [ 106.583285, -6.235989 ], [ 106.583285, -6.236039 ], [ 106.585706, -6.237704 ], [ 106.593002, -6.240148 ], [ 106.594376, -6.240996 ], [ 106.596195, -6.242038 ], [ 106.595048, -6.250311 ], [ 106.593287, -6.251965 ], [ 106.593285, -6.252007 ], [ 106.593282, -6.252055 ], [ 106.593281, -6.252097 ], [ 106.591116, -6.260477 ], [ 106.590332, -6.260973 ], [ 106.588628, -6.263161 ], [ 106.588638, -6.2632 ], [ 106.588584, -6.270047 ], [ 106.588421, -6.271589 ], [ 106.587443, -6.275077 ], [ 106.58376, -6.278742 ], [ 106.577028, -6.277743 ], [ 106.576143, -6.277034 ], [ 106.573242, -6.272525 ], [ 106.572488, -6.271104 ], [ 106.572253, -6.270981 ], [ 106.572156, -6.270934 ], [ 106.571951, -6.270842 ], [ 106.569674, -6.272047 ], [ 106.565531, -6.276015 ], [ 106.563635, -6.277398 ], [ 106.561125, -6.281786 ], [ 106.562454, -6.283765 ], [ 106.560184, -6.291486 ], [ 106.559387, -6.292945 ], [ 106.559337, -6.293045 ], [ 106.559229, -6.293294 ], [ 106.559498, -6.29502 ], [ 106.563912, -6.298855 ], [ 106.565154, -6.302385 ], [ 106.566943, -6.307464 ], [ 106.563377, -6.311754 ], [ 106.562885, -6.31204 ], [ 106.561985, -6.313327 ], [ 106.561962, -6.313456 ], [ 106.563449, -6.315437 ], [ 106.566058, -6.320148 ], [ 106.560928, -6.32482 ], [ 106.555698, -6.324437 ], [ 106.554588, -6.323762 ], [ 106.55367, -6.323053 ], [ 106.551049, -6.32076 ], [ 106.55087, -6.320764 ], [ 106.548551, -6.321917 ], [ 106.548128, -6.322102 ], [ 106.54752, -6.323725 ], [ 106.547595, -6.324006 ], [ 106.549227, -6.325531 ], [ 106.552496, -6.326711 ], [ 106.556709, -6.328541 ], [ 106.560179, -6.332102 ], [ 106.560367, -6.332398 ], [ 106.56135, -6.333088 ], [ 106.564836, -6.340847 ], [ 106.564556, -6.342693 ], [ 106.56459, -6.342788 ], [ 106.566293, -6.344139 ], [ 106.573366, -6.34745 ], [ 106.574469, -6.349623 ], [ 106.574726, -6.350239 ], [ 106.576778, -6.350609 ], [ 106.576982, -6.350531 ], [ 106.578048, -6.348853 ], [ 106.577791, -6.348237 ], [ 106.57697, -6.345647 ], [ 106.579603, -6.340742 ], [ 106.585074, -6.340772 ], [ 106.585171, -6.340768 ], [ 106.591006, -6.33855 ], [ 106.595066, -6.339229 ], [ 106.6013, -6.343853 ], [ 106.60201, -6.345336 ], [ 106.603441, -6.349973 ], [ 106.603517, -6.350305 ], [ 106.603746, -6.356792 ], [ 106.603663, -6.357277 ], [ 106.60376, -6.358751 ], [ 106.607138, -6.362038 ], [ 106.608937, -6.36961 ], [ 106.605905, -6.37605 ], [ 106.605922, -6.37842 ], [ 106.606075, -6.378558 ], [ 106.609996, -6.383819 ], [ 106.611338, -6.390419 ], [ 106.612081, -6.392051 ], [ 106.612869, -6.392142 ], [ 106.614095, -6.392273 ], [ 106.61464, -6.39241 ], [ 106.61707, -6.393524 ], [ 106.618234, -6.401804 ], [ 106.619, -6.405321 ], [ 106.620423, -6.405206 ], [ 106.621435, -6.404593 ], [ 106.624783, -6.40219 ], [ 106.628085, -6.398777 ], [ 106.634095, -6.402407 ], [ 106.634269, -6.403516 ], [ 106.633891, -6.406311 ], [ 106.636524, -6.410138 ], [ 106.638046, -6.412426 ], [ 106.638876, -6.413944 ], [ 106.639481, -6.415219 ], [ 106.641145, -6.414865 ], [ 106.642734, -6.413676 ], [ 106.642128, -6.412401 ], [ 106.641287, -6.410432 ], [ 106.641117, -6.410129 ], [ 106.640519, -6.409302 ], [ 106.639781, -6.408253 ], [ 106.639326, -6.407524 ], [ 106.638826, -6.406273 ], [ 106.638926, -6.402674 ], [ 106.639332, -6.400735 ], [ 106.640315, -6.397272 ], [ 106.640199, -6.392778 ], [ 106.64529, -6.389764 ], [ 106.651407, -6.392041 ], [ 106.649843, -6.399876 ], [ 106.649785, -6.400556 ], [ 106.649649, -6.402033 ], [ 106.649913, -6.405915 ], [ 106.64997, -6.406912 ], [ 106.65003, -6.407272 ], [ 106.650052, -6.407458 ], [ 106.654077, -6.411849 ], [ 106.654108, -6.411964 ], [ 106.654389, -6.413347 ], [ 106.654038, -6.417505 ], [ 106.65282, -6.419927 ], [ 106.652147, -6.420969 ], [ 106.652262, -6.421234 ], [ 106.652683, -6.421745 ], [ 106.653002, -6.4221 ], [ 106.656073, -6.429643 ], [ 106.653856, -6.432592 ], [ 106.654773, -6.436143 ], [ 106.655966, -6.438532 ], [ 106.65603, -6.438665 ], [ 106.658693, -6.440114 ], [ 106.661474, -6.444453 ], [ 106.660968, -6.449425 ], [ 106.66004, -6.452613 ], [ 106.653859, -6.455991 ], [ 106.653182, -6.456127 ], [ 106.647753, -6.455765 ], [ 106.647582, -6.455781 ], [ 106.646122, -6.457688 ], [ 106.646124, -6.457714 ], [ 106.647911, -6.459366 ], [ 106.65399, -6.464251 ], [ 106.659985, -6.469096 ], [ 106.664276, -6.472316 ], [ 106.670432, -6.475308 ], [ 106.672082, -6.479891 ], [ 106.672159, -6.480684 ], [ 106.672322, -6.481191 ], [ 106.676705, -6.488843 ], [ 106.677796, -6.490534 ], [ 106.678067, -6.490943 ], [ 106.679562, -6.490893 ], [ 106.679776, -6.490833 ], [ 106.681066, -6.488951 ], [ 106.680458, -6.486945 ], [ 106.680183, -6.484064 ], [ 106.678921, -6.477843 ], [ 106.678693, -6.475167 ], [ 106.681352, -6.468247 ], [ 106.688098, -6.468399 ], [ 106.692507, -6.47287 ], [ 106.693345, -6.473467 ], [ 106.69546, -6.474111 ], [ 106.69552, -6.474133 ], [ 106.703476, -6.475104 ], [ 106.705745, -6.477056 ], [ 106.705642, -6.484827 ], [ 106.705613, -6.485059 ], [ 106.707157, -6.487073 ], [ 106.709547, -6.489221 ], [ 106.710803, -6.490771 ], [ 106.71194, -6.491505 ], [ 106.713425, -6.499485 ], [ 106.711566, -6.500726 ], [ 106.711528, -6.501183 ], [ 106.711661, -6.501837 ], [ 106.712383, -6.502931 ], [ 106.716612, -6.5059 ], [ 106.723176, -6.509344 ], [ 106.730665, -6.511441 ], [ 106.731041, -6.51141 ], [ 106.734749, -6.511192 ], [ 106.73596, -6.511281 ], [ 106.736859, -6.510618 ], [ 106.737408, -6.50991 ], [ 106.744659, -6.507236 ], [ 106.751955, -6.510067 ], [ 106.749557, -6.518462 ], [ 106.749033, -6.518798 ], [ 106.745679, -6.519695 ], [ 106.745023, -6.519913 ], [ 106.744657, -6.521163 ], [ 106.744855, -6.526086 ], [ 106.744598, -6.527462 ], [ 106.744594, -6.527533 ], [ 106.744668, -6.529026 ], [ 106.746657, -6.531947 ], [ 106.748162, -6.533367 ], [ 106.746065, -6.542016 ], [ 106.74602, -6.54209 ], [ 106.746345, -6.544464 ], [ 106.751548, -6.548727 ], [ 106.751607, -6.548753 ], [ 106.755686, -6.549941 ], [ 106.757755, -6.551305 ], [ 106.761143, -6.557066 ], [ 106.760849, -6.560245 ], [ 106.761054, -6.560992 ], [ 106.764166, -6.563279 ], [ 106.76654, -6.563449 ], [ 106.770088, -6.561565 ], [ 106.777058, -6.563142 ], [ 106.778665, -6.564687 ], [ 106.781801, -6.567153 ], [ 106.782039, -6.567358 ], [ 106.783664, -6.568933 ], [ 106.784854, -6.569524 ], [ 106.784881, -6.569526 ], [ 106.78646, -6.566665 ], [ 106.793725, -6.563677 ], [ 106.795226, -6.564126 ], [ 106.796259, -6.560678 ], [ 106.794758, -6.560228 ], [ 106.788815, -6.556262 ], [ 106.78879, -6.556254 ], [ 106.784417, -6.554582 ], [ 106.784021, -6.554335 ], [ 106.779793, -6.549096 ], [ 106.783759, -6.543113 ], [ 106.785415, -6.542379 ], [ 106.785614, -6.542297 ], [ 106.791057, -6.537518 ], [ 106.795369, -6.536302 ], [ 106.796443, -6.535631 ], [ 106.797396, -6.534984 ], [ 106.79773, -6.534365 ], [ 106.797821, -6.533862 ], [ 106.797878, -6.532356 ], [ 106.795065, -6.531338 ], [ 106.793475, -6.53042 ], [ 106.787491, -6.525146 ], [ 106.786859, -6.523578 ], [ 106.786574, -6.522542 ], [ 106.786389, -6.521775 ], [ 106.787324, -6.513959 ], [ 106.79448, -6.511043 ], [ 106.797768, -6.510474 ], [ 106.797808, -6.510409 ], [ 106.797775, -6.509857 ], [ 106.797693, -6.509479 ], [ 106.797618, -6.50183 ], [ 106.801361, -6.497138 ], [ 106.801418, -6.497009 ], [ 106.801555, -6.488946 ], [ 106.808521, -6.483603 ], [ 106.814873, -6.484052 ], [ 106.816283, -6.484203 ], [ 106.819208, -6.484703 ], [ 106.819535, -6.484717 ], [ 106.8239, -6.485419 ], [ 106.824866, -6.485669 ], [ 106.829943, -6.486996 ], [ 106.833603, -6.492392 ], [ 106.833815, -6.494167 ], [ 106.833917, -6.49563 ], [ 106.836483, -6.498154 ], [ 106.840153, -6.503424 ], [ 106.839299, -6.508614 ], [ 106.839269, -6.508671 ], [ 106.838251, -6.51098 ], [ 106.836111, -6.515246 ], [ 106.835649, -6.515873 ], [ 106.834633, -6.517376 ], [ 106.834337, -6.517773 ], [ 106.834886, -6.519805 ], [ 106.834891, -6.51981 ], [ 106.83722, -6.519928 ], [ 106.842755, -6.514055 ], [ 106.844969, -6.511901 ], [ 106.844998, -6.511745 ], [ 106.84499, -6.510583 ], [ 106.845212, -6.505727 ], [ 106.84521, -6.503057 ], [ 106.845898, -6.49925 ], [ 106.846334, -6.496953 ], [ 106.846718, -6.494952 ], [ 106.85264, -6.488751 ], [ 106.856981, -6.488681 ], [ 106.85883, -6.488871 ], [ 106.865336, -6.492757 ], [ 106.865633, -6.492797 ], [ 106.866033, -6.492809 ], [ 106.871758, -6.493398 ], [ 106.877471, -6.487678 ], [ 106.878305, -6.486957 ], [ 106.879601, -6.485548 ], [ 106.878865, -6.483588 ], [ 106.879739, -6.475529 ], [ 106.880591, -6.473818 ], [ 106.88807, -6.470721 ], [ 106.890339, -6.470496 ], [ 106.89532, -6.468492 ], [ 106.897756, -6.465841 ], [ 106.89961, -6.459257 ], [ 106.899361, -6.456807 ], [ 106.899322, -6.456769 ], [ 106.897768, -6.456164 ], [ 106.893453, -6.448268 ], [ 106.893682, -6.447599 ], [ 106.893875, -6.446933 ], [ 106.894025, -6.446334 ], [ 106.894218, -6.445341 ], [ 106.894711, -6.442475 ], [ 106.895197, -6.439642 ], [ 106.895684, -6.436809 ], [ 106.897292, -6.430109 ], [ 106.898053, -6.427758 ], [ 106.898342, -6.426663 ], [ 106.898653, -6.425164 ], [ 106.89877, -6.424283 ], [ 106.898823, -6.423735 ], [ 106.899928, -6.420377 ], [ 106.905727, -6.416323 ], [ 106.912686, -6.411993 ], [ 106.913345, -6.411231 ], [ 106.913455, -6.410942 ], [ 106.91384, -6.40977 ], [ 106.913899, -6.409504 ], [ 106.921627, -6.404955 ], [ 106.922062, -6.404931 ], [ 106.923225, -6.40376 ], [ 106.92323, -6.403746 ], [ 106.921867, -6.401336 ], [ 106.920713, -6.401025 ], [ 106.917888, -6.393335 ], [ 106.920116, -6.391853 ], [ 106.921037, -6.391045 ], [ 106.92117, -6.390949 ], [ 106.921595, -6.390676 ], [ 106.922022, -6.39037 ], [ 106.92242, -6.390009 ], [ 106.922647, -6.389767 ], [ 106.92298, -6.389308 ], [ 106.928119, -6.386223 ], [ 106.935345, -6.389509 ], [ 106.935608, -6.395009 ], [ 106.935587, -6.39536 ], [ 106.936758, -6.398201 ], [ 106.938065, -6.400053 ], [ 106.938209, -6.400102 ], [ 106.94007, -6.399612 ], [ 106.940307, -6.399056 ], [ 106.947095, -6.396134 ], [ 106.950396, -6.403191 ], [ 106.950274, -6.403911 ], [ 106.950272, -6.40396 ], [ 106.952705, -6.406399 ], [ 106.958562, -6.410994 ], [ 106.959897, -6.413866 ], [ 106.960801, -6.415987 ], [ 106.961023, -6.416067 ], [ 106.964399, -6.414945 ], [ 106.964406, -6.414936 ], [ 106.969467, -6.409544 ], [ 106.973702, -6.408952 ], [ 106.974314, -6.408773 ], [ 106.974677, -6.408601 ], [ 106.975123, -6.407403 ], [ 106.975128, -6.407249 ], [ 106.972765, -6.399971 ], [ 106.974671, -6.397179 ], [ 106.974898, -6.396987 ], [ 106.975305, -6.39574 ], [ 106.975303, -6.395713 ], [ 106.974618, -6.389537 ], [ 106.975722, -6.384277 ], [ 106.983547, -6.379973 ], [ 106.986683, -6.38021 ], [ 106.988169, -6.380109 ], [ 106.989289, -6.379929 ], [ 106.990764, -6.379497 ], [ 106.992378, -6.378845 ], [ 106.996243, -6.376621 ], [ 106.998204, -6.375586 ], [ 106.999791, -6.37464 ], [ 107.001014, -6.373663 ], [ 107.002124, -6.372629 ], [ 107.002833, -6.371803 ], [ 107.004274, -6.369874 ], [ 107.005927, -6.367526 ], [ 107.007555, -6.365212 ], [ 107.010872, -6.361645 ], [ 107.014261, -6.359054 ], [ 107.017658, -6.356457 ], [ 107.020048, -6.354608 ], [ 107.022426, -6.352768 ], [ 107.024867, -6.350913 ], [ 107.022689, -6.348047 ], [ 107.020759, -6.349408 ], [ 107.017845, -6.35176 ], [ 107.015455, -6.35361 ], [ 107.012075, -6.356194 ], [ 107.008685, -6.358785 ], [ 107.007987, -6.359371 ], [ 107.007307, -6.359985 ], [ 107.006539, -6.360757 ], [ 107.005846, -6.361543 ], [ 107.005185, -6.362367 ], [ 107.004662, -6.36307 ], [ 107.002984, -6.365453 ], [ 107.00133, -6.367801 ], [ 106.999949, -6.369648 ], [ 106.998582, -6.371009 ], [ 106.996392, -6.372475 ], [ 106.994566, -6.373435 ], [ 106.992672, -6.374432 ], [ 106.990481, -6.375785 ], [ 106.989477, -6.376135 ], [ 106.987651, -6.376547 ], [ 106.986455, -6.376617 ], [ 106.98384, -6.376385 ], [ 106.977909, -6.372748 ], [ 106.981466, -6.365913 ], [ 106.982291, -6.364384 ], [ 106.982301, -6.364217 ], [ 106.980497, -6.360449 ], [ 106.977697, -6.356105 ], [ 106.975787, -6.354841 ], [ 106.975784, -6.354841 ], [ 106.974233, -6.357084 ], [ 106.973572, -6.360494 ], [ 106.967132, -6.363975 ], [ 106.965487, -6.363891 ], [ 106.956751, -6.364621 ], [ 106.950764, -6.357956 ], [ 106.950901, -6.352083 ], [ 106.950897, -6.351982 ], [ 106.948203, -6.347828 ], [ 106.947949, -6.345798 ], [ 106.948066, -6.343031 ], [ 106.948782, -6.341052 ], [ 106.948839, -6.340885 ], [ 106.948956, -6.340032 ], [ 106.953247, -6.334133 ], [ 106.954666, -6.333155 ], [ 106.955057, -6.332932 ], [ 106.957002, -6.332027 ], [ 106.963098, -6.337816 ], [ 106.962166, -6.341524 ], [ 106.962081, -6.341688 ], [ 106.963278, -6.343075 ], [ 106.963469, -6.343183 ], [ 106.965272, -6.343354 ], [ 106.965742, -6.342775 ], [ 106.966489, -6.34165 ], [ 106.969697, -6.33651 ], [ 106.973019, -6.333507 ], [ 106.978248, -6.327075 ], [ 106.978654, -6.326292 ], [ 106.98102, -6.321051 ], [ 106.986001, -6.31886 ], [ 106.987701, -6.318153 ], [ 106.992752, -6.314208 ], [ 106.992773, -6.314161 ], [ 106.992068, -6.311919 ], [ 106.995319, -6.304935 ], [ 106.995489, -6.304191 ], [ 106.995512, -6.30409 ], [ 106.996686, -6.296955 ], [ 106.9979, -6.295304 ], [ 106.997863, -6.295016 ], [ 106.996169, -6.293392 ], [ 106.994478, -6.286484 ], [ 106.99318, -6.279039 ], [ 106.992571, -6.277571 ], [ 106.989164, -6.270975 ], [ 106.989483, -6.266552 ], [ 106.989415, -6.265493 ], [ 106.989399, -6.26466 ], [ 106.989452, -6.261115 ], [ 106.996054, -6.257086 ], [ 106.998453, -6.258029 ], [ 107.000876, -6.258875 ], [ 107.003299, -6.259721 ], [ 107.005722, -6.260567 ], [ 107.008135, -6.26141 ], [ 107.010547, -6.262266 ], [ 107.012968, -6.263126 ], [ 107.016111, -6.264225 ], [ 107.019262, -6.265326 ], [ 107.022077, -6.266296 ], [ 107.024892, -6.267266 ], [ 107.026065, -6.263863 ], [ 107.02325, -6.262893 ], [ 107.020435, -6.261922 ], [ 107.016819, -6.260535 ], [ 107.01426, -6.259571 ], [ 107.012671, -6.258995 ], [ 107.011046, -6.258433 ], [ 107.009709, -6.257997 ], [ 107.004131, -6.251713 ], [ 107.004033, -6.251568 ], [ 107.001425, -6.248228 ], [ 106.998624, -6.242825 ], [ 106.998587, -6.242807 ], [ 106.996404, -6.243305 ], [ 106.993642, -6.244049 ], [ 106.989947, -6.244802 ], [ 106.989894, -6.244813 ], [ 106.9847, -6.244804 ], [ 106.980985, -6.240304 ], [ 106.976472, -6.236255 ], [ 106.979561, -6.22932 ], [ 106.980302, -6.228804 ], [ 106.97998, -6.227066 ], [ 106.979659, -6.22644 ], [ 106.979481, -6.226297 ], [ 106.978244, -6.22585 ], [ 106.977503, -6.226366 ], [ 106.975254, -6.229197 ], [ 106.969741, -6.231484 ], [ 106.965879, -6.229689 ], [ 106.964435, -6.228875 ], [ 106.964267, -6.228796 ], [ 106.958471, -6.226368 ], [ 106.954632, -6.222257 ], [ 106.954646, -6.217802 ], [ 106.955008, -6.210158 ], [ 106.95636, -6.207488 ], [ 106.956431, -6.207312 ], [ 106.955285, -6.20602 ], [ 106.955004, -6.20575 ], [ 106.953761, -6.20526 ], [ 106.946826, -6.200568 ], [ 106.946308, -6.199516 ], [ 106.945844, -6.198313 ], [ 106.945678, -6.197707 ], [ 106.945384, -6.195496 ], [ 106.945332, -6.194857 ], [ 106.950263, -6.187351 ], [ 106.952228, -6.186124 ], [ 106.95223, -6.18612 ], [ 106.95213, -6.18574 ], [ 106.950842, -6.183798 ], [ 106.950806, -6.183792 ], [ 106.946025, -6.18166 ], [ 106.944503, -6.176642 ], [ 106.944519, -6.176366 ], [ 106.943043, -6.174772 ], [ 106.943011, -6.174766 ], [ 106.936519, -6.172945 ], [ 106.930724, -6.171192 ], [ 106.927545, -6.169501 ], [ 106.922714, -6.16624 ], [ 106.918645, -6.163864 ], [ 106.917446, -6.162856 ], [ 106.913221, -6.155032 ], [ 106.910938, -6.153229 ], [ 106.90979, -6.152649 ], [ 106.909733, -6.152627 ], [ 106.904312, -6.149454 ], [ 106.903929, -6.149217 ], [ 106.899273, -6.143811 ], [ 106.900942, -6.140622 ], [ 106.900272, -6.140271 ], [ 106.897411, -6.132366 ], [ 106.898145, -6.130959 ], [ 106.898161, -6.13045 ], [ 106.89815, -6.130394 ], [ 106.898346, -6.12142 ], [ 106.902084, -6.116778 ], [ 106.909162, -6.114617 ], [ 106.910123, -6.11398 ], [ 106.917655, -6.111143 ], [ 106.920136, -6.109977 ], [ 106.921639, -6.108395 ], [ 106.921643, -6.108363 ], [ 106.92038, -6.106385 ], [ 106.919977, -6.106358 ], [ 106.916831, -6.105999 ], [ 106.916356, -6.106106 ], [ 106.913831, -6.106448 ], [ 106.906785, -6.102988 ], [ 106.905143, -6.101849 ], [ 106.901445, -6.101005 ], [ 106.900512, -6.100978 ], [ 106.898135, -6.101633 ], [ 106.89564, -6.103908 ], [ 106.889966, -6.105781 ], [ 106.889557, -6.105865 ], [ 106.883099, -6.106199 ], [ 106.883057, -6.106196 ], [ 106.880826, -6.106894 ], [ 106.880732, -6.106923 ], [ 106.875895, -6.11002 ], [ 106.875238, -6.110348 ], [ 106.87453, -6.110811 ], [ 106.866552, -6.107745 ], [ 106.865242, -6.108405 ], [ 106.864713, -6.108792 ], [ 106.864313, -6.10936 ], [ 106.86241, -6.112374 ], [ 106.856204, -6.115378 ], [ 106.855805, -6.115438 ], [ 106.849724, -6.118323 ], [ 106.847334, -6.118981 ], [ 106.845192, -6.11938 ], [ 106.84489, -6.119445 ], [ 106.844335, -6.119641 ], [ 106.840373, -6.121521 ], [ 106.83543, -6.121605 ], [ 106.829144, -6.118714 ], [ 106.820578, -6.116935 ], [ 106.818102, -6.115742 ], [ 106.817245, -6.115619 ], [ 106.809042, -6.116164 ], [ 106.80683, -6.110771 ], [ 106.806645, -6.109863 ], [ 106.80542, -6.10608 ], [ 106.805221, -6.105018 ], [ 106.804891, -6.101888 ], [ 106.804849, -6.101587 ], [ 106.804806, -6.101347 ], [ 106.804672, -6.100592 ], [ 106.804557, -6.099947 ], [ 106.804411, -6.099125 ], [ 106.804263, -6.098289 ], [ 106.804117, -6.097472 ], [ 106.803887, -6.096174 ], [ 106.803785, -6.095601 ], [ 106.803705, -6.095151 ], [ 106.803136, -6.094689 ], [ 106.800015, -6.096884 ], [ 106.799234, -6.098191 ], [ 106.799361, -6.098947 ], [ 106.799612, -6.100534 ], [ 106.799841, -6.101801 ], [ 106.796855, -6.109 ], [ 106.79193, -6.109899 ], [ 106.790052, -6.109798 ], [ 106.789919, -6.109792 ], [ 106.782896, -6.111219 ], [ 106.780881, -6.108071 ], [ 106.776497, -6.103987 ], [ 106.775848, -6.103423 ], [ 106.775635, -6.10334 ], [ 106.769168, -6.102136 ], [ 106.769005, -6.1021 ], [ 106.768576, -6.10204 ], [ 106.766852, -6.102634 ], [ 106.761145, -6.1047 ], [ 106.753176, -6.106158 ], [ 106.749577, -6.106044 ], [ 106.745363, -6.098906 ], [ 106.746134, -6.097385 ], [ 106.751215, -6.094989 ], [ 106.752918, -6.094197 ], [ 106.753075, -6.093909 ], [ 106.753089, -6.093858 ], [ 106.75217, -6.088093 ], [ 106.750067, -6.087064 ], [ 106.747845, -6.08677 ], [ 106.740712, -6.086711 ], [ 106.736528, -6.082423 ], [ 106.736393, -6.082354 ], [ 106.735354, -6.082163 ], [ 106.734437, -6.082445 ], [ 106.73389, -6.082896 ], [ 106.732873, -6.084394 ], [ 106.732865, -6.085052 ], [ 106.733053, -6.086596 ], [ 106.733129, -6.086674 ], [ 106.737802, -6.093873 ], [ 106.737759, -6.094435 ], [ 106.737415, -6.096987 ], [ 106.737497, -6.097369 ], [ 106.729772, -6.101771 ], [ 106.729288, -6.101087 ], [ 106.727988, -6.099396 ], [ 106.727283, -6.098412 ], [ 106.724885, -6.093004 ], [ 106.724863, -6.092816 ], [ 106.722973, -6.090705 ], [ 106.719939, -6.090273 ], [ 106.71136, -6.089293 ], [ 106.704921, -6.086158 ], [ 106.703392, -6.086775 ], [ 106.703128, -6.087019 ], [ 106.702097, -6.08839 ], [ 106.702186, -6.091903 ], [ 106.69726, -6.096267 ], [ 106.696307, -6.097467 ], [ 106.696272, -6.097881 ], [ 106.696103, -6.10035 ], [ 106.691398, -6.106604 ], [ 106.685254, -6.109145 ], [ 106.683906, -6.109372 ], [ 106.676873, -6.109026 ], [ 106.676828, -6.109137 ], [ 106.676697, -6.109717 ], [ 106.676724, -6.110325 ], [ 106.67429, -6.116826 ], [ 106.669507, -6.118779 ], [ 106.668934, -6.11895 ], [ 106.667857, -6.119376 ], [ 106.666961, -6.12095 ], [ 106.669183, -6.122723 ], [ 106.669898, -6.123032 ], [ 106.673153, -6.12342 ], [ 106.67454, -6.123369 ], [ 106.677162, -6.1233 ], [ 106.678234, -6.131894 ], [ 106.677042, -6.133034 ], [ 106.676736, -6.133305 ], [ 106.671328, -6.136271 ], [ 106.667902, -6.137851 ], [ 106.667205, -6.138054 ], [ 106.666662, -6.138253 ], [ 106.666109, -6.138493 ], [ 106.665493, -6.138787 ], [ 106.664928, -6.139088 ], [ 106.663957, -6.139709 ], [ 106.66322, -6.140278 ], [ 106.662582, -6.140858 ], [ 106.662, -6.141476 ], [ 106.661501, -6.142076 ], [ 106.661075, -6.142683 ], [ 106.656256, -6.147488 ], [ 106.654411, -6.148702 ], [ 106.647691, -6.15162 ], [ 106.642564, -6.150658 ], [ 106.63739, -6.150021 ], [ 106.635442, -6.149726 ], [ 106.633571, -6.149429 ], [ 106.633193, -6.149369 ], [ 106.631516, -6.150896 ], [ 106.631493, -6.151027 ], [ 106.629131, -6.158482 ], [ 106.62838, -6.159632 ], [ 106.628216, -6.159948 ], [ 106.628061, -6.160316 ], [ 106.623052, -6.167566 ], [ 106.619519, -6.168621 ], [ 106.618336, -6.170177 ], [ 106.61833, -6.170306 ], [ 106.619846, -6.175932 ], [ 106.618685, -6.180009 ], [ 106.61407, -6.183878 ], [ 106.612638, -6.185467 ], [ 106.610621, -6.189005 ], [ 106.610603, -6.18917 ], [ 106.610376, -6.192339 ], [ 106.610443, -6.192741 ], [ 106.610484, -6.192958 ], [ 106.612245, -6.197471 ], [ 106.612583, -6.199486 ], [ 106.606933, -6.205233 ], [ 106.604933, -6.205765 ], [ 106.604841, -6.20589 ], [ 106.6022, -6.209015 ], [ 106.602167, -6.209064 ], [ 106.600632, -6.211776 ], [ 106.600528, -6.212109 ], [ 106.600143, -6.214674 ], [ 106.59968, -6.216125 ], [ 106.592728, -6.221505 ], [ 106.589665, -6.22123 ], [ 106.588739, -6.221017 ], [ 106.58534, -6.220703 ], [ 106.581942, -6.220389 ], [ 106.579298, -6.220143 ], [ 106.573592, -6.215265 ], [ 106.572801, -6.21365 ], [ 106.572088, -6.208416 ], [ 106.574411, -6.203638 ], [ 106.575358, -6.202143 ], [ 106.575966, -6.201038 ], [ 106.576736, -6.198838 ], [ 106.576734, -6.198833 ], [ 106.576698, -6.198745 ], [ 106.576696, -6.19874 ], [ 106.574455, -6.197771 ], [ 106.574298, -6.197844 ], [ 106.573467, -6.19825 ], [ 106.572773, -6.199263 ], [ 106.565293, -6.202569 ], [ 106.564867, -6.202545 ], [ 106.564675, -6.202556 ], [ 106.564034, -6.202616 ], [ 106.56437, -6.2062 ], [ 106.560234, -6.211753 ], [ 106.552403, -6.211976 ], [ 106.550815, -6.210568 ], [ 106.549108, -6.209064 ], [ 106.547904, -6.208172 ], [ 106.547059, -6.207644 ], [ 106.546086, -6.207113 ], [ 106.545118, -6.206665 ], [ 106.544341, -6.206354 ], [ 106.543119, -6.20597 ], [ 106.542236, -6.205743 ], [ 106.537903, -6.204983 ], [ 106.533463, -6.204208 ], [ 106.531256, -6.203959 ], [ 106.528988, -6.203819 ], [ 106.525658, -6.203767 ], [ 106.523789, -6.20373 ], [ 106.520393, -6.203647 ], [ 106.51388, -6.203032 ], [ 106.513375, -6.206597 ] ] ] } },
{ "type": "Feature", "properties": { "name": "Padel District" }, "geometry": { "type": "Polygon", "coordinates": [ [ [ 106.452589, -6.202659 ], [ 106.457691, -6.205805 ], [ 106.458327, -6.206022 ], [ 106.46353, -6.207155 ], [ 106.465297, -6.207606 ], [ 106.466482, -6.207816 ], [ 106.467482, -6.207915 ], [ 106.468459, -6.207979 ], [ 106.469584, -6.207993 ], [ 106.470508, -6.207955 ], [ 106.471359, -6.207873 ], [ 106.472052, -6.207779 ], [ 106.472947, -6.207617 ], [ 106.474336, -6.207324 ], [ 106.481646, -6.211506 ], [ 106.481943, -6.211989 ], [ 106.482749, -6.212347 ], [ 106.482884, -6.212363 ], [ 106.483459, -6.212342 ], [ 106.485011, -6.210105 ], [ 106.487717, -6.205114 ], [ 106.488189, -6.204651 ], [ 106.494053, -6.202291 ], [ 106.50005, -6.207756 ], [ 106.500886, -6.209756 ], [ 106.495542, -6.215557 ], [ 106.49345, -6.216848 ], [ 106.493439, -6.216891 ], [ 106.494353, -6.218955 ], [ 106.499792, -6.224247 ], [ 106.50176, -6.229212 ], [ 106.502659, -6.230878 ], [ 106.502959, -6.231143 ], [ 106.504392, -6.231667 ], [ 106.510022, -6.231823 ], [ 106.513526, -6.238294 ], [ 106.513515, -6.238434 ], [ 106.514708, -6.239837 ], [ 106.514853, -6.239882 ], [ 106.51535, -6.239952 ], [ 106.520579, -6.247056 ], [ 106.521175, -6.249402 ], [ 106.521267, -6.249458 ], [ 106.52332, -6.249389 ], [ 106.531655, -6.250502 ], [ 106.532571, -6.251227 ], [ 106.533159, -6.251567 ], [ 106.537472, -6.259185 ], [ 106.53749, -6.260314 ], [ 106.538868, -6.260832 ], [ 106.539459, -6.260893 ], [ 106.539719, -6.260866 ], [ 106.539946, -6.260825 ], [ 106.545525, -6.26153 ], [ 106.54981, -6.268928 ], [ 106.549811, -6.268948 ], [ 106.551352, -6.277611 ], [ 106.546879, -6.284396 ], [ 106.545692, -6.286341 ], [ 106.545693, -6.286349 ], [ 106.550321, -6.291526 ], [ 106.551994, -6.297805 ], [ 106.548742, -6.305654 ], [ 106.547254, -6.30635 ], [ 106.540567, -6.311669 ], [ 106.535693, -6.309342 ], [ 106.532527, -6.308207 ], [ 106.531472, -6.308007 ], [ 106.530445, -6.309479 ], [ 106.53041, -6.309723 ], [ 106.530802, -6.311544 ], [ 106.535911, -6.315525 ], [ 106.537537, -6.319304 ], [ 106.540972, -6.326407 ], [ 106.54282, -6.327821 ], [ 106.545125, -6.32929 ], [ 106.546655, -6.330264 ], [ 106.5493, -6.33072 ], [ 106.554223, -6.333566 ], [ 106.554307, -6.341891 ], [ 106.552827, -6.343898 ], [ 106.552992, -6.344315 ], [ 106.554375, -6.349866 ], [ 106.553462, -6.354965 ], [ 106.553372, -6.355269 ], [ 106.553967, -6.357023 ], [ 106.555475, -6.358103 ], [ 106.555759, -6.358214 ], [ 106.557129, -6.358155 ], [ 106.559669, -6.355751 ], [ 106.560686, -6.35438 ], [ 106.563209, -6.351626 ], [ 106.571036, -6.35341 ], [ 106.571745, -6.355207 ], [ 106.571782, -6.355333 ], [ 106.57288, -6.356215 ], [ 106.576469, -6.35992 ], [ 106.580337, -6.361376 ], [ 106.584046, -6.3687 ], [ 106.583699, -6.369995 ], [ 106.583689, -6.370054 ], [ 106.584692, -6.37251 ], [ 106.584946, -6.372897 ], [ 106.585804, -6.373317 ], [ 106.586168, -6.373322 ], [ 106.591239, -6.374818 ], [ 106.590154, -6.383366 ], [ 106.589663, -6.386932 ], [ 106.592501, -6.394825 ], [ 106.594431, -6.397082 ], [ 106.598511, -6.403853 ], [ 106.599908, -6.406875 ], [ 106.600918, -6.407995 ], [ 106.601358, -6.408074 ], [ 106.606518, -6.414933 ], [ 106.604151, -6.4176 ], [ 106.601247, -6.418677 ], [ 106.601074, -6.418732 ], [ 106.600244, -6.418994 ], [ 106.599784, -6.419096 ], [ 106.596859, -6.419864 ], [ 106.596388, -6.419985 ], [ 106.595506, -6.421575 ], [ 106.595503, -6.42171 ], [ 106.597281, -6.423473 ], [ 106.599916, -6.423505 ], [ 106.603384, -6.423616 ], [ 106.603515, -6.423596 ], [ 106.611557, -6.423738 ], [ 106.612616, -6.424732 ], [ 106.613134, -6.424709 ], [ 106.619173, -6.4263 ], [ 106.619285, -6.426384 ], [ 106.62239, -6.429332 ], [ 106.622266, -6.435291 ], [ 106.620355, -6.438073 ], [ 106.620197, -6.439028 ], [ 106.621724, -6.441403 ], [ 106.622413, -6.441145 ], [ 106.62275, -6.441002 ], [ 106.626764, -6.440319 ], [ 106.630803, -6.441208 ], [ 106.632475, -6.441841 ], [ 106.632993, -6.442119 ], [ 106.637245, -6.448046 ], [ 106.635995, -6.451107 ], [ 106.63419, -6.452563 ], [ 106.633405, -6.453029 ], [ 106.632882, -6.453522 ], [ 106.632637, -6.453962 ], [ 106.632501, -6.454397 ], [ 106.63215, -6.456784 ], [ 106.629995, -6.462417 ], [ 106.626857, -6.46511 ], [ 106.626693, -6.465252 ], [ 106.626486, -6.465548 ], [ 106.626436, -6.465645 ], [ 106.627865, -6.467914 ], [ 106.634574, -6.473865 ], [ 106.635743, -6.482027 ], [ 106.635852, -6.484187 ], [ 106.63654, -6.486479 ], [ 106.637481, -6.487359 ], [ 106.643193, -6.490971 ], [ 106.65208, -6.492274 ], [ 106.652468, -6.493039 ], [ 106.652774, -6.493466 ], [ 106.653866, -6.495845 ], [ 106.654551, -6.496632 ], [ 106.656554, -6.495727 ], [ 106.657681, -6.494854 ], [ 106.657525, -6.494578 ], [ 106.65642, -6.489448 ], [ 106.658092, -6.484063 ], [ 106.658838, -6.482321 ], [ 106.658952, -6.48149 ], [ 106.658955, -6.481024 ], [ 106.658777, -6.480529 ], [ 106.656066, -6.476773 ], [ 106.655139, -6.475556 ], [ 106.658537, -6.467921 ], [ 106.662247, -6.469549 ], [ 106.664276, -6.472316 ], [ 106.670019, -6.474727 ], [ 106.670432, -6.475308 ], [ 106.672082, -6.479891 ], [ 106.672159, -6.480684 ], [ 106.672581, -6.482814 ], [ 106.673066, -6.485671 ], [ 106.679071, -6.489162 ], [ 106.678447, -6.496426 ], [ 106.676907, -6.498514 ], [ 106.673682, -6.503036 ], [ 106.67541, -6.505944 ], [ 106.680587, -6.511247 ], [ 106.680857, -6.511556 ], [ 106.681405, -6.512014 ], [ 106.681774, -6.512239 ], [ 106.682854, -6.512827 ], [ 106.683089, -6.512873 ], [ 106.685937, -6.511894 ], [ 106.692454, -6.515762 ], [ 106.693814, -6.516956 ], [ 106.693844, -6.516962 ], [ 106.694941, -6.516846 ], [ 106.69784, -6.517553 ], [ 106.698148, -6.517199 ], [ 106.701895, -6.513195 ], [ 106.702715, -6.511933 ], [ 106.711202, -6.512907 ], [ 106.710871, -6.516491 ], [ 106.712661, -6.524332 ], [ 106.711529, -6.529871 ], [ 106.704412, -6.529208 ], [ 106.703793, -6.529191 ], [ 106.70255, -6.529208 ], [ 106.697744, -6.528123 ], [ 106.695406, -6.528781 ], [ 106.695349, -6.528874 ], [ 106.694913, -6.530053 ], [ 106.694937, -6.538248 ], [ 106.694385, -6.539923 ], [ 106.697318, -6.542012 ], [ 106.697468, -6.5418 ], [ 106.702945, -6.53912 ], [ 106.706744, -6.540812 ], [ 106.711705, -6.543734 ], [ 106.712343, -6.544456 ], [ 106.713266, -6.544774 ], [ 106.718759, -6.542986 ], [ 106.723123, -6.541523 ], [ 106.723463, -6.54137 ], [ 106.723855, -6.541136 ], [ 106.724975, -6.54041 ], [ 106.731284, -6.538885 ], [ 106.733975, -6.540183 ], [ 106.735673, -6.54145 ], [ 106.737435, -6.54276 ], [ 106.742369, -6.550062 ], [ 106.740609, -6.551576 ], [ 106.740617, -6.551948 ], [ 106.73421, -6.558107 ], [ 106.733414, -6.557355 ], [ 106.732752, -6.556867 ], [ 106.732686, -6.556822 ], [ 106.731782, -6.556668 ], [ 106.73132, -6.556755 ], [ 106.731196, -6.556796 ], [ 106.72835, -6.560187 ], [ 106.719876, -6.560086 ], [ 106.719406, -6.559999 ], [ 106.714629, -6.558064 ], [ 106.71354, -6.557685 ], [ 106.712679, -6.557462 ], [ 106.70907, -6.555933 ], [ 106.709036, -6.555923 ], [ 106.70687, -6.557484 ], [ 106.706869, -6.557499 ], [ 106.708043, -6.559383 ], [ 106.712786, -6.56407 ], [ 106.720068, -6.568576 ], [ 106.721771, -6.569354 ], [ 106.721791, -6.569351 ], [ 106.730148, -6.567699 ], [ 106.730791, -6.568605 ], [ 106.729689, -6.576609 ], [ 106.729396, -6.577612 ], [ 106.729442, -6.578064 ], [ 106.731114, -6.579916 ], [ 106.731881, -6.579865 ], [ 106.735539, -6.580402 ], [ 106.73897, -6.587076 ], [ 106.738936, -6.587585 ], [ 106.73841, -6.590553 ], [ 106.738114, -6.591863 ], [ 106.739061, -6.594003 ], [ 106.73923, -6.594098 ], [ 106.744971, -6.597105 ], [ 106.745123, -6.597117 ], [ 106.746923, -6.596137 ], [ 106.755011, -6.592853 ], [ 106.756507, -6.594922 ], [ 106.7574, -6.600817 ], [ 106.757408, -6.600883 ], [ 106.758373, -6.602186 ], [ 106.758461, -6.602244 ], [ 106.758791, -6.602392 ], [ 106.759883, -6.602327 ], [ 106.760242, -6.602115 ], [ 106.760306, -6.602061 ], [ 106.760928, -6.60111 ], [ 106.761249, -6.600673 ], [ 106.762054, -6.599315 ], [ 106.762173, -6.598764 ], [ 106.763633, -6.594992 ], [ 106.770168, -6.591791 ], [ 106.775205, -6.595116 ], [ 106.778703, -6.598085 ], [ 106.779263, -6.598358 ], [ 106.779351, -6.598357 ], [ 106.784677, -6.5984 ], [ 106.790084, -6.601763 ], [ 106.792135, -6.602021 ], [ 106.79246, -6.601855 ], [ 106.792914, -6.599537 ], [ 106.793069, -6.598392 ], [ 106.793217, -6.596597 ], [ 106.793528, -6.595698 ], [ 106.802478, -6.596108 ], [ 106.802965, -6.598799 ], [ 106.803022, -6.599574 ], [ 106.805104, -6.600318 ], [ 106.805152, -6.600309 ], [ 106.806578, -6.599016 ], [ 106.812892, -6.593603 ], [ 106.818321, -6.58858 ], [ 106.823121, -6.583542 ], [ 106.823219, -6.583246 ], [ 106.822883, -6.582693 ], [ 106.822016, -6.580953 ], [ 106.824129, -6.573342 ], [ 106.82763, -6.571215 ], [ 106.828401, -6.57098 ], [ 106.830708, -6.569632 ], [ 106.838457, -6.573609 ], [ 106.841861, -6.57478 ], [ 106.842704, -6.57233 ], [ 106.84339, -6.570278 ], [ 106.847285, -6.562717 ], [ 106.852849, -6.557547 ], [ 106.85291, -6.557361 ], [ 106.853532, -6.554083 ], [ 106.856518, -6.54852 ], [ 106.864064, -6.544355 ], [ 106.864147, -6.544341 ], [ 106.865882, -6.542589 ], [ 106.865755, -6.542342 ], [ 106.864926, -6.541436 ], [ 106.863452, -6.539945 ], [ 106.862332, -6.538756 ], [ 106.859552, -6.531319 ], [ 106.859953, -6.529864 ], [ 106.859316, -6.525863 ], [ 106.859376, -6.525464 ], [ 106.861966, -6.520915 ], [ 106.86815, -6.519944 ], [ 106.868705, -6.520153 ], [ 106.868992, -6.520218 ], [ 106.869508, -6.52027 ], [ 106.870032, -6.52026 ], [ 106.87047, -6.519001 ], [ 106.870342, -6.517041 ], [ 106.874557, -6.510079 ], [ 106.878617, -6.511791 ], [ 106.878868, -6.511926 ], [ 106.880652, -6.511561 ], [ 106.880686, -6.511532 ], [ 106.88497, -6.508298 ], [ 106.889352, -6.508541 ], [ 106.896158, -6.511285 ], [ 106.897783, -6.514212 ], [ 106.901249, -6.516774 ], [ 106.904194, -6.518151 ], [ 106.906538, -6.519344 ], [ 106.90704, -6.519634 ], [ 106.907198, -6.519719 ], [ 106.908899, -6.516546 ], [ 106.907623, -6.515484 ], [ 106.906662, -6.514847 ], [ 106.902469, -6.509722 ], [ 106.902499, -6.501003 ], [ 106.904029, -6.49861 ], [ 106.904315, -6.497667 ], [ 106.904003, -6.497126 ], [ 106.9038, -6.496924 ], [ 106.903114, -6.496479 ], [ 106.898876, -6.492529 ], [ 106.897994, -6.490712 ], [ 106.896436, -6.488695 ], [ 106.896345, -6.488535 ], [ 106.896248, -6.488374 ], [ 106.895543, -6.487718 ], [ 106.894569, -6.486351 ], [ 106.893462, -6.484062 ], [ 106.898312, -6.476734 ], [ 106.904543, -6.479084 ], [ 106.905978, -6.480269 ], [ 106.906436, -6.480573 ], [ 106.909812, -6.483723 ], [ 106.909901, -6.483884 ], [ 106.915848, -6.488122 ], [ 106.913901, -6.492671 ], [ 106.913854, -6.493142 ], [ 106.914596, -6.493993 ], [ 106.915029, -6.494524 ], [ 106.915192, -6.494589 ], [ 106.920261, -6.493308 ], [ 106.920294, -6.493299 ], [ 106.920955, -6.492949 ], [ 106.921547, -6.491341 ], [ 106.921217, -6.488081 ], [ 106.921201, -6.487893 ], [ 106.920777, -6.485694 ], [ 106.918122, -6.483262 ], [ 106.913477, -6.477784 ], [ 106.913339, -6.477196 ], [ 106.913192, -6.476611 ], [ 106.913092, -6.4763 ], [ 106.912722, -6.475506 ], [ 106.912234, -6.472893 ], [ 106.917887, -6.468031 ], [ 106.919358, -6.467388 ], [ 106.924593, -6.466837 ], [ 106.929666, -6.467475 ], [ 106.932058, -6.466725 ], [ 106.932148, -6.466478 ], [ 106.931918, -6.464348 ], [ 106.931402, -6.459998 ], [ 106.931997, -6.456871 ], [ 106.935297, -6.453095 ], [ 106.942199, -6.453855 ], [ 106.945266, -6.454702 ], [ 106.954023, -6.454223 ], [ 106.960143, -6.455651 ], [ 106.961371, -6.454553 ], [ 106.961494, -6.454252 ], [ 106.961527, -6.452327 ], [ 106.960239, -6.450541 ], [ 106.963212, -6.442344 ], [ 106.96382, -6.441869 ], [ 106.968451, -6.434761 ], [ 106.969393, -6.433702 ], [ 106.975247, -6.430726 ], [ 106.9812, -6.43695 ], [ 106.981469, -6.437565 ], [ 106.983899, -6.438289 ], [ 106.984768, -6.438076 ], [ 106.985345, -6.436815 ], [ 106.98828, -6.430018 ], [ 106.995925, -6.42573 ], [ 107.000037, -6.424056 ], [ 107.006573, -6.421291 ], [ 107.006847, -6.421193 ], [ 107.013286, -6.418782 ], [ 107.020968, -6.417616 ], [ 107.024082, -6.418293 ], [ 107.024281, -6.418356 ], [ 107.025742, -6.417988 ], [ 107.025779, -6.417958 ], [ 107.026199, -6.417332 ], [ 107.026224, -6.417277 ], [ 107.026072, -6.416766 ], [ 107.025366, -6.414923 ], [ 107.021735, -6.411695 ], [ 107.017867, -6.409314 ], [ 107.011883, -6.406543 ], [ 107.009892, -6.404785 ], [ 107.004551, -6.400199 ], [ 107.002937, -6.397561 ], [ 107.003461, -6.38915 ], [ 107.003444, -6.386979 ], [ 107.006395, -6.379218 ], [ 107.008184, -6.378584 ], [ 107.016229, -6.375121 ], [ 107.016541, -6.37503 ], [ 107.017197, -6.374685 ], [ 107.021822, -6.372164 ], [ 107.024784, -6.370979 ], [ 107.028483, -6.368234 ], [ 107.028499, -6.368212 ], [ 107.029195, -6.36699 ], [ 107.032602, -6.360842 ], [ 107.038231, -6.354995 ], [ 107.040051, -6.353533 ], [ 107.040036, -6.353081 ], [ 107.040838, -6.349032 ], [ 107.045477, -6.345872 ], [ 107.047578, -6.345843 ], [ 107.054013, -6.33992 ], [ 107.054015, -6.339914 ], [ 107.053713, -6.331219 ], [ 107.055322, -6.327262 ], [ 107.054842, -6.324919 ], [ 107.058433, -6.318663 ], [ 107.061792, -6.318667 ], [ 107.062363, -6.318578 ], [ 107.063073, -6.31843 ], [ 107.064229, -6.318133 ], [ 107.065386, -6.317729 ], [ 107.066359, -6.317294 ], [ 107.066958, -6.316971 ], [ 107.069598, -6.31504 ], [ 107.07021, -6.314436 ], [ 107.070751, -6.313829 ], [ 107.0713, -6.313124 ], [ 107.071721, -6.312532 ], [ 107.072149, -6.311865 ], [ 107.074125, -6.308297 ], [ 107.075819, -6.304439 ], [ 107.08005, -6.297213 ], [ 107.080348, -6.29666 ], [ 107.0806, -6.296116 ], [ 107.081473, -6.293622 ], [ 107.081502, -6.293519 ], [ 107.082277, -6.291103 ], [ 107.086127, -6.283876 ], [ 107.08329, -6.281661 ], [ 107.082376, -6.282831 ], [ 107.081486, -6.284004 ], [ 107.079294, -6.288175 ], [ 107.079195, -6.288342 ], [ 107.078736, -6.289894 ], [ 107.078528, -6.290617 ], [ 107.075498, -6.297005 ], [ 107.075107, -6.297519 ], [ 107.074767, -6.298035 ], [ 107.074457, -6.298604 ], [ 107.074221, -6.299124 ], [ 107.066624, -6.303596 ], [ 107.064852, -6.304029 ], [ 107.063773, -6.30625 ], [ 107.063412, -6.307859 ], [ 107.058643, -6.315069 ], [ 107.056793, -6.314902 ], [ 107.054886, -6.31473 ], [ 107.053877, -6.314667 ], [ 107.052884, -6.314683 ], [ 107.051987, -6.314762 ], [ 107.051197, -6.314874 ], [ 107.050103, -6.315139 ], [ 107.049168, -6.31544 ], [ 107.048285, -6.315786 ], [ 107.047014, -6.31645 ], [ 107.046181, -6.316966 ], [ 107.045476, -6.317492 ], [ 107.037136, -6.3203 ], [ 107.036996, -6.320369 ], [ 107.036514, -6.323288 ], [ 107.033923, -6.331878 ], [ 107.032472, -6.333768 ], [ 107.030302, -6.336574 ], [ 107.024072, -6.341121 ], [ 107.01996, -6.341477 ], [ 107.017377, -6.342551 ], [ 107.015154, -6.343454 ], [ 107.01238, -6.345112 ], [ 107.01038, -6.345922 ], [ 107.002531, -6.341545 ], [ 107.002513, -6.339935 ], [ 107.001029, -6.336323 ], [ 106.999961, -6.334128 ], [ 106.998633, -6.329854 ], [ 106.998576, -6.329581 ], [ 106.997828, -6.322138 ], [ 106.99789, -6.321204 ], [ 106.997666, -6.320394 ], [ 106.995792, -6.315218 ], [ 106.995035, -6.312977 ], [ 106.990378, -6.307685 ], [ 106.989489, -6.300022 ], [ 106.989122, -6.29804 ], [ 106.988482, -6.294513 ], [ 106.986823, -6.290306 ], [ 106.985248, -6.289721 ], [ 106.985175, -6.289723 ], [ 106.985134, -6.289725 ], [ 106.983249, -6.289875 ], [ 106.983174, -6.290493 ], [ 106.983059, -6.291179 ], [ 106.978204, -6.296955 ], [ 106.97384, -6.290425 ], [ 106.974317, -6.287452 ], [ 106.974311, -6.286523 ], [ 106.97445, -6.285124 ], [ 106.976073, -6.281894 ], [ 106.979705, -6.276468 ], [ 106.981506, -6.275378 ], [ 106.981561, -6.275212 ], [ 106.98362, -6.270591 ], [ 106.984049, -6.269281 ], [ 106.984051, -6.269104 ], [ 106.983174, -6.268437 ], [ 106.982049, -6.267352 ], [ 106.979947, -6.267191 ], [ 106.979178, -6.267493 ], [ 106.97903, -6.267608 ], [ 106.971768, -6.269157 ], [ 106.965438, -6.264027 ], [ 106.967009, -6.255204 ], [ 106.968428, -6.254344 ], [ 106.969766, -6.253477 ], [ 106.971665, -6.252273 ], [ 106.972344, -6.251899 ], [ 106.97277, -6.251692 ], [ 106.974012, -6.251163 ], [ 106.974421, -6.251023 ], [ 106.974756, -6.250925 ], [ 106.975257, -6.250802 ], [ 106.976008, -6.250653 ], [ 106.976402, -6.250601 ], [ 106.97686, -6.250555 ], [ 106.977694, -6.250518 ], [ 106.978303, -6.250527 ], [ 106.978706, -6.250553 ], [ 106.979528, -6.25065 ], [ 106.980122, -6.250747 ], [ 106.980772, -6.250892 ], [ 106.981571, -6.251127 ], [ 106.982439, -6.251436 ], [ 106.983196, -6.251745 ], [ 106.984017, -6.252104 ], [ 106.985831, -6.252954 ], [ 106.986982, -6.253595 ], [ 106.987882, -6.254005 ], [ 106.988401, -6.254221 ], [ 106.989125, -6.254606 ], [ 106.991325, -6.255509 ], [ 106.992646, -6.255992 ], [ 106.993819, -6.256402 ], [ 106.995364, -6.256913 ], [ 106.996494, -6.253495 ], [ 106.996196, -6.244675 ], [ 106.995486, -6.244624 ], [ 106.994661, -6.244613 ], [ 106.994152, -6.244651 ], [ 106.993081, -6.244899 ], [ 106.99022, -6.24572 ], [ 106.987992, -6.246271 ], [ 106.983855, -6.246464 ], [ 106.982611, -6.246339 ], [ 106.981787, -6.246213 ], [ 106.980978, -6.246124 ], [ 106.980267, -6.246016 ], [ 106.978973, -6.245872 ], [ 106.978324, -6.245886 ], [ 106.972399, -6.239487 ], [ 106.971664, -6.237134 ], [ 106.971639, -6.237119 ], [ 106.969268, -6.237711 ], [ 106.968402, -6.238724 ], [ 106.960349, -6.236106 ], [ 106.959885, -6.234311 ], [ 106.958908, -6.232222 ], [ 106.957903, -6.22994 ], [ 106.954632, -6.222257 ], [ 106.953886, -6.214155 ], [ 106.953714, -6.213619 ], [ 106.953406, -6.212856 ], [ 106.953057, -6.212128 ], [ 106.951491, -6.209223 ], [ 106.949926, -6.206317 ], [ 106.948601, -6.203859 ], [ 106.947276, -6.2014 ], [ 106.944107, -6.203108 ], [ 106.945432, -6.205566 ], [ 106.946756, -6.208025 ], [ 106.948322, -6.21093 ], [ 106.948136, -6.219224 ], [ 106.94695, -6.221682 ], [ 106.946901, -6.221812 ], [ 106.947659, -6.223845 ], [ 106.949673, -6.230386 ], [ 106.944975, -6.23381 ], [ 106.937314, -6.230412 ], [ 106.937049, -6.229144 ], [ 106.935598, -6.22726 ], [ 106.932775, -6.225744 ], [ 106.926807, -6.220281 ], [ 106.925855, -6.216596 ], [ 106.925472, -6.214246 ], [ 106.925379, -6.214182 ], [ 106.925162, -6.214157 ], [ 106.923188, -6.21403 ], [ 106.922942, -6.214002 ], [ 106.920957, -6.21366 ], [ 106.920488, -6.213593 ], [ 106.917441, -6.213222 ], [ 106.914431, -6.212856 ], [ 106.913118, -6.212798 ], [ 106.911783, -6.21251 ], [ 106.908207, -6.205116 ], [ 106.907204, -6.201455 ], [ 106.906873, -6.197234 ], [ 106.907172, -6.195797 ], [ 106.907179, -6.195746 ], [ 106.908223, -6.191939 ], [ 106.915333, -6.188857 ], [ 106.918932, -6.188747 ], [ 106.925256, -6.186012 ], [ 106.929191, -6.185064 ], [ 106.929583, -6.18502 ], [ 106.930764, -6.182966 ], [ 106.930629, -6.182087 ], [ 106.930166, -6.181809 ], [ 106.929178, -6.181443 ], [ 106.928852, -6.18144 ], [ 106.928759, -6.181452 ], [ 106.922974, -6.180174 ], [ 106.919894, -6.175498 ], [ 106.917804, -6.174446 ], [ 106.912982, -6.174003 ], [ 106.912456, -6.173877 ], [ 106.911544, -6.174182 ], [ 106.908194, -6.174063 ], [ 106.904056, -6.167909 ], [ 106.905327, -6.16412 ], [ 106.905857, -6.163286 ], [ 106.906652, -6.161204 ], [ 106.906684, -6.161141 ], [ 106.907139, -6.160329 ], [ 106.905853, -6.158818 ], [ 106.905543, -6.158626 ], [ 106.901048, -6.155821 ], [ 106.901643, -6.148872 ], [ 106.901834, -6.148482 ], [ 106.900831, -6.147007 ], [ 106.900807, -6.146992 ], [ 106.896245, -6.14425 ], [ 106.894427, -6.138355 ], [ 106.895213, -6.135004 ], [ 106.895393, -6.134138 ], [ 106.895352, -6.131646 ], [ 106.895395, -6.130224 ], [ 106.895296, -6.125367 ], [ 106.895426, -6.120003 ], [ 106.895436, -6.119519 ], [ 106.895386, -6.11525 ], [ 106.894892, -6.108176 ], [ 106.889891, -6.108204 ], [ 106.884678, -6.108052 ], [ 106.884104, -6.108267 ], [ 106.875895, -6.11002 ], [ 106.868048, -6.111353 ], [ 106.866881, -6.111733 ], [ 106.866279, -6.112053 ], [ 106.865992, -6.112234 ], [ 106.861831, -6.114493 ], [ 106.856735, -6.115383 ], [ 106.856204, -6.115378 ], [ 106.855805, -6.115438 ], [ 106.849724, -6.118323 ], [ 106.847334, -6.118981 ], [ 106.845192, -6.11938 ], [ 106.8396, -6.119884 ], [ 106.83432, -6.119927 ], [ 106.830554, -6.117594 ], [ 106.829144, -6.118714 ], [ 106.820578, -6.116935 ], [ 106.818102, -6.115742 ], [ 106.817245, -6.115619 ], [ 106.809042, -6.116164 ], [ 106.80683, -6.110771 ], [ 106.806645, -6.109863 ], [ 106.80542, -6.10608 ], [ 106.805221, -6.105018 ], [ 106.804969, -6.102359 ], [ 106.804968, -6.102259 ], [ 106.804849, -6.101587 ], [ 106.804806, -6.101347 ], [ 106.804672, -6.100592 ], [ 106.804557, -6.099947 ], [ 106.804411, -6.099125 ], [ 106.804263, -6.098289 ], [ 106.804117, -6.097472 ], [ 106.803887, -6.096174 ], [ 106.803785, -6.095601 ], [ 106.803705, -6.095151 ], [ 106.803136, -6.094689 ], [ 106.800015, -6.096884 ], [ 106.799234, -6.098191 ], [ 106.797273, -6.102192 ], [ 106.796185, -6.107549 ], [ 106.789986, -6.109781 ], [ 106.782129, -6.106737 ], [ 106.78149, -6.106292 ], [ 106.776362, -6.101691 ], [ 106.776247, -6.101645 ], [ 106.7753, -6.102255 ], [ 106.769832, -6.104925 ], [ 106.763969, -6.106062 ], [ 106.761754, -6.106683 ], [ 106.761735, -6.106694 ], [ 106.753511, -6.109106 ], [ 106.749936, -6.109529 ], [ 106.742138, -6.105506 ], [ 106.742115, -6.104594 ], [ 106.742523, -6.102321 ], [ 106.743378, -6.099592 ], [ 106.743612, -6.098565 ], [ 106.74368, -6.098022 ], [ 106.743922, -6.096807 ], [ 106.744841, -6.094507 ], [ 106.744102, -6.092225 ], [ 106.744016, -6.092174 ], [ 106.741766, -6.092635 ], [ 106.741152, -6.093239 ], [ 106.74104, -6.093419 ], [ 106.739463, -6.097746 ], [ 106.735588, -6.103787 ], [ 106.726796, -6.104206 ], [ 106.723114, -6.101793 ], [ 106.719907, -6.095056 ], [ 106.719844, -6.094945 ], [ 106.71975, -6.094796 ], [ 106.719058, -6.094023 ], [ 106.718487, -6.09372 ], [ 106.717809, -6.093592 ], [ 106.717676, -6.093592 ], [ 106.712525, -6.094081 ], [ 106.71177, -6.094197 ], [ 106.711192, -6.094352 ], [ 106.710502, -6.09462 ], [ 106.70979, -6.095001 ], [ 106.701312, -6.093906 ], [ 106.698891, -6.092231 ], [ 106.698878, -6.092227 ], [ 106.696582, -6.093352 ], [ 106.689335, -6.09429 ], [ 106.687306, -6.094401 ], [ 106.686725, -6.096014 ], [ 106.678839, -6.097932 ], [ 106.67804, -6.097416 ], [ 106.677486, -6.097305 ], [ 106.674324, -6.097006 ], [ 106.670729, -6.097197 ], [ 106.664401, -6.102488 ], [ 106.665832, -6.105791 ], [ 106.667529, -6.105056 ], [ 106.669691, -6.104169 ], [ 106.676697, -6.109717 ], [ 106.676724, -6.110325 ], [ 106.67429, -6.116826 ], [ 106.668678, -6.117034 ], [ 106.667982, -6.117167 ], [ 106.667446, -6.117292 ], [ 106.665938, -6.117799 ], [ 106.665187, -6.118099 ], [ 106.660922, -6.118526 ], [ 106.66025, -6.11865 ], [ 106.65973, -6.11874 ], [ 106.659447, -6.11883 ], [ 106.659108, -6.11964 ], [ 106.652726, -6.125299 ], [ 106.649955, -6.127932 ], [ 106.647716, -6.129651 ], [ 106.647803, -6.12987 ], [ 106.647933, -6.130163 ], [ 106.648248, -6.130645 ], [ 106.64857, -6.130962 ], [ 106.649169, -6.131322 ], [ 106.649862, -6.131506 ], [ 106.650245, -6.131523 ], [ 106.650783, -6.131436 ], [ 106.655256, -6.132658 ], [ 106.652013, -6.1407 ], [ 106.648976, -6.144597 ], [ 106.641367, -6.1476 ], [ 106.640116, -6.146263 ], [ 106.634885, -6.140193 ], [ 106.635007, -6.138262 ], [ 106.635131, -6.136296 ], [ 106.634889, -6.134923 ], [ 106.635015, -6.13286 ], [ 106.635143, -6.130773 ], [ 106.635582, -6.128854 ], [ 106.635736, -6.126182 ], [ 106.635816, -6.124566 ], [ 106.635883, -6.123903 ], [ 106.635888, -6.123586 ], [ 106.636245, -6.120819 ], [ 106.636254, -6.118794 ], [ 106.636264, -6.116901 ], [ 106.636144, -6.11572 ], [ 106.635011, -6.115176 ], [ 106.634726, -6.115041 ], [ 106.632591, -6.115143 ], [ 106.630713, -6.120089 ], [ 106.629278, -6.123391 ], [ 106.62938, -6.125237 ], [ 106.629374, -6.125518 ], [ 106.62937, -6.125866 ], [ 106.629372, -6.12678 ], [ 106.627711, -6.131485 ], [ 106.627012, -6.132217 ], [ 106.626419, -6.13282 ], [ 106.61892, -6.133178 ], [ 106.617566, -6.131089 ], [ 106.617396, -6.131066 ], [ 106.615419, -6.13234 ], [ 106.614336, -6.134601 ], [ 106.613988, -6.135301 ], [ 106.612247, -6.139571 ], [ 106.613965, -6.145471 ], [ 106.613154, -6.148519 ], [ 106.605623, -6.151312 ], [ 106.601041, -6.14748 ], [ 106.600456, -6.147324 ], [ 106.599385, -6.147175 ], [ 106.597907, -6.147022 ], [ 106.59305, -6.15081 ], [ 106.592965, -6.151001 ], [ 106.592895, -6.151922 ], [ 106.592915, -6.152198 ], [ 106.593109, -6.152739 ], [ 106.591719, -6.161402 ], [ 106.585626, -6.167377 ], [ 106.577855, -6.171629 ], [ 106.57584, -6.17275 ], [ 106.567189, -6.173596 ], [ 106.565724, -6.173745 ], [ 106.565062, -6.173823 ], [ 106.564994, -6.17388 ], [ 106.564884, -6.174212 ], [ 106.564617, -6.175648 ], [ 106.564533, -6.176026 ], [ 106.565343, -6.181073 ], [ 106.565203, -6.183568 ], [ 106.560903, -6.188839 ], [ 106.557001, -6.188535 ], [ 106.556917, -6.188532 ], [ 106.556278, -6.188787 ], [ 106.547949, -6.189836 ], [ 106.546069, -6.189695 ], [ 106.543778, -6.192 ], [ 106.542065, -6.193508 ], [ 106.542061, -6.193535 ], [ 106.540659, -6.199131 ], [ 106.533286, -6.199813 ], [ 106.533213, -6.199786 ], [ 106.528933, -6.196515 ], [ 106.527761, -6.194483 ], [ 106.527703, -6.194462 ], [ 106.522787, -6.195935 ], [ 106.514033, -6.193851 ], [ 106.513732, -6.193256 ], [ 106.513276, -6.192712 ], [ 106.5127, -6.192166 ], [ 106.509191, -6.192969 ], [ 106.50926, -6.19327 ], [ 106.508715, -6.198199 ], [ 106.501126, -6.200186 ], [ 106.497936, -6.199473 ], [ 106.494651, -6.198741 ], [ 106.492835, -6.198439 ], [ 106.491442, -6.1983 ], [ 106.490722, -6.198261 ], [ 106.489525, -6.198256 ], [ 106.488777, -6.198291 ], [ 106.480478, -6.19706 ], [ 106.480407, -6.197054 ], [ 106.476968, -6.198496 ], [ 106.475969, -6.200012 ], [ 106.46869, -6.204386 ], [ 106.467823, -6.204331 ], [ 106.467069, -6.204264 ], [ 106.466179, -6.204116 ], [ 106.464646, -6.203732 ], [ 106.463778, -6.203453 ], [ 106.462772, -6.203055 ], [ 106.461871, -6.202657 ], [ 106.460208, -6.201842 ], [ 106.457096, -6.200377 ], [ 106.455771, -6.199858 ], [ 106.454867, -6.199538 ], [ 106.453512, -6.199179 ], [ 106.452589, -6.202659 ] ] ] } },
{ "type": "Feature", "properties": { "name": "Madré Padel Club Pondok Pinang" }, "geometry": { "type": "Polygon", "coordinates": [ [ [ 106.513422, -6.206603 ], [ 106.515711, -6.206927 ], [ 106.51782, -6.207149 ], [ 106.521527, -6.207422 ], [ 106.523412, -6.207561 ], [ 106.524318, -6.207554 ], [ 106.524992, -6.207477 ], [ 106.528931, -6.207419 ], [ 106.531032, -6.207552 ], [ 106.533056, -6.207785 ], [ 106.537282, -6.208529 ], [ 106.541615, -6.209288 ], [ 106.542195, -6.20945 ], [ 106.543258, -6.209787 ], [ 106.543755, -6.209997 ], [ 106.544568, -6.210377 ], [ 106.545322, -6.210797 ], [ 106.545988, -6.211219 ], [ 106.546956, -6.211949 ], [ 106.548426, -6.213261 ], [ 106.546192, -6.221157 ], [ 106.542711, -6.220362 ], [ 106.540325, -6.219692 ], [ 106.539922, -6.219633 ], [ 106.538311, -6.221076 ], [ 106.53823, -6.221434 ], [ 106.539405, -6.223196 ], [ 106.541763, -6.226757 ], [ 106.547947, -6.232331 ], [ 106.553664, -6.237372 ], [ 106.55367, -6.237372 ], [ 106.561334, -6.239087 ], [ 106.562814, -6.240091 ], [ 106.562853, -6.240094 ], [ 106.563265, -6.239502 ], [ 106.56469, -6.237784 ], [ 106.564636, -6.237645 ], [ 106.563933, -6.233654 ], [ 106.568805, -6.228458 ], [ 106.570824, -6.227138 ], [ 106.571411, -6.226615 ], [ 106.577488, -6.223739 ], [ 106.580145, -6.22399 ], [ 106.586185, -6.229398 ], [ 106.584157, -6.23446 ], [ 106.585274, -6.237047 ], [ 106.586068, -6.237511 ], [ 106.593002, -6.240148 ], [ 106.594376, -6.240996 ], [ 106.596195, -6.242038 ], [ 106.595286, -6.250323 ], [ 106.593984, -6.252125 ], [ 106.593981, -6.252316 ], [ 106.594355, -6.254778 ], [ 106.595021, -6.255527 ], [ 106.595277, -6.255863 ], [ 106.595931, -6.256562 ], [ 106.596389, -6.257058 ], [ 106.596646, -6.257309 ], [ 106.596193, -6.26606 ], [ 106.594119, -6.267133 ], [ 106.594088, -6.267216 ], [ 106.594785, -6.269373 ], [ 106.595433, -6.275258 ], [ 106.591922, -6.281609 ], [ 106.590417, -6.283177 ], [ 106.587882, -6.285585 ], [ 106.580316, -6.289844 ], [ 106.579288, -6.290068 ], [ 106.5789, -6.290678 ], [ 106.57533, -6.29784 ], [ 106.575849, -6.301403 ], [ 106.582313, -6.305585 ], [ 106.582383, -6.308905 ], [ 106.578056, -6.315457 ], [ 106.573337, -6.317013 ], [ 106.571398, -6.317787 ], [ 106.571363, -6.31897 ], [ 106.571446, -6.319472 ], [ 106.571584, -6.319831 ], [ 106.574491, -6.327141 ], [ 106.574929, -6.329195 ], [ 106.575913, -6.330948 ], [ 106.575938, -6.33096 ], [ 106.578225, -6.330255 ], [ 106.578268, -6.330175 ], [ 106.580537, -6.327237 ], [ 106.588466, -6.327697 ], [ 106.588499, -6.331907 ], [ 106.587839, -6.333652 ], [ 106.587857, -6.333731 ], [ 106.590451, -6.334933 ], [ 106.590588, -6.334844 ], [ 106.592576, -6.333671 ], [ 106.596046, -6.331848 ], [ 106.600237, -6.329645 ], [ 106.605909, -6.332604 ], [ 106.606175, -6.332914 ], [ 106.607929, -6.338824 ], [ 106.60792, -6.339051 ], [ 106.609259, -6.340147 ], [ 106.610139, -6.348444 ], [ 106.609196, -6.354558 ], [ 106.609192, -6.355126 ], [ 106.609253, -6.355348 ], [ 106.610338, -6.356912 ], [ 106.610692, -6.356984 ], [ 106.615817, -6.361139 ], [ 106.615138, -6.365821 ], [ 106.614776, -6.367868 ], [ 106.61471, -6.368207 ], [ 106.613051, -6.376848 ], [ 106.61487, -6.379955 ], [ 106.615186, -6.37977 ], [ 106.615854, -6.379283 ], [ 106.621226, -6.378082 ], [ 106.624325, -6.384064 ], [ 106.618686, -6.389994 ], [ 106.617163, -6.393256 ], [ 106.62229, -6.398729 ], [ 106.623836, -6.400278 ], [ 106.625122, -6.400952 ], [ 106.625364, -6.400644 ], [ 106.634095, -6.402407 ], [ 106.634269, -6.403516 ], [ 106.634504, -6.404529 ], [ 106.634624, -6.405212 ], [ 106.634799, -6.405973 ], [ 106.635142, -6.407096 ], [ 106.635392, -6.407742 ], [ 106.638193, -6.40785 ], [ 106.638272, -6.407755 ], [ 106.638764, -6.40648 ], [ 106.638574, -6.405973 ], [ 106.638251, -6.404953 ], [ 106.638136, -6.404424 ], [ 106.638052, -6.403919 ], [ 106.637778, -6.402711 ], [ 106.637725, -6.401138 ], [ 106.639617, -6.397356 ], [ 106.648155, -6.399901 ], [ 106.648218, -6.40002 ], [ 106.648919, -6.401039 ], [ 106.650047, -6.403217 ], [ 106.650659, -6.406464 ], [ 106.65066, -6.40728 ], [ 106.650853, -6.408626 ], [ 106.652591, -6.413365 ], [ 106.652664, -6.413816 ], [ 106.652956, -6.416533 ], [ 106.652928, -6.420132 ], [ 106.654663, -6.422377 ], [ 106.65324, -6.430676 ], [ 106.652047, -6.43394 ], [ 106.652052, -6.434209 ], [ 106.653269, -6.435621 ], [ 106.655797, -6.440267 ], [ 106.656073, -6.440267 ], [ 106.659748, -6.441398 ], [ 106.658393, -6.449564 ], [ 106.65788, -6.450004 ], [ 106.657504, -6.450639 ], [ 106.650277, -6.454959 ], [ 106.643629, -6.451845 ], [ 106.641687, -6.451552 ], [ 106.641545, -6.451629 ], [ 106.640747, -6.454002 ], [ 106.642587, -6.457711 ], [ 106.642996, -6.458398 ], [ 106.646649, -6.462571 ], [ 106.647894, -6.46291 ], [ 106.648081, -6.462953 ], [ 106.6524, -6.463904 ], [ 106.656433, -6.467629 ], [ 106.659439, -6.469609 ], [ 106.664276, -6.472316 ], [ 106.670432, -6.475308 ], [ 106.672082, -6.479891 ], [ 106.672159, -6.480684 ], [ 106.672403, -6.481434 ], [ 106.67259, -6.481999 ], [ 106.673073, -6.483115 ], [ 106.67825, -6.487785 ], [ 106.679409, -6.496072 ], [ 106.679297, -6.496731 ], [ 106.679373, -6.497025 ], [ 106.681148, -6.497939 ], [ 106.682971, -6.49716 ], [ 106.684175, -6.493854 ], [ 106.684178, -6.493624 ], [ 106.682956, -6.491834 ], [ 106.681282, -6.487162 ], [ 106.681173, -6.482544 ], [ 106.681198, -6.4822 ], [ 106.681074, -6.481562 ], [ 106.680882, -6.481048 ], [ 106.680777, -6.480729 ], [ 106.68063, -6.477228 ], [ 106.679588, -6.474458 ], [ 106.682169, -6.468735 ], [ 106.688098, -6.468399 ], [ 106.692346, -6.474461 ], [ 106.697599, -6.475776 ], [ 106.69816, -6.476041 ], [ 106.703894, -6.482785 ], [ 106.702266, -6.484427 ], [ 106.702126, -6.48496 ], [ 106.702147, -6.485042 ], [ 106.7036, -6.486373 ], [ 106.707959, -6.490612 ], [ 106.708765, -6.490871 ], [ 106.708804, -6.499597 ], [ 106.708385, -6.500678 ], [ 106.708334, -6.500981 ], [ 106.709636, -6.503002 ], [ 106.711691, -6.505833 ], [ 106.717778, -6.50822 ], [ 106.722168, -6.510617 ], [ 106.722855, -6.511007 ], [ 106.723095, -6.51108 ], [ 106.728415, -6.511804 ], [ 106.730299, -6.512424 ], [ 106.732549, -6.512476 ], [ 106.73596, -6.511281 ], [ 106.737694, -6.510577 ], [ 106.738826, -6.509582 ], [ 106.744738, -6.508389 ], [ 106.751955, -6.510067 ], [ 106.749557, -6.518462 ], [ 106.749033, -6.518798 ], [ 106.745679, -6.519695 ], [ 106.745023, -6.519913 ], [ 106.744657, -6.521163 ], [ 106.742428, -6.526893 ], [ 106.740729, -6.528537 ], [ 106.740795, -6.529138 ], [ 106.738999, -6.537876 ], [ 106.738993, -6.537888 ], [ 106.73971, -6.540249 ], [ 106.744214, -6.543384 ], [ 106.744828, -6.543788 ], [ 106.751038, -6.55021 ], [ 106.751266, -6.550307 ], [ 106.757524, -6.552061 ], [ 106.76132, -6.556274 ], [ 106.760925, -6.560501 ], [ 106.759932, -6.564576 ], [ 106.76106, -6.566685 ], [ 106.761147, -6.566728 ], [ 106.762385, -6.567101 ], [ 106.764426, -6.567468 ], [ 106.764525, -6.567423 ], [ 106.7713, -6.563434 ], [ 106.777446, -6.565395 ], [ 106.779087, -6.566301 ], [ 106.78288, -6.569833 ], [ 106.78389, -6.571362 ], [ 106.787527, -6.571926 ], [ 106.787865, -6.571949 ], [ 106.788157, -6.571953 ], [ 106.789508, -6.570387 ], [ 106.789452, -6.569917 ], [ 106.796197, -6.564362 ], [ 106.796794, -6.564428 ], [ 106.797248, -6.564446 ], [ 106.79776, -6.564421 ], [ 106.798133, -6.564376 ], [ 106.798474, -6.564323 ], [ 106.799431, -6.564132 ], [ 106.800636, -6.563835 ], [ 106.801537, -6.563645 ], [ 106.804328, -6.562994 ], [ 106.803509, -6.559488 ], [ 106.800719, -6.560139 ], [ 106.799893, -6.560313 ], [ 106.792089, -6.558245 ], [ 106.789865, -6.554451 ], [ 106.788841, -6.554005 ], [ 106.785823, -6.546193 ], [ 106.786582, -6.544441 ], [ 106.790195, -6.539309 ], [ 106.796752, -6.537024 ], [ 106.800039, -6.532538 ], [ 106.801173, -6.53098 ], [ 106.801176, -6.530743 ], [ 106.800146, -6.52894 ], [ 106.79943, -6.528918 ], [ 106.79657, -6.528453 ], [ 106.79635, -6.528455 ], [ 106.791505, -6.52779 ], [ 106.788613, -6.523743 ], [ 106.788387, -6.523544 ], [ 106.788499, -6.516372 ], [ 106.794685, -6.516486 ], [ 106.795744, -6.51782 ], [ 106.796293, -6.518384 ], [ 106.798291, -6.517869 ], [ 106.798397, -6.517741 ], [ 106.798875, -6.515875 ], [ 106.799033, -6.510348 ], [ 106.799003, -6.510039 ], [ 106.798371, -6.502396 ], [ 106.803667, -6.498119 ], [ 106.803752, -6.497981 ], [ 106.803913, -6.49645 ], [ 106.803576, -6.494335 ], [ 106.805574, -6.487277 ], [ 106.81389, -6.489553 ], [ 106.814239, -6.491647 ], [ 106.814418, -6.491827 ], [ 106.815559, -6.492743 ], [ 106.815687, -6.492676 ], [ 106.816055, -6.49243 ], [ 106.823523, -6.491053 ], [ 106.823657, -6.491074 ], [ 106.830133, -6.497089 ], [ 106.830065, -6.497865 ], [ 106.831292, -6.501401 ], [ 106.831373, -6.501829 ], [ 106.831509, -6.502217 ], [ 106.831554, -6.502318 ], [ 106.838042, -6.5083 ], [ 106.837841, -6.509023 ], [ 106.836815, -6.511394 ], [ 106.832246, -6.514447 ], [ 106.832227, -6.514464 ], [ 106.830587, -6.51807 ], [ 106.830172, -6.521646 ], [ 106.82949, -6.526469 ], [ 106.829944, -6.528499 ], [ 106.829966, -6.52852 ], [ 106.830712, -6.528469 ], [ 106.832573, -6.528328 ], [ 106.839609, -6.523117 ], [ 106.841186, -6.521982 ], [ 106.841304, -6.521772 ], [ 106.841204, -6.51989 ], [ 106.8426, -6.514233 ], [ 106.845701, -6.510884 ], [ 106.846926, -6.508136 ], [ 106.847113, -6.507843 ], [ 106.845898, -6.49925 ], [ 106.846334, -6.496953 ], [ 106.846718, -6.494952 ], [ 106.846908, -6.49391 ], [ 106.850258, -6.489412 ], [ 106.857424, -6.490223 ], [ 106.860407, -6.495868 ], [ 106.860553, -6.495959 ], [ 106.860585, -6.495979 ], [ 106.864766, -6.502778 ], [ 106.863316, -6.506038 ], [ 106.861865, -6.509298 ], [ 106.865154, -6.510762 ], [ 106.866605, -6.507502 ], [ 106.868055, -6.504241 ], [ 106.868947, -6.502193 ], [ 106.86959, -6.500353 ], [ 106.870325, -6.497961 ], [ 106.871102, -6.495485 ], [ 106.872313, -6.492405 ], [ 106.877471, -6.487678 ], [ 106.880618, -6.486461 ], [ 106.882942, -6.484993 ], [ 106.884768, -6.483763 ], [ 106.884813, -6.483482 ], [ 106.885432, -6.477765 ], [ 106.891022, -6.475651 ], [ 106.897975, -6.473171 ], [ 106.901478, -6.472344 ], [ 106.902767, -6.469565 ], [ 106.90276, -6.469498 ], [ 106.902561, -6.468832 ], [ 106.902225, -6.468431 ], [ 106.902022, -6.468192 ], [ 106.90225, -6.459383 ], [ 106.902703, -6.459017 ], [ 106.905608, -6.456183 ], [ 106.90864, -6.452711 ], [ 106.908631, -6.45008 ], [ 106.908606, -6.450057 ], [ 106.90651, -6.449809 ], [ 106.899817, -6.448229 ], [ 106.899618, -6.44814 ], [ 106.894711, -6.442475 ], [ 106.895197, -6.439642 ], [ 106.895684, -6.436809 ], [ 106.89617, -6.433977 ], [ 106.896302, -6.433343 ], [ 106.896561, -6.432359 ], [ 106.897292, -6.430109 ], [ 106.898053, -6.427758 ], [ 106.898342, -6.426663 ], [ 106.898653, -6.425164 ], [ 106.89877, -6.424283 ], [ 106.898823, -6.423735 ], [ 106.899928, -6.420377 ], [ 106.905971, -6.417652 ], [ 106.908611, -6.417677 ], [ 106.91517, -6.412163 ], [ 106.920719, -6.405674 ], [ 106.922329, -6.405466 ], [ 106.928578, -6.405021 ], [ 106.93407, -6.406878 ], [ 106.934936, -6.407153 ], [ 106.937103, -6.406224 ], [ 106.945391, -6.407216 ], [ 106.945813, -6.409394 ], [ 106.945898, -6.409566 ], [ 106.945971, -6.409621 ], [ 106.948131, -6.409552 ], [ 106.952487, -6.410105 ], [ 106.958132, -6.413396 ], [ 106.957656, -6.418823 ], [ 106.957708, -6.420496 ], [ 106.957672, -6.422006 ], [ 106.961271, -6.422092 ], [ 106.967309, -6.418498 ], [ 106.969654, -6.415892 ], [ 106.975219, -6.409651 ], [ 106.978023, -6.406051 ], [ 106.978066, -6.405687 ], [ 106.979051, -6.399476 ], [ 106.97956, -6.397205 ], [ 106.980114, -6.393078 ], [ 106.980678, -6.390873 ], [ 106.980674, -6.390864 ], [ 106.97756, -6.385005 ], [ 106.983547, -6.379973 ], [ 106.986683, -6.38021 ], [ 106.988169, -6.380109 ], [ 106.989289, -6.379929 ], [ 106.990764, -6.379497 ], [ 106.992378, -6.378845 ], [ 106.996243, -6.376621 ], [ 106.998204, -6.375586 ], [ 106.999791, -6.37464 ], [ 107.001014, -6.373663 ], [ 107.002124, -6.372629 ], [ 107.002833, -6.371803 ], [ 107.004274, -6.369874 ], [ 107.005927, -6.367526 ], [ 107.007555, -6.365212 ], [ 107.010872, -6.361645 ], [ 107.014261, -6.359054 ], [ 107.017658, -6.356457 ], [ 107.020048, -6.354608 ], [ 107.022426, -6.352768 ], [ 107.024047, -6.351537 ], [ 107.025721, -6.350263 ], [ 107.026252, -6.349823 ], [ 107.026851, -6.349277 ], [ 107.027457, -6.34866 ], [ 107.028172, -6.347873 ], [ 107.028697, -6.34721 ], [ 107.029184, -6.346507 ], [ 107.029661, -6.34575 ], [ 107.030323, -6.344457 ], [ 107.032166, -6.34029 ], [ 107.02894, -6.338693 ], [ 107.02865, -6.339278 ], [ 107.028316, -6.340079 ], [ 107.027028, -6.343008 ], [ 107.021675, -6.347516 ], [ 107.021268, -6.347675 ], [ 107.020854, -6.347927 ], [ 107.020514, -6.348226 ], [ 107.020178, -6.348655 ], [ 107.015455, -6.35361 ], [ 107.012075, -6.356194 ], [ 107.008685, -6.358785 ], [ 107.007987, -6.359371 ], [ 107.007307, -6.359985 ], [ 107.006539, -6.360757 ], [ 107.005846, -6.361543 ], [ 107.005185, -6.362367 ], [ 107.004662, -6.36307 ], [ 107.002984, -6.365453 ], [ 107.00133, -6.367801 ], [ 106.999949, -6.369648 ], [ 106.999402, -6.370273 ], [ 106.998582, -6.371009 ], [ 106.997551, -6.371822 ], [ 106.996392, -6.372475 ], [ 106.994566, -6.373435 ], [ 106.992672, -6.374432 ], [ 106.990481, -6.375785 ], [ 106.989477, -6.376135 ], [ 106.988291, -6.376471 ], [ 106.987651, -6.376547 ], [ 106.986455, -6.376617 ], [ 106.98384, -6.376385 ], [ 106.980031, -6.368595 ], [ 106.985652, -6.366836 ], [ 106.985726, -6.36683 ], [ 106.987369, -6.365118 ], [ 106.987417, -6.363779 ], [ 106.987414, -6.363768 ], [ 106.985937, -6.360598 ], [ 106.985903, -6.360497 ], [ 106.983401, -6.359474 ], [ 106.97868, -6.352818 ], [ 106.978841, -6.349815 ], [ 106.978951, -6.349344 ], [ 106.97994, -6.345397 ], [ 106.979957, -6.345342 ], [ 106.979747, -6.343443 ], [ 106.981186, -6.338141 ], [ 106.986826, -6.335506 ], [ 106.990804, -6.334486 ], [ 106.992718, -6.333858 ], [ 106.995253, -6.329362 ], [ 106.995345, -6.329039 ], [ 106.996049, -6.326471 ], [ 106.997377, -6.323332 ], [ 107.004813, -6.321838 ], [ 107.00501, -6.321887 ], [ 107.013437, -6.320869 ], [ 107.015413, -6.320598 ], [ 107.015667, -6.320501 ], [ 107.016064, -6.320166 ], [ 107.016141, -6.319979 ], [ 107.016241, -6.318612 ], [ 107.015898, -6.311528 ], [ 107.01583, -6.31139 ], [ 107.013711, -6.305085 ], [ 107.014836, -6.302373 ], [ 107.015235, -6.301649 ], [ 107.014376, -6.300116 ], [ 107.013978, -6.299933 ], [ 107.011524, -6.292604 ], [ 107.013685, -6.29032 ], [ 107.013755, -6.290145 ], [ 107.012421, -6.281356 ], [ 107.012408, -6.281341 ], [ 107.010046, -6.28099 ], [ 107.006437, -6.275345 ], [ 107.005984, -6.274369 ], [ 107.010585, -6.26716 ], [ 107.013889, -6.268408 ], [ 107.016177, -6.271714 ], [ 107.016278, -6.272109 ], [ 107.016384, -6.272389 ], [ 107.016768, -6.2725 ], [ 107.0188, -6.27196 ], [ 107.019731, -6.271355 ], [ 107.027941, -6.268317 ], [ 107.028483, -6.268453 ], [ 107.030834, -6.269315 ], [ 107.033059, -6.270064 ], [ 107.033727, -6.270312 ], [ 107.034988, -6.270744 ], [ 107.036596, -6.271301 ], [ 107.037902, -6.271815 ], [ 107.038653, -6.272042 ], [ 107.040743, -6.272858 ], [ 107.042565, -6.273574 ], [ 107.043965, -6.274203 ], [ 107.046422, -6.275269 ], [ 107.048241, -6.276111 ], [ 107.04988, -6.276807 ], [ 107.051668, -6.277583 ], [ 107.052648, -6.277969 ], [ 107.055768, -6.279106 ], [ 107.058853, -6.279884 ], [ 107.061935, -6.280848 ], [ 107.064356, -6.281762 ], [ 107.065667, -6.278409 ], [ 107.063799, -6.277679 ], [ 107.063081, -6.277435 ], [ 107.059929, -6.276448 ], [ 107.058151, -6.27586 ], [ 107.054903, -6.274642 ], [ 107.053286, -6.274099 ], [ 107.052992, -6.274 ], [ 107.049947, -6.272778 ], [ 107.047935, -6.272003 ], [ 107.04616, -6.27118 ], [ 107.045091, -6.270718 ], [ 107.043927, -6.270242 ], [ 107.043053, -6.269858 ], [ 107.042007, -6.269427 ], [ 107.039874, -6.268656 ], [ 107.039144, -6.268436 ], [ 107.037817, -6.267914 ], [ 107.033788, -6.264662 ], [ 107.033365, -6.264507 ], [ 107.031434, -6.263797 ], [ 107.032079, -6.254835 ], [ 107.034415, -6.254363 ], [ 107.034429, -6.254346 ], [ 107.034485, -6.252157 ], [ 107.034206, -6.251907 ], [ 107.031985, -6.250683 ], [ 107.027693, -6.245428 ], [ 107.026859, -6.24317 ], [ 107.026857, -6.243169 ], [ 107.021565, -6.24083 ], [ 107.021384, -6.24082 ], [ 107.015626, -6.240232 ], [ 107.012232, -6.232923 ], [ 107.011948, -6.231396 ], [ 107.011645, -6.230774 ], [ 107.011095, -6.229944 ], [ 107.010896, -6.229675 ], [ 107.007428, -6.226333 ], [ 107.002683, -6.227897 ], [ 106.99377, -6.226843 ], [ 106.988801, -6.228019 ], [ 106.98279, -6.222981 ], [ 106.984668, -6.217531 ], [ 106.984924, -6.216871 ], [ 106.984955, -6.216233 ], [ 106.984667, -6.21471 ], [ 106.984277, -6.210759 ], [ 106.983202, -6.20922 ], [ 106.981509, -6.205348 ], [ 106.981997, -6.197004 ], [ 106.981998, -6.196992 ], [ 106.980618, -6.195066 ], [ 106.978628, -6.18838 ], [ 106.976857, -6.185494 ], [ 106.974473, -6.179176 ], [ 106.973785, -6.178598 ], [ 106.968864, -6.17647 ], [ 106.96527, -6.176676 ], [ 106.96082, -6.170065 ], [ 106.95662, -6.168146 ], [ 106.950546, -6.162957 ], [ 106.951695, -6.158122 ], [ 106.951896, -6.157819 ], [ 106.951891, -6.157753 ], [ 106.950322, -6.155407 ], [ 106.943227, -6.150139 ], [ 106.942688, -6.149065 ], [ 106.941822, -6.145951 ], [ 106.941654, -6.143485 ], [ 106.941572, -6.142948 ], [ 106.941463, -6.142438 ], [ 106.941105, -6.141212 ], [ 106.940183, -6.138787 ], [ 106.939976, -6.138453 ], [ 106.936725, -6.134153 ], [ 106.935993, -6.132905 ], [ 106.935183, -6.131662 ], [ 106.934941, -6.13132 ], [ 106.933155, -6.128886 ], [ 106.931181, -6.123127 ], [ 106.9305, -6.119978 ], [ 106.934207, -6.11333 ], [ 106.936388, -6.112566 ], [ 106.937498, -6.112305 ], [ 106.937296, -6.110203 ], [ 106.93809, -6.101894 ], [ 106.93797, -6.101683 ], [ 106.937956, -6.101657 ], [ 106.937941, -6.101633 ], [ 106.93574, -6.100871 ], [ 106.927261, -6.099778 ], [ 106.926966, -6.099781 ], [ 106.925737, -6.100236 ], [ 106.924794, -6.101403 ], [ 106.921857, -6.10369 ], [ 106.915898, -6.099636 ], [ 106.91557, -6.09981 ], [ 106.915167, -6.10008 ], [ 106.914831, -6.10037 ], [ 106.91443, -6.100833 ], [ 106.906813, -6.101763 ], [ 106.904921, -6.09833 ], [ 106.904901, -6.09831 ], [ 106.902568, -6.096426 ], [ 106.900139, -6.095995 ], [ 106.897754, -6.0959 ], [ 106.895897, -6.095827 ], [ 106.895444, -6.096132 ], [ 106.893913, -6.098965 ], [ 106.885243, -6.100631 ], [ 106.88476, -6.100616 ], [ 106.88053, -6.100238 ], [ 106.880018, -6.100206 ], [ 106.878638, -6.101561 ], [ 106.871536, -6.105936 ], [ 106.869003, -6.10653 ], [ 106.866868, -6.107589 ], [ 106.865242, -6.108405 ], [ 106.864713, -6.108792 ], [ 106.864313, -6.10936 ], [ 106.86241, -6.112374 ], [ 106.856204, -6.115378 ], [ 106.855805, -6.115438 ], [ 106.849724, -6.118323 ], [ 106.847334, -6.118981 ], [ 106.845192, -6.11938 ], [ 106.84489, -6.119445 ], [ 106.844335, -6.119641 ], [ 106.840373, -6.121521 ], [ 106.83543, -6.121605 ], [ 106.829144, -6.118714 ], [ 106.820578, -6.116935 ], [ 106.818102, -6.115742 ], [ 106.817245, -6.115619 ], [ 106.809042, -6.116164 ], [ 106.80683, -6.110771 ], [ 106.806645, -6.109863 ], [ 106.80542, -6.10608 ], [ 106.805221, -6.105018 ], [ 106.804891, -6.101888 ], [ 106.804849, -6.101587 ], [ 106.804806, -6.101347 ], [ 106.804672, -6.100592 ], [ 106.804557, -6.099947 ], [ 106.804411, -6.099125 ], [ 106.804263, -6.098289 ], [ 106.804117, -6.097472 ], [ 106.803887, -6.096174 ], [ 106.803785, -6.095601 ], [ 106.803705, -6.095151 ], [ 106.803136, -6.094689 ], [ 106.800015, -6.096884 ], [ 106.799234, -6.098191 ], [ 106.799361, -6.098947 ], [ 106.799612, -6.100534 ], [ 106.799841, -6.101801 ], [ 106.796855, -6.109 ], [ 106.79193, -6.109899 ], [ 106.790052, -6.109798 ], [ 106.789919, -6.109792 ], [ 106.782896, -6.111219 ], [ 106.780881, -6.108071 ], [ 106.776497, -6.103987 ], [ 106.775848, -6.103423 ], [ 106.775635, -6.10334 ], [ 106.769319, -6.102662 ], [ 106.768719, -6.103061 ], [ 106.768639, -6.103116 ], [ 106.761145, -6.1047 ], [ 106.753176, -6.106158 ], [ 106.750393, -6.102516 ], [ 106.753055, -6.095984 ], [ 106.75309, -6.095854 ], [ 106.754784, -6.089825 ], [ 106.754876, -6.08903 ], [ 106.754499, -6.087994 ], [ 106.753913, -6.086154 ], [ 106.752708, -6.085527 ], [ 106.749913, -6.084192 ], [ 106.749817, -6.084165 ], [ 106.749135, -6.085 ], [ 106.740901, -6.086433 ], [ 106.739734, -6.085436 ], [ 106.73943, -6.085152 ], [ 106.737378, -6.083489 ], [ 106.736225, -6.082636 ], [ 106.735274, -6.081839 ], [ 106.734144, -6.081363 ], [ 106.727286, -6.083886 ], [ 106.725094, -6.083083 ], [ 106.722907, -6.08128 ], [ 106.721596, -6.080016 ], [ 106.720778, -6.079228 ], [ 106.719045, -6.080069 ], [ 106.718995, -6.080122 ], [ 106.711606, -6.084982 ], [ 106.706529, -6.081412 ], [ 106.706306, -6.081233 ], [ 106.704981, -6.081149 ], [ 106.70441, -6.081206 ], [ 106.696694, -6.078797 ], [ 106.694929, -6.076875 ], [ 106.694002, -6.07619 ], [ 106.692389, -6.077285 ], [ 106.692283, -6.077435 ], [ 106.691864, -6.079087 ], [ 106.690735, -6.083041 ], [ 106.690469, -6.085123 ], [ 106.69069, -6.090238 ], [ 106.687207, -6.097271 ], [ 106.678839, -6.097932 ], [ 106.67804, -6.097416 ], [ 106.677486, -6.097305 ], [ 106.67689, -6.097351 ], [ 106.676495, -6.09747 ], [ 106.674739, -6.098195 ], [ 106.672982, -6.09892 ], [ 106.674357, -6.102248 ], [ 106.676697, -6.109717 ], [ 106.676724, -6.110325 ], [ 106.67429, -6.116826 ], [ 106.669507, -6.118779 ], [ 106.668934, -6.11895 ], [ 106.661819, -6.119901 ], [ 106.660692, -6.120355 ], [ 106.660195, -6.120624 ], [ 106.659666, -6.121059 ], [ 106.657566, -6.12337 ], [ 106.655512, -6.125724 ], [ 106.655977, -6.127878 ], [ 106.655982, -6.127903 ], [ 106.656844, -6.129068 ], [ 106.658038, -6.129196 ], [ 106.658217, -6.129124 ], [ 106.658786, -6.128765 ], [ 106.659258, -6.128157 ], [ 106.659332, -6.128076 ], [ 106.662335, -6.126323 ], [ 106.662973, -6.126164 ], [ 106.663499, -6.125935 ], [ 106.667732, -6.126223 ], [ 106.668158, -6.134276 ], [ 106.667338, -6.135043 ], [ 106.665442, -6.136645 ], [ 106.66322, -6.140278 ], [ 106.662582, -6.140858 ], [ 106.662, -6.141476 ], [ 106.658866, -6.143805 ], [ 106.657136, -6.144336 ], [ 106.656874, -6.144496 ], [ 106.655261, -6.145324 ], [ 106.651947, -6.14791 ], [ 106.64548, -6.148631 ], [ 106.640476, -6.147489 ], [ 106.64047, -6.147489 ], [ 106.632544, -6.147347 ], [ 106.632232, -6.147346 ], [ 106.630746, -6.148498 ], [ 106.62491, -6.153109 ], [ 106.624839, -6.153369 ], [ 106.625648, -6.155469 ], [ 106.625374, -6.160955 ], [ 106.618552, -6.166748 ], [ 106.613694, -6.166669 ], [ 106.613684, -6.166669 ], [ 106.610648, -6.169292 ], [ 106.609123, -6.171291 ], [ 106.609126, -6.171309 ], [ 106.609477, -6.171598 ], [ 106.611802, -6.180085 ], [ 106.604764, -6.185065 ], [ 106.604712, -6.185067 ], [ 106.603996, -6.185237 ], [ 106.600439, -6.186684 ], [ 106.600116, -6.186809 ], [ 106.59997, -6.186871 ], [ 106.599464, -6.187608 ], [ 106.599451, -6.187635 ], [ 106.599768, -6.188306 ], [ 106.600676, -6.190276 ], [ 106.604364, -6.19191 ], [ 106.604489, -6.191914 ], [ 106.610443, -6.192741 ], [ 106.612573, -6.197121 ], [ 106.612576, -6.197417 ], [ 106.612576, -6.19761 ], [ 106.611843, -6.204417 ], [ 106.60712, -6.205356 ], [ 106.604883, -6.205833 ], [ 106.604841, -6.20589 ], [ 106.602065, -6.209208 ], [ 106.601993, -6.20931 ], [ 106.600632, -6.211776 ], [ 106.600578, -6.211949 ], [ 106.599779, -6.214525 ], [ 106.599769, -6.214557 ], [ 106.599756, -6.215885 ], [ 106.592728, -6.221505 ], [ 106.589665, -6.22123 ], [ 106.588623, -6.221006 ], [ 106.585282, -6.220698 ], [ 106.581942, -6.220389 ], [ 106.579298, -6.220143 ], [ 106.573583, -6.215348 ], [ 106.572088, -6.208416 ], [ 106.574549, -6.203354 ], [ 106.575017, -6.20249 ], [ 106.575839, -6.201103 ], [ 106.57589, -6.198704 ], [ 106.575881, -6.198694 ], [ 106.575222, -6.198397 ], [ 106.573644, -6.19825 ], [ 106.57341, -6.19843 ], [ 106.571815, -6.200496 ], [ 106.565293, -6.202569 ], [ 106.564867, -6.202545 ], [ 106.564675, -6.202556 ], [ 106.564211, -6.202599 ], [ 106.563492, -6.203566 ], [ 106.563468, -6.203615 ], [ 106.561922, -6.210822 ], [ 106.559208, -6.213291 ], [ 106.552403, -6.211976 ], [ 106.550815, -6.210568 ], [ 106.549108, -6.209064 ], [ 106.547904, -6.208172 ], [ 106.547059, -6.207644 ], [ 106.546086, -6.207113 ], [ 106.545118, -6.206665 ], [ 106.544341, -6.206354 ], [ 106.543119, -6.20597 ], [ 106.542236, -6.205743 ], [ 106.537903, -6.204983 ], [ 106.533463, -6.204208 ], [ 106.531256, -6.203959 ], [ 106.528988, -6.203819 ], [ 106.525658, -6.203767 ], [ 106.523789, -6.20373 ], [ 106.520393, -6.203647 ], [ 106.513927, -6.203039 ], [ 106.513422, -6.206603 ] ] ] } }
]
}
